year	title	type	venue	doi	openalex_id	oa_status	cited_by_count	corpus_status	file	merged_openalex_ids
2024	A Canary in the AI Coal Mine: American Jews May Be Disproportionately Harmed by Intellectual Property Dispossession in Large Language Model Training	conference-paper	arXiv (Cornell University)	https://doi.org/10.1145/3613904.3642749	W4393064092	gold	4	full-text	2024--canary-ai-coal-mine-american-jews-may-be.md	W4393064092
2024	Interpretable User Satisfaction Estimation for Conversational Systems with Large Language Models	conference-paper	Proceedings of the 62nd Annual Meeting of the Association for Computational Linguistics (ACL 2024)	https://doi.org/10.18653/v1/2024.acl-long.598	W4402672009	gold	15	full-text	2024--interpretable-user-satisfaction-estimation-conversational-systems-large-language.md	W4402672009;W4393027244
2023	Causal Effect Estimation under Interference on Hypergraphs	journal-article	AI Matters	https://doi.org/10.1145/3609468.3609472	W4387506157	bronze	0	full-text	2023--causal-effect-estimation-under-interference-hypergraphs.md	W4387506157
2023	Climate mitigation potentials of teleworking are sensitive to changes in lifestyle and workplace rather than ICT usage	journal-article	Proceedings of the National Academy of Sciences	https://doi.org/10.1073/pnas.2304099120	W4386824208	green	36	full-text	2023--climate-mitigation-potentials-teleworking-sensitive-changes-lifestyle-workplace.md	W4386824208
2023	Targeted Training for Multi-organization Recommendation	journal-article	ACM Transactions on Recommender Systems	https://doi.org/10.1145/3603508	W4379207446	closed	0	abstract-only	2023--targeted-training-multi-organization-recommendation.md	W4379207446
2023	The Dimensions of Data Labor: A Road Map for Researchers, Activists, and Policymakers to Empower Data Producers	conference-paper	arXiv (Cornell University)	https://doi.org/10.1145/3593013.3594070	W4377865288	gold	31	full-text	2023--dimensions-data-labor-road-map-researchers-activists-policymakers.md	W4377865288
2022	All That’s Happening behind the Scenes: Putting the Spotlight on Volunteer Moderator Labor in Reddit	conference-paper	Proceedings of the International AAAI Conference on Web and Social Media	https://doi.org/10.1609/icwsm.v16i1.19317	W4313060808	diamond	24	full-text	2022--all-thats-happening-behind-scenes-putting-spotlight-volunteer.md	W4313060808;W4281770377
2022	Behavioral Use Licensing for Responsible AI	conference-paper	2022 ACM Conference on Fairness, Accountability, and Transparency	https://doi.org/10.1145/3531146.3533143	W3101447603	hybrid	56	full-text	2022--behavioral-use-licensing-responsible-ai.md	W3101447603;W4287605871
2022	Learning Causal Effects on Hypergraphs	conference-paper	Proceedings of the 28th ACM SIGKDD Conference on Knowledge Discovery and Data Mining	https://doi.org/10.1145/3534678.3539299	W4290943920	hybrid	65	full-text	2022--learning-causal-effects-hypergraphs.md	W4290943920;W4385763773;W4285070145
2022	Measuring the Monetary Value of Online Volunteer Work	conference-paper	Proceedings of the International AAAI Conference on Web and Social Media	https://doi.org/10.1609/icwsm.v16i1.19318	W4312444981	diamond	30	full-text	2022--measuring-monetary-value-online-volunteer-work.md	W4312444981;W4281690381
2022	Misleading Tweets and Helpful Notes: Investigating Data Labor by Twitter Birdwatch Users	conference-paper	CSCW Companion	https://doi.org/10.1145/3500868.3559461	W4308426519	closed	5	full-text	2022--misleading-tweets-helpful-notes-investigating-data-labor-twitter.md	W4308426519
2021	3 Stars on Yelp, 4 Stars on Google Maps: A Cross-Platform Examination of Restaurant Ratings	journal-article	Proceedings of the ACM on Human-Computer Interaction	https://doi.org/10.1145/3432953	W3119880662	bronze	24	full-text	2021--3-stars-yelp-4-stars-google-maps.md	W3119880662
2021	A Deeper Investigation of the Importance of Wikipedia Links to Search Engine Results	journal-article	Proceedings of the ACM on Human-Computer Interaction	https://doi.org/10.1145/3449078	W3158782250	closed	36	full-text	2021--deeper-investigation-importance-wikipedia-links-search-engine-results.md	W3158782250;W3020413723
2021	Author Correction: The effects of remote work on collaboration among information workers	erratum	Nature Human Behaviour	https://doi.org/10.1038/s41562-021-01228-z	W3202524289	bronze	9	full-text	2021--author-correction-effects-remote-work-collaboration-among-information.md	W3202524289
2021	"Can ""Conscious Data Contribution"" Help Users to Exert ""Data Leverage"" Against Technology Companies?"	journal-article	Proceedings of the ACM on Human-Computer Interaction	https://doi.org/10.1145/3449177	W3157171567	closed	9	full-text	2021--can-conscious-data-contribution-help-users-exert-data.md	W3157171567
2021	Data Leverage: A Framework for Empowering the Public in its Relationship with Technology Companies	conference-paper	Conference on Fairness, Accountability and Transparency	https://doi.org/10.1145/3442188.3445885	W3135757521	closed	54	full-text	2021--data-leverage.md	W3135757521;W3116773056;W4301372785
2021	Errors in Geotargeted Display Advertising: Good News for Local Journalism?	journal-article	Proceedings of the ACM on Human-Computer Interaction	https://doi.org/10.1145/3449166	W3157125614	closed	9	full-text	2021--errors-geotargeted-display-advertising.md	W3157125614
2021	It's Time to Do Something: Mitigating the Negative Impacts of Computing Through a Change to the Peer Review Process	preprint	arXiv (Cornell University)	https://doi.org/10.48550/arxiv.2112.09544	W4226088279	green	42	full-text	2021--it-s-time-do-something-mitigating-negative-impacts.md	W4226088279
2021	Large Scale Analysis of Multitasking Behavior During Remote Meetings	conference-paper	arXiv (Cornell University)	https://doi.org/10.1145/3411764.3445243	W3123767778	green	135	full-text	2021--large-scale-analysis-multitasking-behavior-during-remote-meetings.md	W3123767778
2021	Learning to Represent Human Motives for Goal-directed Web Browsing	conference-paper	arXiv (Cornell University)	https://doi.org/10.1145/3460231.3474260	W3187795233	gold	0	full-text	2021--learning-represent-human-motives-goal-directed-web-browsing.md	W3187795233
2021	Preview of “Data and its (dis)contents: A survey of dataset development and use in machine learning research”	journal-article	Patterns	https://doi.org/10.1016/j.patter.2021.100388	W3214209592	gold	1	full-text	2021--preview-data-dis-contents-survey-dataset-development-use.md	W3214209592
2021	Responsible computing during COVID-19 and beyond	journal-article	Communications of the ACM	https://doi.org/10.1145/3466612	W3173854030	closed	2	full-text	2021--responsible-computing-during-covid-19-beyond.md	W3173854030
2021	The New Future of Work: Research from Microsoft into the Pandemic’s Impact on Work Practices	journal-article	Microsoft technical report (1st ed., 2021), eds. J. Teevan, B. Hecht, S. Jaffe		W3126823042	closed	24	full-text	2021--new-future-work-research-microsoft-into-pandemics-impact.md	W3126823042
2021	The effects of remote work on collaboration among information workers	journal-article	Nature Human Behaviour	https://doi.org/10.1038/s41562-021-01196-4	W3045635324	bronze	728	full-text	2021--effects-remote-work-collaboration-among-information-workers.md	W3045635324
2020	MapRecorder: analysing real-world usage of mobile map applications	journal-article	Behaviour and Information Technology	https://doi.org/10.1080/0144929x.2020.1714733	W3005707614	hybrid	29	full-text	2020--maprecorder-analysing-real-world-usage-mobile-map-applications.md	W3005707614
2020	Towards Better Driver Safety: Empowering Personal Navigation Technologies with Road Safety Awareness	preprint	arXiv (Cornell University)	https://doi.org/10.48550/arxiv.2006.03196	W4308538427	green	0	full-text	2020--towards-better-driver-safety-empowering-personal-navigation-technologies.md	W4308538427
2019	How Do People Change Their Technology Use in Protest?: Understanding “Protest Users”	journal-article	Proceedings of the ACM on Human-Computer Interaction	https://doi.org/10.1145/3359189	W2983116658	bronze	22	full-text	2019--how-do-people-change-their-technology-use-protest.md	W2983116658
2019	"Mapping the Potential and Pitfalls of ""Data Dividends"" as a Means of Sharing the Profits of Artificial Intelligence"	preprint	arXiv (Cornell University)	https://doi.org/10.48550/arxiv.1912.00757	W2991044776	green	2	full-text	2019--mapping-potential-pitfalls-data-dividends-means-sharing-profits.md	W2991044776;W4288022044
2019	Measuring the Importance of User-Generated Content to Search Engines	conference-paper	Proceedings of the International AAAI Conference on Web and Social Media	https://doi.org/10.1609/icwsm.v13i01.3248	W2950771458	diamond	28	full-text	2019--measuring-importance-user-generated-content-search-engines.md	W2950771458;W2954455099
2019	Teaching UI Design at Global Scales: A Case Study of the Design of Collaborative Capstone Projects for MOOCs	conference-paper	Rare & Special e-Zone (The Hong Kong University of Science and Technology)	https://doi.org/10.1145/3330430.3333635	W2966127803	closed	3	abstract-only	2019--teaching-ui-design-global-scales.md	W2966127803
2019	The Gendered Geography of Contributions to OpenStreetMap: Complexities in Self-Focus Bias	conference-paper	Proceedings of the 37th Annual ACM Conference on Human Factors in Computing Systems (CHI 2019)	https://doi.org/10.1145/3290605.3300793	W2940487725	closed	33	full-text	2019--gendered-geography-contributions-openstreetmap.md	W2940487725
2019	Toward Universal Spatialization Through Wikipedia-Based Semantic Enhancement	journal-article	ACM Transactions on Interactive Intelligent Systems	https://doi.org/10.1145/3213769	W2938084301	bronze	3	full-text	2019--toward-universal-spatialization-through-wikipedia-based-semantic-enhancement.md	W2938084301
2019	“Data Strikes”: Evaluating the Effectiveness of a New Form of Collective Action Against Technology Companies	conference-paper	The Web Conference	https://doi.org/10.1145/3308558.3313742	W2945417260	gold	28	full-text	2019--data-strikes-evaluating-effectiveness-new-form-collective-action.md	W2945417260
2018	Defining and Predicting the Localness of Volunteered Geographic Information using Ground Truth Data	conference-paper	International Conference on Human Factors in Computing Systems	https://doi.org/10.1145/3173574.3173839	W2796285026	closed	21	full-text	2018--defining-predicting-localness-volunteered-geographic-information-using-ground.md	W2796285026
2018	Distance and Attraction: Gravity Models for Geographic Content Production	conference-paper	Proceedings of the 36th Annual ACM Conference on Human Factors in Computing Systems (CHI 2018)	https://doi.org/10.1145/3173574.3173722	W2795815194	gold	15	full-text	2018--distance-attraction.md	W2795815194
2018	Examining Wikipedia With a Broader Lens: Quantifying the Value of Wikipedia’s Relationships with Other Large-Scale Online Communities	conference-paper	Proceedings of the 36th Annual ACM Conference on Human Factors in Computing Systems (CHI 2018)	https://doi.org/10.1145/3173574.3174140	W2795582800	closed	47	full-text	2018--examining-wikipedia-broader-lens.md	W2795582800
2018	"Exploring the Relationship Between ""Informal Standards"" and Contributor Practice in OpenStreetMap"	conference-paper	International Symposium on Open Collaboration	https://doi.org/10.1145/3233391.3233962	W2884264837	closed	4	abstract-only	2018--exploring-relationship-between-informal-standards-contributor-practice-openstreetmap.md	W2884264837
2018	Navigating the Challenges of Multi-Site Research	conference-paper	CSCW Companion	https://doi.org/10.1145/3272973.3273014	W2899272307	closed	3	abstract-only	2018--navigating-challenges-multi-site-research.md	W2899272307
2018	Oh The Places You'll Share: An Affordances-Based Model of Social Media Posting Behaviors	conference-paper	CHI Extended Abstracts	https://doi.org/10.1145/3170427.3188601	W2798775760	closed	3	abstract-only	2018--oh-places-you-ll-share.md	W2798775760
2018	Out of Site: Empowering a New Approach to Online Boycotts	journal-article	Proceedings of the ACM on Human-Computer Interaction	https://doi.org/10.1145/3274375	W2899156205	green	18	full-text	2018--out-site.md	W2899156205
2018	The_Tower_of_Babel.jpg: Diversity of Visual Encyclopedic Knowledge Across Wikipedia Language Editions	conference-paper	Proceedings of the International AAAI Conference on Web and Social Media	https://doi.org/10.1609/icwsm.v12i1.15037	W2811417394	diamond	1	full-text	2018--tower-babel-jpg-diversity-visual-encyclopedic-knowledge-across.md	W2811417394
2018	VizByWiki: Mining Data Visualizations from the Web to Enrich News Articles	conference-paper	Proceedings of the 27th World Wide Web Conference (WWW 2018)	https://doi.org/10.1145/3178876.3186135	W2788596952	gold	23	full-text	2018--vizbywiki.md	W2788596952
2018	What I See Is What You Don't Get: Effects of Seeing Emoji Rendering Differences Across Platforms	journal-article	Proceedings of the ACM on Human-Computer Interaction	https://doi.org/10.1145/3274393	W2899302594	bronze	23	full-text	2018--what-i-see-what-you-don-t-get.md	W2899302594
2018	Women (Still) Ask For Less: Gender Differences in Wage-Setting and Occupation in an Online Labor Marketplace	journal-article	Proceedings of the ACM on Human-Computer Interaction	https://doi.org/10.1145/3274322	W2899073162	bronze	76	full-text	2018--women-still-ask-less.md	W2899073162
2018	enwiki.revisions_with_coords.201510-201610.csv	dataset	Figshare	https://doi.org/10.6084/m9.figshare.5764626	W4394388426	green	0	not-collected (non-scholarly record type)		
2017	Beautiful…but at What Cost? An Examination of Externalities in Geographic Vehicle Routing	journal-article	Proceedings of the ACM on Interactive Mobile Wearable and Ubiquitous Technologies	https://doi.org/10.1145/3090080	W2731035550	hybrid	38	full-text	2017--beautiful-but-what-cost.md	W2731035550
2017	Bespoke map customization behavior and its implications for the design of multimedia cartographic tools	conference-paper	VUBIR (Vrije Universiteit Brussel)	https://doi.org/10.1145/3152832.3152833	W2771758707	closed	7	abstract-only	2017--bespoke-map-customization-behavior-implications-design-multimedia-cartographic.md	W2771758707;W4299659297
2017	Cartograph: Unlocking Spatial Visualization Through Semantic Enhancement	conference-paper	Proceedings of the 22nd International Conference on Intelligent User Interfaces (IUI 2017)	https://doi.org/10.1145/3025171.3025233	W2591951351	closed	27	full-text	2017--cartograph.md	W2591951351
2017	Freedom versus Standardization: Structured Data Generation in a Peer Production Community	conference-paper	International Conference on Human Factors in Computing Systems	https://doi.org/10.1145/3025453.3025940	W2611231087	closed	13	full-text	2017--freedom-versus-standardization.md	W2611231087
2017	Geographic Biases are 'Born, not Made': Exploring Contributors' Spatiotemporal Behavior in OpenStreetMap	conference-paper	Group	https://doi.org/10.1145/3148330.3148350	W2779511435	closed	37	full-text	2017--geographic-biases-born-not-made.md	W2779511435
2017	Pharos: Improving Navigation Instructions on Smartwatches by Including Global Landmarks	conference-paper	arXiv (Cornell University)	https://doi.org/10.1145/3098279.3098529	W2753140742	gold	17	full-text	2017--pharos.md	W2753140742
2017	Problematizing and Addressing the Article-as-Concept Assumption in Wikipedia	conference-paper	Figshare	https://doi.org/10.1145/2998181.2998274	W2587972260	green	14	full-text	2017--problematizing-addressing-article-concept-assumption-wikipedia.md	W2587972260
2017	Simulation Experiments on (the Absence of) Ratings Bias in Reputation Systems	journal-article	Proceedings of the ACM on Human-Computer Interaction	https://doi.org/10.1145/3134736	W2772178154	closed	26	full-text	2017--simulation-experiments-absence-ratings-bias-reputation-systems.md	W2772178154
2017	The 2016 U.S. Election and HCI: Towards a Research Agenda	conference-paper	CHI Extended Abstracts	https://doi.org/10.1145/3027063.3051140	W2610986540	closed	11	full-text	2017--2016-us-election-hci.md	W2610986540
2017	"The Effect of Population and ""Structural"" Biases on Social Media-based Algorithms"	conference-paper	International Conference on Human Factors in Computing Systems	https://doi.org/10.1145/3025453.3026015	W2610685155	gold	60	full-text	2017--effect-population-structural-biases-social-media-based-algorithms.md	W2610685155;W2890843257
2017	The Geography of Pokémon GO: Beneficial and Problematic Effects on Places and Movement	conference-paper	Proceedings of the 35th Annual ACM Conference on Human Factors in Computing Systems (CHI 2017)	https://doi.org/10.1145/3025453.3025495	W4288404112	closed	153	full-text	2017--geography-pokemon-go.md	W4288404112;W2611339103
2017	The Sharing Economy in Computing: A Systematic Literature Review	journal-article	Proceedings of the ACM on Human-Computer Interaction	https://doi.org/10.1145/3134673	W2771827553	closed	132	full-text	2017--sharing-economy-computing.md	W2771827553
2017	The Substantial Interdependence of Wikipedia and Google: A Case Study on the Relationship Between Peer Production Communities and Information Technologies	conference-paper	Proceedings of the International AAAI Conference on Web and Social Media	https://doi.org/10.1609/icwsm.v11i1.14883	W2620867994	diamond	97	full-text	2017--substantial-interdependence-wikipedia-google-case-study-relationship-between.md	W2620867994
2017	Toward a Geographic Understanding of the Sharing Economy: Systemic Biases in UberX and TaskRabbit	journal-article	ACM Transactions on Computer-Human Interaction	https://doi.org/10.1145/3058499	W2608512207	bronze	99	full-text	2017--toward-geographic-understanding-sharing-economy.md	W2608512207
2017	"Understanding ""Death by GPS"": A Systematic Study of Catastrophic Incidents Associated with Personal Navigation Technologies"	conference-paper	International Conference on Human Factors in Computing Systems	https://doi.org/10.1145/3025453.3025737	W2611013903	gold	39	full-text	2017--understanding-death-gps.md	W2611013903;W2890788551
2017	Understanding Emoji Ambiguity in Context: The Role of Text in Emoji-Related Miscommunication	conference-paper	Proceedings of the International AAAI Conference on Web and Social Media	https://doi.org/10.1609/icwsm.v11i1.14901	W2621037547	diamond	156	full-text	2017--understanding-emoji-ambiguity-context-role-text-emoji-related.md	W2621037547
2016	Helping Computers Understand Geographically-Bound Activity Restrictions	conference-paper	arXiv (Cornell University)	https://doi.org/10.1145/2858036.2858053	W2302162726	green	4	full-text	2016--helping-computers-understand-geographically-bound-activity-restrictions.md	W2302162726
2016	Not at Home on the Range: Peer Production and the Urban/Rural Divide	conference-paper	arXiv (Cornell University)	https://doi.org/10.1145/2858036.2858123	W2300579104	gold	74	full-text	2016--not-home-range.md	W2300579104;W3098282029
2016	ScrollingHome: Bringing Image-based Indoor Navigation to Smartwatches	conference-paper	Document Server@UHasselt (UHasselt)	https://doi.org/10.1145/2935334.2935373	W2514188633	closed	8	full-text	2016--scrollinghome.md	W2514188633
2016	The Geography and Importance of Localness in Geotagged Social Media	conference-paper	Document Server@UHasselt (UHasselt)	https://doi.org/10.1145/2858036.2858122	W2297902541	gold	67	full-text	2016--geography-importance-localness-geotagged-social-media.md	W2297902541
2016	“Blissfully Happy” or “Ready toFight”: Varying Interpretations of Emoji	conference-paper	Proceedings of the International AAAI Conference on Web and Social Media	https://doi.org/10.1609/icwsm.v10i1.14757	W2574189006	diamond	131	full-text	2016--blissfully-happy-ready-tofight-varying-interpretations-emoji.md	W2574189006;W2582345297
2015	"""Where far can be close"": Finding distant neighbors in recommender systems"	journal-article	RecSys 2015 workshop		W2405054708	closed	5	abstract-only	2015--where-far-can-be-close-finding-distant-neighbors.md	W2405054708
2015	A User Interface for Encoding Space Usage Rules Expressed in Natural Language	conference-paper	Document Server@UHasselt (UHasselt)	https://doi.org/10.1145/2702613.2732737	W1991087851	closed	4	full-text	2015--user-interface-encoding-space-usage-rules-expressed-natural.md	W1991087851;W2617608900
2015	Avoiding the South Side and the Suburbs: The Geography of Mobile Crowdsourcing Markets	conference-paper	Proceedings of CSCW 2015	https://doi.org/10.1145/2675133.2675278	W2104887187	closed	122	full-text	2015--avoiding-south-side-suburbs.md	W2104887187
2015	Barriers to the Localness of Volunteered Geographic Information	conference-paper	International Conference on Human Factors in Computing Systems	https://doi.org/10.1145/2702123.2702170	W2170196621	closed	39	full-text	2015--barriers-localness-volunteered-geographic-information.md	W2170196621
2015	From Automatic Sign Detection To Space Usage Rules Mining For Autonomous Driving	conference-paper	Document Server@UHasselt (UHasselt)		W2468118343	closed	3	full-text	2015--automatic-sign-detection-space-usage-rules-mining-autonomous.md	W2468118343
2015	How Local is User-Generated Content? A 9,000+ Word Essay on Answering a Seemingly Simple Research Question	journal-article	Digital Research Confidential: The Secrets of Studying Behavior Online (E. Hargittai and C. Sandvig, eds.), MIT Press		W2766659815	closed	0	metadata-only	2015--how-local-user-generated-content-9-000-word.md	W2766659815;W4253391845
2015	Misalignment Between Supply and Demand of Quality Content in Peer Production Communities	conference-paper	Proceedings of the International AAAI Conference on Web and Social Media	https://doi.org/10.1609/icwsm.v9i1.14631	W2394773035	diamond	38	full-text	2015--misalignment-between-supply-demand-quality-content-peer-production.md	W2394773035
2015	Session details: Interactive &amp; Multi-Surface Maps	paratext		https://doi.org/10.1145/3251768	W2911615569	closed	0	not-collected (non-scholarly record type)		
2015	StripeMaps: Improving Map-based Pedestrian Navigation for Smartwatches	conference-paper	Document Server@UHasselt (UHasselt)	https://doi.org/10.1145/2785830.2785862	W2024178289	closed	54	full-text	2015--stripemaps.md	W2024178289
2015	The Success and Failure of Quality Improvement Projects in Peer Production Communities	conference-paper	Conference on Computer Supported Cooperative Work	https://doi.org/10.1145/2675133.2675241	W1989304522	closed	51	full-text	2015--success-failure-quality-improvement-projects-peer-production-communities.md	W1989304522
2015	Towards domain-specific semantic relatedness: a case study from geography	conference-paper	International Conference on Artificial Intelligence		W2402163650	closed	1	full-text	2015--towards-domain-specific-semantic-relatedness-case-study-geography.md	W2402163650
2015	"Turkers, Scholars, ""Arafat"" and ""Peace"": Cultural Communities and Algorithmic Gold Standards"	conference-paper	Proceedings of CSCW 2015	https://doi.org/10.1145/2675133.2675285	W1994322930	closed	45	full-text	2015--turkers-scholars-arafat-peace.md	W1994322930
2015	You Can't Smoke Here: Towards Support for Space Usage Rules in Location-aware Technologies	conference-paper	Document Server@UHasselt (UHasselt)	https://doi.org/10.1145/2702123.2702269	W2086654188	closed	8	full-text	2015--you-can-t-smoke-here.md	W2086654188
2014	A Tale of Cities: Urban Biases in Volunteered Geographic Information	conference-paper	Proceedings of the International AAAI Conference on Web and Social Media	https://doi.org/10.1609/icwsm.v8i1.14554	W285374334	diamond	218	full-text	2014--tale-cities-urban-biases-volunteered-geographic-information.md	W285374334;W2189451315
2014	A crash course in modern geography for HCI researchers and practitioners	conference-paper	CHI Extended Abstracts	https://doi.org/10.1145/2559206.2567824	W1969348565	closed	1	abstract-only	2014--crash-course-modern-geography-hci-researchers-practitioners.md	W1969348565
2014	CTS 2014 panel sessions	conference-paper	International Conference on Collaboration Technologies and Systems	https://doi.org/10.1109/cts.2014.6867528	W2047141009	gold	0	full-text	2014--cts-2014-panel-sessions.md	W2047141009
2014	Designing Better Location Fields in User Profiles	conference-paper	Group	https://doi.org/10.1145/2660398.2660424	W2053413628	closed	5	full-text	2014--designing-better-location-fields-user-profiles.md	W2053413628
2014	Informing online and mobile map design with the collective wisdom of cartographers	conference-paper	Document Server@UHasselt (UHasselt)	https://doi.org/10.1145/2598510.2598543	W2030040589	closed	20	full-text	2014--informing-online-mobile-map-design-collective-wisdom-cartographers.md	W2030040589
2014	Leveraging advances in natural language processing to better understand Tobler's first law of geography	conference-paper	SIGSPATIAL/GIS	https://doi.org/10.1145/2666310.2666493	W2099611418	closed	15	full-text	2014--leveraging-advances-natural-language-processing-better-understand-tobler.md	W2099611418
2014	NewsViews: An Automated Pipeline for Creating Custom Geovisualizations for News	conference-paper	Proceedings of CHI 2014	https://doi.org/10.1145/2556288.2557228	W1990809386	closed	81	full-text	2014--newsviews.md	W1990809386
2014	SubwayPS: Towards Enabling Smartphone Positioning in Underground Public Transportation Systems	conference-paper	arXiv (Cornell University)	https://doi.org/10.1145/2666310.2666396	W2094850518	green	32	full-text	2014--subwayps.md	W2094850518
2014	To Search or to Ask: The Routing of Information Needs Between Traditional Search Engines and Social Networks	conference-paper	Proceedings of CSCW 2014	https://doi.org/10.1145/2531602.2531706	W2144501137	closed	61	full-text	2014--search-ask.md	W2144501137
2014	WikiBrain: Democratizing computation on Wikipedia	conference-paper	Proceedings of the 10th International Symposium on Open Collaboration (OpenSym / WikiSym 2014)	https://doi.org/10.1145/2641580.2641615	W2072390746	closed	30	full-text	2014--wikibrain.md	W2072390746
2014	WikiBrain: Making Computer Programs Smarter with Knowledge from Wikipedia	report	University of Minnesota Digital Conservancy (University of Minnesota)		W1444703178	green	1	full-text	2014--wikibrain-making-computer-programs-smarter-knowledge-wikipedia.md	W1444703178
2013	Geographic human-computer interaction	conference-paper	CHI Extended Abstracts	https://doi.org/10.1145/2468356.2479637	W4243087813	closed	16	full-text	2013--geographic-human-computer-interaction-2.md	W4243087813
2013	Social media question asking workshop	conference-paper	Conference on Computer Supported Cooperative Work	https://doi.org/10.1145/2441955.2442027	W2158054167	closed	5	full-text	2013--social-media-question-asking-workshop.md	W2158054167
2013	The mining and application of diverse cultural perspectives in user-generated content	thesis	Ph.D. dissertation, Northwestern University (Best Dissertation Award, Dept. of Electrical Engineering and Computer Science)		W2252721148	closed	12	full-text	2013--mining-application-diverse-cultural-perspectives-user-generated-content.md	W2252721148
2012	Explanatory semantic relatedness and explicit spatialization for exploratory search	conference-paper	Document Server@UHasselt (UHasselt)	https://doi.org/10.1145/2348283.2348341	W2051112590	green	45	full-text	2012--explanatory-semantic-relatedness-explicit-spatialization-exploratory-search.md	W2051112590
2012	Omnipedia: Bridging the Wikipedia Language Gap	conference-paper	Proceedings of CHI 2012	https://doi.org/10.1145/2207676.2208553	W2058236194	closed	100	full-text	2012--omnipedia.md	W2058236194
2012	SearchBuddies: Bringing Search Engines into the Conversation	conference-paper	Proceedings of the International AAAI Conference on Web and Social Media	https://doi.org/10.1609/icwsm.v6i1.14269	W1576032514	diamond	66	full-text	2012--searchbuddies-bringing-search-engines-into-conversation.md	W1576032514
2011	A Beginner's Guide to Geographic Virtual Communities Research	book-chapter	IGI Global eBooks	https://doi.org/10.4018/978-1-60960-040-2.ch019	W2506240196	closed	9	full-text	2011--beginners-guide-geographic-virtual-communities-research.md	W2506240196;W4241589068
2011	Falling Asleep with Angry Birds, Facebook and Kindle – A Large Scale Study on Mobile Application Usage	conference-paper	Proceedings of MobileHCI 2011 , pp. 47-56	https://doi.org/10.1145/2037373.2037383	W2124555616	closed	612	full-text	2011--falling-asleep-angry-birds-facebook-kindle.md	W2124555616
2011	Geographic human-computer interaction	conference-paper	Document Server@UHasselt (UHasselt)	https://doi.org/10.1145/1979742.1979532	W2117184327	green	39	full-text	2011--geographic-human-computer-interaction.md	W2117184327
2011	"Tweets from Justin Bieber's Heart: The Dynamics of the ""Location"" Field in User Profiles"	conference-paper	International Conference on Human Factors in Computing Systems	https://doi.org/10.1145/1978942.1978976	W2151378814	closed	472	full-text	2011--tweets-justin-bieber-s-heart.md	W2151378814
2010	"On the ""localness"" of user-generated content"	conference-paper	Conference on Computer Supported Cooperative Work	https://doi.org/10.1145/1718918.1718962	W2114887779	closed	312	full-text	2010--localness-user-generated-content.md	W2114887779
2010	The Tower of Babel Meets Web 2.0: User-Generated Content and Its Applications in a Multilingual Context	conference-paper	arXiv (Cornell University)	https://doi.org/10.1145/1753326.1753370	W2119188105	green	159	full-text	2010--tower-babel-meets-web-2-0.md	W2119188105;W3103151093
2009	Measuring self-focus bias in community-maintained knowledge repositories	conference-paper	International Conference on Communities and Technologies	https://doi.org/10.1145/1556460.1556463	W2094064503	closed	103	full-text	2009--measuring-self-focus-bias-community-maintained-knowledge-repositories.md	W2094064503
2009	Terabytes of Tobler: Evaluating the First Law in a Massive, Domain-Neutral Representation of World Knowledge	conference-paper	Lecture notes in computer science	https://doi.org/10.1007/978-3-642-03832-7_6	W97946500	closed	54	full-text	2009--terabytes-tobler-evaluating-first-law-massive-domain-neutral.md	W97946500
2008	Evaluating automatically generated location-based stories for tourists	conference-paper	CHI Extended Abstracts	https://doi.org/10.1145/1358628.1358787	W2060586728	closed	39	full-text	2008--evaluating-automatically-generated-location-based-stories-tourists.md	W2060586728
2008	GeoSR: Geographically Explore Semantic Relations in World Knowledge	book-chapter	Lecture notes in geoinformation and cartography	https://doi.org/10.1007/978-3-540-78946-8_6	W1549343721	closed	36	full-text	2008--geosr-geographically-explore-semantic-relations-world-knowledge.md	W1549343721
2008	Improving interaction with virtual globes through spatial thinking	conference-paper	arXiv (Cornell University)	https://doi.org/10.1145/1378773.1378790	W2151887468	green	39	full-text	2008--improving-interaction-virtual-globes-through-spatial-thinking.md	W2151887468
2007	Generating Educational Tourism Narratives from Wikipedia	journal-article	National Conference on Artificial Intelligence		W2604385863	closed	15	full-text	2007--generating-educational-tourism-narratives-wikipedia.md	W2604385863
2007	Towards Real-Time Markerless Tracking of Magic Lenses on Paper Maps	journal-article	International Conference on Pervasive Computing		W2618228971	closed	38	full-text	2007--towards-real-time-markerless-tracking-magic-lenses-paper.md	W2618228971
2007	WikEar: Automatically Generated Location-Based Audio Stories between Public City Maps	journal-article	Ubiquitous Computing		W2617812837	closed	12	full-text	2007--wikear-automatically-generated-location-based-audio-stories-between.md	W2617812837
2007	Wikeye - Using Magic Lenses to Explore Georeferenced Wikipedia Content	journal-article	Macalester College Geography Honors Projects (undergraduate honors thesis)		W2743744561	closed	30	full-text	2007--wikeye-using-magic-lenses-explore-georeferenced-wikipedia-content.md	W2743744561
2005	Mapalester:Powerful, East-to-Use GIS Software Under Development	journal-article	DigitalCommons-Macalester (Macalester College)		W30104137	green	0	full-text	2005--mapalester-powerful-east-use-gis-software-under-development.md	W30104137
