openalex_id	year	date	type	doi	title	cited_by	is_oa	note
W4411653519	2025	2025-06-24	other	10.59347/5ehqx-91420	AI Like It's 1930	0	yes	
W4414674061	2025	2025-06-24	other	10.59350/68v02-gx218	AI Like It's 1930	0	yes	
W4414673658	2025	2025-06-24	other	10.59347/68v02-gx218	AI Like It's 1930	0	yes	
W4409075358	2025	2025-04-02	other	10.59347/w366z-egx85	Bots Behaving Badly	0	yes	
W4414673693	2025	2025-04-02	other	10.59347/tnkpj-ta894	Bots Behaving Badly	0	yes	
W4414674114	2025	2025-03-05	other	10.59347/mhdbs-6ry43	Comments on Proposed POSI 2.0 Revisions	0	yes	
W4408938687	2025	2025-03-05	other	10.59347/tph3y-tkf88	Comments on Proposed POSI 2.0 Revisions	0	yes	
W7169816196	2025	2025-06-09	other	10.59347/6t3xv-mnk56	Epistemic Slot Machines	0	yes	
W7169774335	2025	2025-06-09	other	10.59347/yhfxe-s4533	Epistemic Slot Machines	0	yes	
W4414673422	2025	2025-01-25	other	10.59347/qs9v1-ams15	The Developer Experience in Early 2025	0	yes	
W4406786963	2025	2025-01-24	other	10.59347/8nwg7-hbh15	The Developer Experience in Early 2025	0	yes	
W4408938711	2025	2025-03-28	other	10.59347/shh81-rbh77	Tomorrow's ScholComm Headlines: Predictions from 2023	0	yes	
W4414673460	2025	2025-03-28	other	10.59347/3qpwr-c1g54	Tomorrow's ScholComm Headlines: Predictions from 2023	0	yes	
W4414673428	2024	2024-12-02	other	10.59347/rhz9b-hn196	1000 days since Crossref updated its POSI self-assesment	0	yes	
W4406741411	2024	2024-12-02	other	10.59347/89nnz-6mt57	1000 days since Crossref updated its POSI self-assesment	0	yes	
W4414674028	2024	2024-12-18	other	10.59350/myen0-1a543	Crossref updates its POSI self-assessment after 1,005 days	0	yes	
W4411580653	2024	2024-12-18	other	10.59347/e45hs-ret02	Crossref updates its POSI self-assessment after 1,005 days	0	yes	
W4396776212	2024	2024-05-09	other	10.5555/pwxgmblvtp	Martin Paul Eve is joining our R&D group as a Principal Developer	0	yes	
W4414673687	2024	2024-07-01	other	10.59347/fdst4-hd537	On AI	0	yes	
W4406741492	2024	2024-07-01	other	10.59347/zrdrv-2t618	On AI	0	yes	
W7163360722	2024	2024-08-12	other	10.59347/n9daq-5t353	The Principles of Fauxpen Scholarly Infrastructure	0	yes	
W7163380278	2024	2024-08-12	other	10.59347/yrmrg-wd464	The Principles of Fauxpen Scholarly Infrastructure	0	yes	
W4387058587	2023	2023-09-26	data-paper	10.1038/s41597-023-02491-7	Journal Production Guidance for Software and Data Citations	23	yes	
W4414613021	2023	2023-09-12	other	10.64000/qr0zr-g5s49	News: Crossref and Retraction Watch	2	yes	
W4410343573	2023	2023-09-12	other	10.64000/1zd30-7d912	News: Crossref and Retraction Watch	0	yes	
W4410343352	2023	2023-03-23	other	10.64000/jm91m-n6b85	Start citing data now. Not later	0	yes	
W4410342741	2022	2022-06-10	other	10.64000/vjvm5-x6r44	Announcing our new Head of Strategic Initiatives: Dominika Tkaczyk	0	yes	
W4414612074	2022	2022-06-10	other	10.64000/ygk60-xvk20	Announcing our new Head of Strategic Initiatives: Dominika Tkaczyk	0	yes	
W4313394573	2022	2022-12-31	preprint	10.22541/essoar.167252601.17695321/v1	Journal Production Guidance for Software and Data Citations	4	yes	
W4414612031	2022	2022-08-26	other	10.64000/4h75y-12x66	Martin Paul Eve is joining our R&amp;D group as a Principal Developer	0	yes	
W4410341091	2022	2022-08-26	other	10.64000/y0amd-9nw66	Martin Paul Eve is joining our R&amp;D group as a Principal Developer	0	yes	
W4410340840	2022	2022-03-24	other	10.64000/q39ba-n3564	Outage of March 24, 2022	0	yes	
W4414612033	2022	2022-03-24	other	10.64000/j4x19-29e96	Outage of March 24, 2022	0	yes	
W4414612120	2022	2022-03-08	other	10.59350/5s4tz-wn420	POSI fan tutte	0	yes	
W4409133086	2022	2022-03-08	other	10.64000/1a8fc-3jq97	POSI fan tutte	0	yes	
W3214345812	2021	2021-11-09	report	10.13003/s0slxfq	Crossref Annual Meeting LIVE21	0	yes	
W3214196585	2021	2021-11-09	report	10.13003/ywefp4zm	Crossref Annual Meeting LIVE21 presentation	0	yes	
W4414612001	2021	2021-10-06	other	10.64000/33j3y-4xz86	Outage of October 6, 2021	0	yes	
W4410340373	2021	2021-10-06	other	10.64000/e3xe5-wae58	Outage of October 6, 2021	0	yes	
W4414611799	2021	2021-03-08	other	10.64000/5625p-prs74	Stepping up our deposit processing game	0	yes	
W4410340237	2021	2021-03-08	other	10.64000/q0hh2-5cj06	Stepping up our deposit processing game	0	yes	
W4414611946	2021	2021-06-07	other	10.64000/qt7rs-f2113	Time to put the "R" back in "R&amp;D"	0	yes	
W4410340231	2021	2021-06-07	other	10.64000/21qxf-gk42	Time to put the "R" back in "R&amp;D"	0	yes	
W4414612115	2021	2021-10-27	other	10.64000/8hjhv-n8p68	Update on the outage of October 6, 2021	0	yes	
W4410340816	2021	2021-10-27	other	10.64000/sen6x-c2c16	Update on the outage of October 6, 2021	0	yes	
W4409133178	2020	2020-12-02	other	10.64000/hzemx-j7n79	Crossref's Board votes to adopt the Principles of Open Scholarly Infrastructure	6	yes	
W4414611952	2020	2020-12-02	other	10.59350/maqge-he932	Crossref's Board votes to adopt the Principles of Open Scholarly Infrastructure	0	yes	
W4410339419	2020	2020-04-16	other	10.64000/2dkpt-h4159	Helping researchers identify content they can text mine	0	yes	
W4414612152	2020	2020-04-16	other	10.64000/n8f59-8b073	Helping researchers identify content they can text mine	0	yes	
W3042817354	2020	2020-06-20	article	10.1093/arclin/acaa046	Inter Organizational Practice Committee Recommendations/Guidance for Teleneuropsychology in Response to the COVID-19 Pandemic†	123	yes	other-person?
W3042929402	2020	2020-07-16	article	10.1080/13854046.2020.1767214	InterOrganizational practice committee recommendations/guidance for teleneuropsychology (TeleNP) in response to the COVID-19 pandemic	123	yes	other-person?
W3214709212	2020	2020-01-01	article		Recomendaciones y orientaciones del comité inter-organizacional de práctica para la teleneuropsicología (TeleNP) en respuesta a la pandemia COVID-19	0	no	other-person?
W7110970177	2020	2020-01-01	article	10.14454/j13a-7r23	The Principles of Open Scholarly Infrastructure v1.1	0	yes	
W4414612103	2019	2019-10-04	other	10.64000/81vh8-a0968	Accidental release of internal passwords, &amp; API tokens for the Crossref system	0	yes	
W4410339044	2019	2019-10-04	other	10.64000/8nfc6-jze16	Accidental release of internal passwords, &amp; API tokens for the Crossref system	0	yes	
W4414611929	2019	2019-02-05	other	10.64000/07erk-1fe88	Underreporting of matched references in Crossref metadata	0	yes	
W4410338888	2019	2019-02-05	other	10.64000/esvws-a7b66	Underreporting of matched references in Crossref metadata	0	yes	
W2791353415	2018	2018-03-14	article	10.23640/07243.5984974.v1	Committee: ORCID Privacy Committee	0	yes	
W4414611874	2018	2018-04-24	other	10.64000/d42r8-p0y78	Redirecting redirection	0	yes	
W4410337832	2018	2018-04-24	other	10.64000/nyrp9-pak70	Redirecting redirection	0	yes	
W4410338221	2018	2018-07-02	other	10.64000/fcv4b-h5q84	Status, I am new	0	yes	
W2796457527	2018	2018-01-01	other	10.6084/m9.figshare.5914312.v1	The bollockschain and other PID hallucinations	0	yes	
W2740730686	2017	2017-06-20	article	10.23640/07243.5131780.v1	Cross-border Collaboration for Scholarship	0	yes	
W4410337423	2017	2017-12-13	other	10.64000/5cfh1-1wa10	Global Persistent Identifiers for grants, awards, and facilities	1	yes	
W4414611730	2017	2017-12-13	other	10.64000/b9kbd-qrh24	Global Persistent Identifiers for grants, awards, and facilities	0	yes	
W2948689943	2017	2017-08-02	article		Identifier: A Link Relation to Convey a Preferred URI for Referencing	0	no	
W4410336674	2017	2017-01-17	other	10.64000/6xkdj-gzr09	Linking DOIs using HTTPs: the background to our new guidelines	0	yes	
W2754228525	2017	2017-09-13	article	10.23640/07243.5402047.v1	ORG ID WG Product Principles and Recommendations	0	yes	
W2952240703	2017	2017-05-02	article	10.12688/f1000research.11408.1	On the origin of nonequivalent states: How we can talk about preprints	17	yes	
W2728907264	2017	2017-06-30	article	10.23640/07243.5161273.v1	Recommendations of the ORCID Multiple Assertions Working Group	0	yes	
W4410336440	2017	2017-02-15	other	10.64000/skv7b-cef25	Taking the "con" out of conferences	0	yes	
W4410336627	2016	2016-03-01	other	10.64000/ph946-t8093	Community responses to our proposal for early content registration	2	yes	
W4414611432	2016	2016-03-01	other	10.64000/qkxeh-0gy33	Community responses to our proposal for early content registration	0	yes	
W4410336122	2016	2016-06-29	other	10.64000/8mj8h-2t809	DOI-like strings and fake DOIs	0	yes	
W4410336134	2016	2016-06-17	other	10.64000/2716c-59p23	Distributing references via Crossref	1	yes	
W2474807359	2016	2016-04-22	article	10.13021/g88k5v	Evolving Open Solutions (1)	0	yes	
W4414611369	2016	2016-05-05	other	10.64000/e6pny-acg72	Members will soon be able to assign Crossref DOIs to preprints	0	yes	
W4410337134	2016	2016-05-05	other	10.64000/y9bqz-kpp50	Members will soon be able to assign Crossref DOIs to preprints	0	yes	
W2562423333	2016	2016-12-09	preprint	10.1101/092817	On the origin of nonequivalent states: how we can talk about preprints	2	yes	
W4394267343	2016	2016-01-01	dataset	10.6084/m9.figshare.3479141	Organisation Identifiers - Minimum viable product requirements	3	yes	
W2489559333	2016	2016-01-01	dataset	10.6084/m9.figshare.3479141.v1	Organisation Identifiers - Minimum viable product requirements	2	yes	
W4229485981	2016	2016-04-19	article	10.13021/g8bg6t	Report from the Evolving Open Solutions (1) Workgroup	0	yes	
W2306739919	2016	2016-03-09	article	10.13021/g8vs3f	Report from the Evolving Open Solutions (1) Workgroup	0	yes	
W4392267215	2016	2016-01-28	other	10.59350/yk7qt-95j90	Where are the pipes? Building Foundational Infrastructures for Future Services	3	yes	
W4417113351	2016	2016-01-28	other	10.59350/pshkk-fy712	Where are the pipes? Building Foundational Infrastructures for Future Services	0	yes	
W4392324124	2015	2015-04-15	other	10.59350/9qak6-szt77	Community Support for ORCID – Who's next to the plate?	0	yes	
W7109948558	2015	2015-04-15	other	10.59350/6mwz9-pqx22	Community Support for ORCID – Who's next to the plate?	0	yes	
W4414611571	2015	2015-03-02	other	10.64000/zp1sp-w1d60	Crossref's DOI Event Tracker Pilot	0	yes	
W4410335751	2015	2015-03-02	other	10.64000/pehk0-2ap79	Crossref's DOI Event Tracker Pilot	0	yes	
W2279414211	2015	2015-10-04	other	10.5281/zenodo.31780	Doi Myths... Busted	1	yes	
W4414611578	2015	2015-03-17	other	10.64000/63460-w3814	January 2015 DOI Outage: Followup Report	0	yes	
W4410335826	2015	2015-03-17	other	10.64000/2r4ez-tvt15	January 2015 DOI Outage: Followup Report	0	yes	
W4392324060	2015	2015-02-23	other	10.59350/b7mtv-gpn88	Principles for Open Scholarly Infrastructures	18	yes	
W2191502945	2015	2015-01-01	article	10.6084/m9.figshare.1314859.v1	Principles for Open Scholarly Infrastructures-v1	29	yes	
W4410335710	2015	2015-01-21	other	10.64000/a0rsr-7xr47	Problems with dx.doi.org on January 20th 2015- what we know.	0	yes	
W4414611544	2015	2015-01-21	other	10.64000/2se62-wyk97	Problems with dx.doi.org on January 20th 2015- what we know.	0	yes	
W4410335807	2015	2015-06-11	other	10.64000/42phf-m2534	Rehashing PIDs without stabbing myself in the eyeball	0	yes	
W4414611265	2015	2015-06-11	other	10.64000/eeaxz-mjk17	Rehashing PIDs without stabbing myself in the eyeball	0	yes	
W7110426982	2015	2015-08-26	other	10.59350/v2db1-jpk05	What exactly is infrastructure? Seeing the leopard's spots	0	yes	
W4392323739	2015	2015-08-26	other	10.59350/6y9v5-dzq64	What exactly is infrastructure? Seeing the leopard's spots	0	yes	
W2190998250	2015	2015-01-01	article	10.6084/m9.figshare.1520432.v1	What exactly is infrastructure? Seeing the leopard's spots	0	yes	
W4410335425	2014	2014-08-07	other	10.64000/4jf4e-19h85	Citation needed	0	yes	
W4414611449	2014	2014-08-07	other	10.64000/7wcn6-75c96	Citation needed	0	yes	
W4414611683	2014	2014-09-21	other	10.64000/w5wwz-pz175	Linking data and publications	0	yes	
W4410335460	2014	2014-09-21	other	10.64000/4hghg-ada86	Linking data and publications	0	yes	
W4410335462	2014	2014-02-24	other	10.64000/96snc-ye031	Many Metrics. Such Data. Wow.	2	yes	
W4414611446	2014	2014-02-24	other	10.64000/fpncm-bst92	Many Metrics. Such Data. Wow.	0	yes	
W4410335479	2014	2014-04-10	other	10.64000/6fp15-79a77	♫ Researchers just wanna have funds ♫	0	yes	
W4410335457	2013	2013-09-20	other	10.64000/3gjb5-tkm69	DOIs unambiguously and persistently identify published, trustworthy, citable online scholarly literature. Right?	1	yes	
W4410335505	2013	2013-01-24	other	10.64000/1mf9k-hv064	Easily add publications to your ORCID profile	0	yes	
W2258369276	2013	2013-01-01	other	10.6084/m9.figshare.868945.v1	Perceived technical risk associated with the introduction of a new technology in relation to technical expertise.	0	yes	
W4410335486	2012	2012-10-11	other	10.64000/1390x-18h85	Crossref Metadata Search++	0	yes	
W4410335488	2012	2012-02-14	other	10.64000/zk3vy-jce65	DOIs for PHD Comics' Valentine's Day Reading List	0	yes	
W4414611643	2012	2012-04-17	other	10.64000/x9t9x-cxy10	PDF-Extract	0	yes	
W4410335446	2012	2012-04-17	other	10.64000/vkj2k-q1e28	PDF-Extract	0	yes	
W4410335418	2012	2012-08-13	other	10.64000/bdh6v-sb370	PatentCite	0	yes	
W76791122	2012	2012-04-04	article	10.69645/beyu7220	What color is your paratext? trust metrics	0	no	
W4410335429	2011	2011-04-19	other	10.64000/bj8hs-6m856	Content Negotiation for Crossref DOIs	1	yes	
W4410335426	2011	2011-10-10	other	10.64000/7wndk-sgd28	DataCite supporting content negotiation	0	yes	
W4414611653	2011	2011-10-10	other	10.64000/dp3vt-v1053	DataCite supporting content negotiation	0	yes	
W7163326345	2011	2011-03-16	other	10.59347/9z0sh-nm814	Disambiguation without de-duplication: Modeling authority and trust in the ORCID system.	0	yes	
W7163371830	2011	2011-03-16	other	10.59347/yh2m3-wp331	Disambiguation without de-duplication: Modeling authority and trust in the ORCID system.	0	yes	
W7163325393	2011	2011-06-01	other	10.59347/ttb22-qvw72	Identify This!	0	yes	
W7163372584	2011	2011-06-01	other	10.59347/qeb4e-57776	Identify This!	0	yes	
W4410335601	2010	2010-08-16	other	10.64000/3baae-s1739	Add linked images to PDFs	0	yes	
W4410335546	2010	2010-03-25	other	10.64000/8f0n4-64m15	DOIs and Linked Data: Some Concrete Proposals	0	yes	
W4414611618	2010	2010-02-11	other	10.64000/eyq6x-23805	Does a Crossref DOI identify a "work?"	0	yes	
W4410335580	2010	2010-02-11	other	10.64000/be8jg-xk804	Does a Crossref DOI identify a "work?"	0	yes	
W7163359048	2010	2010-04-16	other	10.59347/8arj3-mms36	Structure of the ORCID Identifier	0	yes	
W7163418735	2010	2010-04-16	other	10.59347/k0vf0-0k636	Structure of the ORCID Identifier	0	yes	
W2598706882	2010	2010-11-12	conference-paper		The Future Legal Framework for Nuclear Non-Proliferation: Regional/Bilateral or Truly Multilateral?	0	no	other-person?
W2058780090	2010	2010-04-01	article	10.1080/03615261003623013	What Color is Your Paratext?	0	yes	
W4410335538	2009	2009-12-13	other	10.64000/q2749-8q230	A Christmas Reading List… with DOIs	0	yes	
W4410334915	2009	2009-12-09	other	10.64000/fr3s9-9na05	Add Crossref metadata to PDFs using XMP	0	yes	
W4410333826	2009	2009-02-19	other	10.64000/71hz8-b6n16	An interview about "Author IDs"	0	yes	
W7163392088	2009	2009-02-17	other	10.59347/4b2xw-7sk44	Author Identifiers: Interview with Geoffrey Bilder	0	yes	
W7163336621	2009	2009-02-17	other	10.59347/64bfp-pya36	Author Identifiers: Interview with Geoffrey Bilder	0	yes	
W4410334681	2009	2009-03-20	other	10.64000/6z310-x7v21	Citation Typing Ontology	0	yes	
W4410334912	2009	2009-10-13	other	10.64000/rcs0q-n5c86	Crossref Labs	0	yes	
W4410334889	2009	2009-08-20	other	10.64000/g5xsg-ngs71	Crossref is hiring an R&amp;D Developer in Oxford	0	yes	
W4410334669	2009	2009-02-12	other	10.64000/36sqg-e3169	DOIs in an iPhone application	0	yes	
W4414611206	2009	2009-02-12	other	10.64000/s1fvh-dv140	DOIs in an iPhone application	0	yes	
W4410334658	2009	2009-03-23	other	10.64000/wztzd-c9c65	Introductory Signals	0	yes	
W4410333709	2009	2009-05-01	other	10.64000/vt3b1-93t54	OCLC defines requirements for a "Cooperative Identities Hub"	0	yes	
W4414611191	2009	2009-05-01	other	10.64000/cep5t-vdf28	OCLC defines requirements for a "Cooperative Identities Hub"	0	yes	
W4410334948	2009	2009-09-07	other	10.64000/jz7fk-7f503	PRC Report and "iPub" revisited	0	yes	
W4410334883	2009	2009-12-08	other	10.64000/z9664-5bz64	QR Codes and DOIs	0	yes	
W4410334916	2009	2009-10-19	other	10.64000/gxada-tnm78	Recommendations on RSS Feeds for Scholarly Publishers	0	yes	
W4410333813	2009	2009-03-11	other	10.64000/w4eax-8jh88	Researcher Identification Primer	0	yes	
W4410334078	2009	2009-08-14	other	10.64000/ed532-0bp78	Strategic Reading	0	yes	
W4414611407	2009	2009-08-14	other	10.64000/4061k-4za45	Strategic Reading	0	yes	
W4410333540	2009	2009-04-27	other	10.64000/89jyp-qe298	What do people want from an author identifier?	0	yes	
W4414673825	2009	2009-06-18	other	10.59347/emfw8-y3143	Your starter for ten	0	yes	
W4406740766	2009	2009-06-18	other	10.59347/618hp-wg778	Your starter for ten	0	yes	
W4414611376	2008	2008-09-18	other	10.64000/qtkb3-zg242	Crossref is hiring an R&amp;D software engineer	0	yes	
W4410333235	2008	2008-09-18	other	10.64000/dmatp-ebf32	Crossref is hiring an R&amp;D software engineer	0	yes	
W4410333634	2008	2008-12-03	other	10.64000/cw90n-axg84	Ubiquity commands for Crossref services	0	yes	
W4414611314	2008	2008-12-03	other	10.64000/x7pkk-zj539	Ubiquity commands for Crossref services	0	yes	
W4410329448	2007	2007-10-15	other	10.64000/xzyk4-gap48	NLM Blog Citation Guidelines	0	yes	
W4414611230	2007	2007-10-15	other	10.64000/zmjt0-k0j14	NLM Blog Citation Guidelines	0	yes	
W4406740722	2007	2007-03-28	other	10.59347/w4drr-k6h94	Paste &amp; Cite	0	yes	
W4414673429	2007	2007-03-28	other	10.59347/wtn49-pq976	Paste &amp; Cite	0	yes	
W4414673403	2006	2006-06-13	other	10.59347/8ct2f-x0935	Backchannel	0	yes	
W4406741393	2006	2006-06-13	other	10.59347/5btdf-4t836	Backchannel	0	yes	
W7163326711	2006	2006-06-10	other	10.59347/3235e-5fm22	Beginning, middle, end	0	yes	
W7163409110	2006	2006-06-10	other	10.59347/6w8xv-qnj84	Beginning, middle, end	0	yes	
W4406740763	2006	2006-09-06	other	10.59347/p96hw-h3m13	Brain Subscription And Trust Circles	0	yes	
W4414673689	2006	2006-09-06	other	10.59347/402n5-bmw34	Brain Subscription And Trust Circles	0	yes	
W4406741479	2006	2006-08-02	other	10.59347/we9rc-s4f83	Early Social Bookmarking	0	yes	
W4414673920	2006	2006-08-02	other	10.59347/06y0p-bbw84	Early Social Bookmarking	0	yes	
W1996111001	2006	2006-01-31	article	10.3998/3336451.0009.101	In Google We Trust?	5	yes	
W4406749658	2006	2006-04-19	other	10.59347/x9dnv-gmb75	Jorge Luis Borges on Software Architecture	0	yes	
W4414673816	2006	2006-04-19	other	10.59347/3kj2m-hcr49	Jorge Luis Borges on Software Architecture	0	yes	
W4414673979	2006	2006-09-05	other	10.59347/sw388-0fy31	The F-Word	0	yes	
W4406740730	2006	2006-09-05	other	10.59347/j6hdx-hht75	The F-Word	0	yes	
W4406749714	2006	2006-04-22	other	10.59347/atyeh-17291	The Internet Trust Anti-Pattern	0	yes	
W4414673967	2006	2006-04-22	other	10.59347/kadkc-hnr30	The Internet Trust Anti-Pattern	0	yes	
W4406741397	2006	2006-04-23	other	10.59347/4cw0s-mvg15	User Behavior As A Music Rating Cue	0	yes	
W4414673941	2006	2006-04-23	other	10.59347/gwbw6-fzt16	User Behavior As A Music Rating Cue	0	yes	
W4414673673	2006	2006-08-19	other	10.59347/89atk-z9w36	Van Morrison, Crank and Google Scholar	0	yes	
W4406740745	2006	2006-08-19	other	10.59347/p4mz8-ryw69	Van Morrison, Crank and Google Scholar	0	yes	
W4406749562	2005	2005-07-01	other	10.59347/enn0g-06q87	Abulafia	0	yes	
W4414674050	2005	2005-07-01	other	10.59347/xekd6-h4t52	Abulafia	0	yes	
W4406749552	2005	2005-06-14	other	10.59347/my5n6-7z30	I want to subscribe to your brain	0	yes	
W4414673955	2005	2005-06-14	other	10.59347/zrkwb-3tk81	I want to subscribe to your brain	0	yes	
W4406749498	2005	2005-06-22	other	10.59347/9f77m-ewy98	Two graphs that explain most IT dysfunction (Part I)	0	yes	
W4414674088	2005	2005-06-22	other	10.59347/sk28k-fv055	Two graphs that explain most IT dysfunction (Part I)	0	yes	
W4414674036	2005	2005-06-29	other	10.59347/m7tw6-zs185	Two graphs that explain most IT dysfunction (Part II)	0	yes	
W4406749871	2005	2005-06-29	other	10.59347/98qfz-sck57	Two graphs that explain most IT dysfunction (Part II)	0	yes	
W2131726224	2003	2003-12-01	article		Ethics: Implementing an Effective Comprehensive Program in Bolivia	0	no	other-person?
W1816761366	2003	2003-04-01	article	10.3233/isu-2003-232-313	Ingenta's economic and technical models for providing institutional OA archives	3	no	
W153884722	2003	2003-01-23	article		Modèles économique et conséquences juridiques : Intervention de Geoffrey BILDER	0	no	
W4234089148	1994	1994-11-01	book-review	10.1007/bf01829975	Book reviews	0	no	other-person?
W129140217	1993	1993-05-17	book		Two theses about the new scholarly communication	2	no	
