date	post_id	title	url
2021-05-19	4733	‘We asked them to honor our embargo, but they chose not to, which, given the circumstances, was certainly their right.’	https://embargowatch.wordpress.com/2021/05/19/we-asked-them-to-honor-our-embargo-but-they-chose-not-to-which-given-the-circumstances-was-certainly-their-right/
2021-04-29	4725	Guardian breaks embargo on mantis shrimp study	https://embargowatch.wordpress.com/2021/04/29/guardian-breaks-embargo-on-mantis-shrimp-study/
2020-11-30	4717	After a typhoon delays publication of a paper, PLOS ONE tries to re-embargo the work, then reverses itself	https://embargowatch.wordpress.com/2020/11/30/after-a-typhoon-delays-publication-of-a-paper-plos-one-tries-to-re-embargo-the-work-then-reverses-itself/
2020-06-25	4713	Science lifts embargo on dog breeding study early after break	https://embargowatch.wordpress.com/2020/06/25/science-lifts-embargo-on-dog-breeding-study-early-after-break/
2020-03-10	4710	Remember, folks: It’s weird embargo time season	https://embargowatch.wordpress.com/2020/03/10/remember-folks-its-weird-embargo-time-season/
2020-03-09	4701	Max Planck Institute press release breaks embargo on PNAS paper	https://embargowatch.wordpress.com/2020/03/09/max-planck-institute-press-release-breaks-embargo-on-pnas-paper/
2019-12-02	4695	UK Press Association breaks embargo on tiny study of potential endometriosis drug	https://embargowatch.wordpress.com/2019/12/02/uk-press-association-breaks-embargo-on-tiny-study-of-potential-endometriosis-drug/
2019-04-01	4692	Reuters banned from cardiology meeting after embargo break	https://embargowatch.wordpress.com/2019/04/01/reuters-banned-from-cardiology-meeting-after-embargo-break/
2019-03-25	4689	Reuters won’t face NEJM sanctions for cardiology meeting embargo break	https://embargowatch.wordpress.com/2019/03/25/reuters-wont-face-nejm-sanctions-for-cardiology-meeting-embargo-break/
2018-08-07	4685	The math prize embargo that didn’t add up	https://embargowatch.wordpress.com/2018/08/07/the-math-prize-embargo-that-didnt-add-up/
2018-07-25	4679	Did an advocacy group just take a step toward a dreaded “close hold embargo?”	https://embargowatch.wordpress.com/2018/07/25/did-an-advocacy-group-just-take-a-step-toward-a-dreaded-close-hold-embargo/
2018-07-02	4677	PNAS lifts embargo early on study of narwhals after CBC breaks it	https://embargowatch.wordpress.com/2018/07/02/pnas-lifts-embargo-early-on-study-of-narwhals-after-cbc-breaks-it/
2018-02-19	4665	Retraction Watch: When — and how — should journals flag papers that don’t quite meet retraction criteria?	https://embargowatch.wordpress.com/2018/02/19/retraction-watch-when-and-how-should-journals-flag-papers-that-dont-quite-meet-retraction-criteria/
2018-02-16	4662	Retraction Watch: “Major advance” in solar power retracted for reproducibility issues	https://embargowatch.wordpress.com/2018/02/16/retraction-watch-major-advance-in-solar-power-retracted-for-reproducibility-issues/
2018-02-15	4655	Retraction Watch: Should a journal retract a paper the authors didn’t know contained bad data?	https://embargowatch.wordpress.com/2018/02/15/retraction-watch-should-a-journal-retract-a-paper-the-authors-didnt-know-contained-bad-data/
2018-02-14	4648	Retraction Watch: Author retracts Nature paper on Asia’s glaciers flagged for data error	https://embargowatch.wordpress.com/2018/02/14/retraction-watch-author-retracts-nature-paper-on-asias-glaciers-flagged-for-data-error/
2018-02-13	4643	Retraction Watch: Six days after publication, paper is flagged. By day 11, it’s retracted.	https://embargowatch.wordpress.com/2018/02/13/retraction-watch-six-days-after-publication-paper-is-flagged-by-day-11-its-retracted/
2018-01-30	4629	When permissions get in the way: Why a Science journal removed accompanying material before embargo	https://embargowatch.wordpress.com/2018/01/30/when-permissions-get-in-the-way-why-a-science-journal-removed-material-before-embargo/
2018-01-29	4631	New Scientist breaks embargo on vaping-cancer study in PNAS	https://embargowatch.wordpress.com/2018/01/29/new-scientist-breaks-embargo-on-vaping-cancer-study-in-pnas/
2017-10-22	4626	Site runs embargoed Stanford press release verbatim; PNAS lifts embargo early	https://embargowatch.wordpress.com/2017/10/22/site-runs-embargoed-stanford-press-release-verbatim-pnas-lifts-embargo-early/
2017-10-17	4622	PNAS lifts embargo early on C-section study following Daily Mail story	https://embargowatch.wordpress.com/2017/10/17/pnas-lifts-embargo-early-on-c-section-study-following-daily-mail-story/
2017-09-19	4618	PNAS lifts embargo early on study of extinctions, after author’s university jumps the gun	https://embargowatch.wordpress.com/2017/09/19/pnas-lifts-embargo-early-on-study-of-extinctions-after-authors-university-jumps-the-gun/
2017-08-21	4616	PNAS lifts embargo early after news outlet runs typhoid fever story too soon	https://embargowatch.wordpress.com/2017/08/21/pnas-lifts-embargo-early-after-news-outlet-runs-typhoid-fever-story-too-soon/
2017-08-02	4610	Here we go again: Why Nature didn’t just post a paper on stem cell editing after the findings leaked	https://embargowatch.wordpress.com/2017/08/02/here-we-go-again-why-nature-didnt-just-post-a-paper-on-stem-cell-editing-after-the-findings-leaked/
2017-07-31	4606	Auburn University mix-up prompts PNAS to lift embargo early	https://embargowatch.wordpress.com/2017/07/31/auburn-university-mix-up-prompts-pnas-to-lift-embargo-early/
2017-07-20	4602	Five years on, eLife finds the lure of the embargo too strong	https://embargowatch.wordpress.com/2017/07/20/five-years-on-elife-finds-the-lure-of-the-embargo-too-strong/
2017-07-17	4597	The American Diabetes Association seems to be confused about what “public” means	https://embargowatch.wordpress.com/2017/07/17/the-american-diabetes-association-seems-to-be-confused-about-what-public-means/
2017-05-21	4594	Embargo on study of how to retain women engineering students lifted early after break	https://embargowatch.wordpress.com/2017/05/21/embargo-on-study-of-how-to-retain-women-engineering-students-lifted-early-after-break/
2017-04-13	4591	Minnesota Public Radio News breaks embargo on study of fresh water lake salinization	https://embargowatch.wordpress.com/2017/04/13/minnesota-public-radio-news-breaks-embargo-on-study-of-fresh-water-lake-salinization/
2017-01-26	4586	You say tomato, I say embargo: A study ripens too early, as magazine breaks an embargo	https://embargowatch.wordpress.com/2017/01/26/you-say-tomato-i-say-embargo-a-study-ripens-too-early-as-magazine-breaks-an-embargo/
2017-01-19	4568	Following heavy criticism, FDA says controversial embargo policy is “not to be used under any circumstance”	https://embargowatch.wordpress.com/2017/01/19/following-heavy-criticism-fda-says-controversial-embargo-policy-is-not-to-be-used-under-any-circumstance/
2016-12-20	4565	Daily Mail breaks embargo on gonorrhea-killing mouthwash study in BMJ journal	https://embargowatch.wordpress.com/2016/12/20/daily-mail-breaks-embargo-on-gonorrhea-killing-mouthwash-study-in-bmj-journal/
2016-12-01	4559	Scrap embargoes? Careful what you wish for, says longtime PR pro	https://embargowatch.wordpress.com/2016/12/01/scrap-embargoes-careful-what-you-wish-for-says-longtime-pr-pro/
2016-11-29	4555	The revolution will not be embargoed: My embargo manifesto, on Vox	https://embargowatch.wordpress.com/2016/11/29/the-revolution-will-not-be-embargoed-my-embargo-manifesto-on-vox/
2016-10-11	4553	Reuters breaks Lancet embargo	https://embargowatch.wordpress.com/2016/10/11/reuters-breaks-lancet-embargo/
2016-10-10	4550	Embargo on overdrinking proves hard to swallow for university press release	https://embargowatch.wordpress.com/2016/10/10/embargo-on-overdrinking-proves-hard-to-swallow-for-university-press-release/
2016-10-02	4535	EurekAlert! back online, weeks after hacking incident	https://embargowatch.wordpress.com/2016/10/02/eurekalert-back-online-weeks-after-hacking-incident/
2016-09-22	4529	The FDA has been using embargoes to manipulate journalists. Here’s how.	https://embargowatch.wordpress.com/2016/09/22/the-fda-has-been-using-embargoes-to-manipulate-journalists-heres-how/
2016-09-15	4525	Does the EurekAlert! hack show us what a world without embargoes would be like?	https://embargowatch.wordpress.com/2016/09/15/does-the-eurekalert-hack-show-us-what-a-world-without-embargoes-would-be-like/
2016-09-14	4520	EurekAlert! taken offline after being hacked	https://embargowatch.wordpress.com/2016/09/14/eurekalert-taken-offline-after-being-hacked/
2016-08-31	4514	Motherboard loses embargoed access following Science break — which came on heels of previous probation	https://embargowatch.wordpress.com/2016/08/31/motherboard-loses-embargoed-access-following-science-break-which-came-on-heels-of-previous-sanction/
2016-08-29	4509	“Whoops.” Science lifts embargo early on dog speech processing study after break by Motherboard	https://embargowatch.wordpress.com/2016/08/29/whoops-science-lifts-embargo-early-on-dog-speech-processing-study-after-break-by-motherboard/
2016-08-15	4504	Good news: PNAS won’t embargo papers that have already appeared as preprints	https://embargowatch.wordpress.com/2016/08/15/good-news-pnas-wont-embargo-papers-that-have-already-appeared-as-preprints/
2016-07-18	4500	Doing the right thing: PNAS decides not to embargo paper that had appeared as a preprint	https://embargowatch.wordpress.com/2016/07/18/doing-the-right-thing-pnas-decides-not-to-embargo-on-paper-that-had-appeared-as-a-preprint/
2016-07-08	4457	Journals: Don’t embargo papers that have already appeared as preprints. Here’s why.	https://embargowatch.wordpress.com/2016/07/08/journals-dont-embargo-papers-that-have-already-appeared-as-preprints-heres-why/
2016-06-07	4445	Columbia University breaks embargo on researchers’ paper	https://embargowatch.wordpress.com/2016/06/07/columbia-university-breaks-embargo-on-researchers-paper/
2016-05-23	4423	Newspaper can’t wait another hour to reveal 5,000-year-old beer recipe; breaks embargo	https://embargowatch.wordpress.com/2016/05/23/newspaper-cant-wait-another-hour-to-reveal-5000-year-old-beer-recipe-breaks-embargo/
2015-11-25	4418	PNAS lifts embargo early for tenth time this year, following break	https://embargowatch.wordpress.com/2015/11/25/pnas-lifts-embargo-early-for-tenth-time-this-year-following-break/
2015-11-16	4415	PNAS early embargo “break” total rises to nine for the year	https://embargowatch.wordpress.com/2015/11/16/pnas-early-embargo-break-total-rises-to-nine-for-the-year/
2015-10-23	4404	Patience is a virtue: Gastroenterology association changes embargo policy five years after criticism	https://embargowatch.wordpress.com/2015/10/23/patience-is-a-virtue-gastroenterology-association-changes-embargo-policy-five-years-after-criticism/
2015-10-23	4393	King’s College London takes responsibility for date snafu that led to apparent embargo break	https://embargowatch.wordpress.com/2015/10/23/kings-college-london-takes-responsibility-for-date-snafu-that-led-to-apparent-embargo-break/
2015-10-19	4388	Richard Branson…conscientious embargo breaker?	https://embargowatch.wordpress.com/2015/10/19/richard-branson-conscientious-embargo-breaker/
2015-09-21	4380	“Incorrect advice” from Nature leads to arXiv embargo oddity	https://embargowatch.wordpress.com/2015/09/21/incorrect-advice-from-nature-leads-to-arxiv-embargo-oddity/
2015-09-04	4377	PNAS lifts embargo early on results slated for coverage by Science News	https://embargowatch.wordpress.com/2015/09/04/pnas-lifts-embargo-early-on-results-slated-for-coverage-by-science-news/
2015-08-11	4372	The $30 million press releases: Breaking embargoes for fun, profit, and criminal charges	https://embargowatch.wordpress.com/2015/08/11/the-30-million-press-releases-breaking-embargoes-for-fun-profit-and-criminal-charges/
2015-07-21	4361	Nature runs with another short embargo. This time, Science played along, too.	https://embargowatch.wordpress.com/2015/07/21/nature-runs-with-another-short-embargo-this-time-science-played-along-too/
2015-06-22	4358	No self control? Daily Mail story forces PNAS to lift ideology-self control paper embargo early	https://embargowatch.wordpress.com/2015/06/22/no-self-control-daily-mail-story-forces-pnas-to-lift-ideology-self-control-paper-embargo-early/
2015-06-18	4342	A tipping point? Nature angers science journalism corps with short Kennewick Man embargo	https://embargowatch.wordpress.com/2015/06/18/a-tipping-point-nature-angers-science-journalism-corps-with-short-kennewick-man-embargo/
2015-06-05	4338	Another embargo break at PNAS, this time by author press release	https://embargowatch.wordpress.com/2015/06/05/another-embargo-break-at-pnas-this-time-by-author-press-release/
2015-05-18	4331	Circadian embargo clock malfunctions as press release is published ahead of schedule	https://embargowatch.wordpress.com/2015/05/18/circadian-embargo-clock-malfunctions-as-press-release-is-published-ahead-of-schedule/
2015-05-05	4326	NEJM lifts embargo on blindness gene therapy study early after BBC breaks it	https://embargowatch.wordpress.com/2015/05/05/nejm-lifts-embargo-on-blindness-gene-therapy-study-early-after-bbc-breaks-it/
2015-05-04	4321	PNAS lifts fructose-appetite study embargo early after realizing media had covered presentation months ago	https://embargowatch.wordpress.com/2015/05/04/pnas-lifts-fructose-appetite-study-embargo-early-after-realizing-media-had-covered-presentation-months-ago/
2015-04-09	4310	Following criticism, PeerJ reverses policy, won’t break their own embargoes	https://embargowatch.wordpress.com/2015/04/09/following-criticism-peerj-reverses-policy-wont-break-their-own-embargoes/
2015-04-07	4306	PeerJ broke its own embargo on brontosaurus paper — and that’s exactly what they meant to do	https://embargowatch.wordpress.com/2015/04/07/peerj-broke-its-own-embargo-on-brontosaurus-paper-and-thats-exactly-what-they-meant-to-do/
2015-03-11	4301	PNAS lifts narcissism embargo early after wire service story breaks it	https://embargowatch.wordpress.com/2015/03/11/pnas-lifts-narcissism-embargo-early-after-wire-service-story-breaks-it/
2015-02-23	4296	PNAS lifts embargo on cancer detection study after reporting by Sunday Times, Daily Mail	https://embargowatch.wordpress.com/2015/02/23/pnas-lifts-embargo-on-cancer-detection-study-after-reporting-by-sunday-times-daily-mail/
2014-12-22	4291	eReader bedtime study subject of 11th embargo break at PNAS this year	https://embargowatch.wordpress.com/2014/12/22/ereader-bedtime-study-subject-of-11th-embargo-break-at-pnas-this-year/
2014-11-23	4287	Colon cancer study embargo lifted early after “gremlin in the machinery” leads to break	https://embargowatch.wordpress.com/2014/11/23/colon-cancer-study-embargo-lifted-early-after-gremlin-in-the-machinery-leads-to-break/
2014-11-17	4284	Triclosan study marks PNAS’s tenth embargo break this year	https://embargowatch.wordpress.com/2014/11/17/triclosan-study-marks-pnass-tenth-embargo-break-this-year/
2014-10-29	4281	Embargo on liberal-conservative disgust paper lifted early after Newsweek break	https://embargowatch.wordpress.com/2014/10/29/embargo-on-liberal-conservative-disgust-paper-lifted-early-after-newsweek-break/
2014-10-10	4275	PNAS suffers ninth embargo break this year	https://embargowatch.wordpress.com/2014/10/10/pnas-suffers-ninth-embargo-break-this-year/
2014-09-30	4269	Who’d have thunk it? Embargo broken on announcement of first U.S. case of Ebola	https://embargowatch.wordpress.com/2014/09/30/whod-have-thunk-it-embargo-broken-on-announcement-of-first-u-s-case-of-ebola/
2014-09-15	4266	Embargo break by Dallas Morning News on fracking study is PNAS’s 8th this year	https://embargowatch.wordpress.com/2014/09/15/embargo-break-by-dallas-morning-news-on-fracking-study-is-pnass-8th-this-year/
2014-09-01	4263	PNAS lifts embargo on Neanderthal rock engraving after seventh break this year	https://embargowatch.wordpress.com/2014/09/01/pnas-lifts-embargo-on-neanderthal-rock-engraving-after-seventh-break-this-year/
2014-08-13	4258	Break an embargo? Lose access, says Hopkins	https://embargowatch.wordpress.com/2014/08/13/break-an-embargo-lose-access-says-hopkins/
2014-08-08	4254	“Dear press officer who won’t promote unembargoed research papers:” “[Y]ou’re disappointing me”	https://embargowatch.wordpress.com/2014/08/08/dear-press-officer-who-wont-promote-unembargoed-research-papers-youre-disappointing-me/
2014-07-31	4252	Ed Yong vs. a PIO, the sequel	https://embargowatch.wordpress.com/2014/07/31/ed-yong-vs-a-pio-the-sequel/
2014-06-24	4243	Seralini republishes retracted GMO-rats paper, again with an unusual embargo	https://embargowatch.wordpress.com/2014/06/24/seralini-republishes-retracted-gmo-rats-paper-again-with-an-unusual-embargo/
2014-06-13	4238	PNAS lifts embargo early after finding three-month old article by author describing findings	https://embargowatch.wordpress.com/2014/06/13/pnas-lifts-embargo-early-after-finding-three-month-old-article-by-author-describing-findings/
2014-05-04	4232	FDA back to its old tricks, trying to turn reporters into stenographers	https://embargowatch.wordpress.com/2014/05/04/fda-back-to-its-old-tricks-trying-to-turn-reporters-into-stenographers/
2014-05-01	4227	Speedy news: Embargo on Ivy Leaguers and ADHD drugs study lifted early after New Republic breaks it	https://embargowatch.wordpress.com/2014/05/01/speedy-news-embargo-on-ivy-leaguers-and-adhd-drugs-study-lifted-early-after-new-republic-breaks-it/
2014-04-25	4219	Break an embargo, get fined $70,000	https://embargowatch.wordpress.com/2014/04/25/break-an-embargo-get-fined-70000/
2014-04-24	4212	If you read this Embargo Watch post, you’ll get just part of the story	https://embargowatch.wordpress.com/2014/04/24/if-you-read-this-embargo-watch-post-youll-get-just-part-of-the-story/
2014-04-24	4207	Here’s the rest of the embargoed Embargo Watch story	https://embargowatch.wordpress.com/2014/04/24/heres-the-rest-of-the-embargoed-embargo-watch-story/
2014-04-17	4201	Females have penises! And a Spanish news outlet breaks an embargo	https://embargowatch.wordpress.com/2014/04/17/females-have-penises-and-a-spanish-news-outlet-breaks-an-embargo/
2014-04-17	4197	String of PNAS embargo breaks continues with one from Sacramento Bee	https://embargowatch.wordpress.com/2014/04/17/string-of-pnas-embargo-breaks-continues-with-one-from-sacramento-bee/
2014-04-07	4190	PNAS lifts embargo early on DNA damage-stressful childhood study after Quartz story breaks it	https://embargowatch.wordpress.com/2014/04/07/pnas-lifts-embargo-early-on-dna-damage-stressful-childhood-story-after-quartz-study-breaks-it/
2014-03-04	4184	JAMA Psychiatry lifts embargo early on studies of suicide in soldiers after break	https://embargowatch.wordpress.com/2014/03/04/jama-psychiatry-lifts-embargo-early-on-studies-of-suicide-in-soldiers-after-break/
2014-02-20	4178	Quid pro quo: Earned media = priceless. For everything else, there’s MasterCard	https://embargowatch.wordpress.com/2014/02/20/quid-pro-quo-earned-media-priceless-for-everything-else-theres-mastercard/
2014-02-14	4174	Happy Valentine’s Day from Embargo Watch	https://embargowatch.wordpress.com/2014/02/14/happy-valentines-day-from-embargo-watch/
2014-02-11	4171	Another embargo break for PNAS, for a climate change paper	https://embargowatch.wordpress.com/2014/02/11/another-embargo-break-for-pnas-for-a-climate-change-paper/
2014-02-07	4162	NIH angers reporters it held at the embargo gate after WSJ scored a scoop	https://embargowatch.wordpress.com/2014/02/07/nih-angers-reporters-it-held-at-the-embargo-gate-after-wsj-scored-a-scoop/
2014-02-03	4151	AP breaks abortion data embargo	https://embargowatch.wordpress.com/2014/02/03/ap-breaks-abortion-data-embargo/
2014-02-03	4147	US Chemical Safety Board drops flawed policy following criticism from Embargo Watch	https://embargowatch.wordpress.com/2014/02/03/us-chemical-safety-board-drops-flawed-policy-following-criticism-from-embargo-watch/
2014-01-30	4137	US Chemical Safety Board embargo policy turns reporters into stenographers	https://embargowatch.wordpress.com/2014/01/30/us-chemical-safety-board-embargo-policy-turns-reporters-into-stenographers/
2014-01-29	4129	UK’s Telegraph loses embargoed access to Nature after breaking embargo on stem cell paper	https://embargowatch.wordpress.com/2014/01/29/uks-telegraph-loses-embargoed-access-to-nature-after-breaking-embargo-on-stem-cell-paper/
2014-01-27	4125	Dermatology journal lifts embargo early after organization forgets to include embargo notice	https://embargowatch.wordpress.com/2014/01/27/dermatology-journal-lifts-embargo-early-after-organization-forgets-to-include-embargo-notice/
2014-01-16	4120	New York Times, researcher won’t face sanctions for breast cancer screening embargo break	https://embargowatch.wordpress.com/2014/01/16/new-york-times-researcher-wont-face-sanctions-for-breast-cancer-screening-embargo-break/
2014-01-14	4107	Infographic startup Visually sees red as Om Malik says they have “no clue” about embargoes	https://embargowatch.wordpress.com/2014/01/14/infographic-startup-visually-sees-red-as-om-malik-says-they-have-no-clue-about-embargoes/
2014-01-13	4103	Embargo breaks by Spanish, Chinese outlets force PNAS to lift embargo early for second time in two weeks	https://embargowatch.wordpress.com/2014/01/13/embargo-breaks-by-spanish-chinese-outlets-force-pnas-to-lift-embargo-early-for-second-time-in-two-weeks/
2014-01-06	4094	PNAS lifts H7N9 flu-ethnicity study embargo early after The Australian breaks it	https://embargowatch.wordpress.com/2014/01/06/pnas-lifts-h7n9-flu-ethnicity-study-embargo-early-after-the-australian-breaks-it/
2013-12-30	4084	Author breaks JAMA journal embargo on his own study with New York Times cancer screening op-ed	https://embargowatch.wordpress.com/2013/12/30/author-breaks-jama-journal-embargo-on-his-own-study-with-new-york-times-cancer-screening-op-ed/
2013-12-09	4073	Jalopnik nails it on embargoes: Not agreeing to them means a huge advantage	https://embargowatch.wordpress.com/2013/12/09/jalopnik-nails-it-on-embargoes-not-agreeing-to-them-means-a-huge-advantage/
2013-11-25	4066	Radiology society lifts weight loss study embargo early after LA Times break	https://embargowatch.wordpress.com/2013/11/25/radiology-society-lifts-weight-loss-study-embargo-early-after-la-times-break/
2013-11-14	4063	Doing it right: How a journal helped Ed Yong get a better story	https://embargowatch.wordpress.com/2013/11/14/doing-it-right-how-a-journal-helped-ed-yong-get-a-better-story/
2013-11-11	4053	“These are good gigs”: Jann Ingmire leaving JAMA for University of Chicago	https://embargowatch.wordpress.com/2013/11/11/jann-ingmire-leaving-jama/
2013-11-07	4050	Science does the right thing, moving up Chelyabinsk asteroid embargo	https://embargowatch.wordpress.com/2013/11/07/science-does-the-right-thing-moving-up-chelyabinsk-asteroid-embargo/
2013-10-21	4045	“Bold baldies”: PNAS hair growth paper embargo lifted early after Sydney Morning Herald story posts	https://embargowatch.wordpress.com/2013/10/21/bold-baldies-pnas-hair-growth-paper-embargo-lifted-early-after-sydney-morning-herald-story-posts/
2013-09-27	4041	European Cancer Congress lifts all embargoes after abstracts fall into financial analysts’ hands	https://embargowatch.wordpress.com/2013/09/27/european-cancer-congress-lifts-all-embargoes-after-abstracts-fall-into-financial-analysts-hands/
2013-09-11	4038	No longer embargoed: The 10 Embargo Watch embargo guidelines	https://embargowatch.wordpress.com/2013/09/11/no-longer-embargoed-the-10-embargo-watch-embargo-guidelines/
2013-08-28	4021	Science reporters play the access game too: What embargoes have to do with Greenwald, Snowden, and Assange	https://embargowatch.wordpress.com/2013/08/28/science-reporters-play-the-access-game-too-what-embargoes-have-to-do-with-greenwald-snowden-and-assange/
2013-08-26	4015	CDC lengthens embargo time on MMWR	https://embargowatch.wordpress.com/2013/08/26/cdc-lengthens-embargo-time-on-mmwr/
2013-08-23	4010	PNAS breaks its own embargo on insect paper	https://embargowatch.wordpress.com/2013/08/23/pnas-breaks-its-own-embargo-on-insect-paper/
2013-08-22	4000	Scientists like the gag order of the Ingelfinger Rule, says new paper	https://embargowatch.wordpress.com/2013/08/22/scientists-like-the-gag-order-of-the-ingelfinger-rule-says-new-paper/
2013-08-19	3991	Astronomy press officer: “embargoes are becoming less and less practical”	https://embargowatch.wordpress.com/2013/08/19/astronomy-press-officer-embargoes-are-becoming-less-and-less-practical/
2013-08-16	3987	Trust lifts embargo early on state obesity rankings after AP independently finds data	https://embargowatch.wordpress.com/2013/08/16/foundations-lift-embargo-early-on-state-obesity-rankings-after-ap-independently-finds-data/
2013-08-09	3983	Lancet Infectious Diseases lifts embargo on camel-MERS study early after Telegraph break	https://embargowatch.wordpress.com/2013/08/09/lancet-infectious-diseases-lifts-embargo-on-camel-mers-study-early-after-telegraph-break/
2013-07-30	3977	Science does the right thing, moving up monogamy paper embargo	https://embargowatch.wordpress.com/2013/07/30/science-does-the-right-thing-moving-up-monogamy-paper-embargo/
2013-07-25	3973	New Scientist accidentally breaks embargo on peacock mating paper	https://embargowatch.wordpress.com/2013/07/25/new-scientist-accidentally-breaks-embargo-on-peacock-mating-paper/
2013-07-15	3966	PNAS lifts sea rise paper embargo early after break	https://embargowatch.wordpress.com/2013/07/15/pnas-lifts-sea-rise-paper-embargo-early-after-break/
2013-07-15	3953	Anger, confusion as Popular Science inadvertently broke blue planet embargo	https://embargowatch.wordpress.com/2013/07/15/anger-confusion-as-popular-science-inadvertently-broke-blue-planet-embargo/
2013-06-30	3948	Reuters accidentally breaks embargo on NEJM Eliquis study	https://embargowatch.wordpress.com/2013/06/30/reuters-accidenally-breaks-embargo-on-nejm-eliquis-study/
2013-06-25	3945	Le Figaro breaks embargo on study finding three habitable planets orbiting nearby star	https://embargowatch.wordpress.com/2013/06/25/le-figaro-breaks-embargo-on-study-finding-three-habitable-planets-orbiting-nearby-star/
2013-06-24	3943	PNAS lifts embargo early on paper examining fracking’s effects on drinking water after break	https://embargowatch.wordpress.com/2013/06/24/pnas-lifts-embargo-early-on-paper-examining-frackings-effects-on-drinking-water-after-break/
2013-06-18	3938	Prime ministers trump embargoes: PNAS takes unusual step with lost Cambodian city paper	https://embargowatch.wordpress.com/2013/06/18/prime-ministers-trump-embargoes-pnas-takes-unusual-step-with-cambodian-lost-city-paper/
2013-06-12	3934	CDC lifts embargo on Lancet HIV study early after Reuters inadvertently breaks it	https://embargowatch.wordpress.com/2013/06/12/cdc-lifts-embargo-on-lancet-hiv-study-early-after-reuters-inadvertently-breaks-it/
2013-04-22	3930	Irony? Guardian piece promising “there can be no turning back now” removed “because it was launched too early”	https://embargowatch.wordpress.com/2013/04/22/irony-guardian-piece-promising-there-can-be-no-turning-back-now-removed-because-it-was-launched-too-early/
2013-04-11	3927	New embargo record, from NEJM: 38 minutes!	https://embargowatch.wordpress.com/2013/04/11/new-embargo-record-from-nejm-38-minutes/
2013-04-08	3921	New York Times breaks PNAS wine-climate change study embargo	https://embargowatch.wordpress.com/2013/04/08/new-york-times-breaks-pnas-wine-climate-change-study-embargo/
2013-03-18	3916	ASCO tweaks conference embargo policy	https://embargowatch.wordpress.com/2013/03/18/asco-tweaks-conference-embargo-policy/
2013-03-13	3910	PREVAILing (lack of) wisdom: Embargoes laid bare in a mess involving Boston Scientific (and a lot of others)	https://embargowatch.wordpress.com/2013/03/13/prevailing-lack-of-wisdom-embargoes-laid-bare-in-a-mess-involving-boston-scientific-and-a-lot-of-others/
2013-03-06	3902	New York Times breaks embargo on study of web searches and drug side effects	https://embargowatch.wordpress.com/2013/03/06/new-york-times-breaks-embargo-on-study-of-web-searches-and-drug-side-effects/
2013-02-07	3885	Is this the scientific embargo version of insider trading?	https://embargowatch.wordpress.com/2013/02/07/is-this-the-scientific-embargo-version-of-insider-trading/
2013-02-04	3877	Le Devoir loses embargoed access for three months after breaking CIHI embargo	https://embargowatch.wordpress.com/2013/02/04/le-devoir-loses-embargoed-access-for-three-months-after-breaking-cihi-embargo/
2013-02-04	3871	PNAS lifts embargo on Neanderthal carbon dating paper after break	https://embargowatch.wordpress.com/2013/02/04/pnas-lifts-embargo-on-neanderthal-carbon-dating-paper-after-break/
2013-02-04	3867	Royal Society breaks its own embargo	https://embargowatch.wordpress.com/2013/02/04/royal-society-breaks-its-own-embargo/
2013-01-31	3860	On embargoes, a dart and a laurel for Science	https://embargowatch.wordpress.com/2013/01/31/on-embargoes-a-dart-and-a-laurel-for-science/
2013-01-23	3852	A real Bear: Miscommunication about prolific author’s work leads to Neuron study embargo snafu	https://embargowatch.wordpress.com/2013/01/23/a-real-bear-miscommunication-about-prolific-authors-work-leads-to-neuron-study-embargo-snafu/
2013-01-08	3844	JAMA Psychiatry lifts embargo early on suicide study after New York Times breaks it	https://embargowatch.wordpress.com/2013/01/08/jama-psychiatry-lifts-embargo-early-on-suicide-study-after-new-york-times-breaks-it/
2013-01-07	3841	Journal of Urology takes a few steps toward the Embargo Watch Honor Roll	https://embargowatch.wordpress.com/2013/01/07/journal-of-urology-takes-a-few-steps-toward-the-embargo-watch-honor-roll/
2012-12-20	3836	JAMA to change Archives embargo schedule when names change in January	https://embargowatch.wordpress.com/2012/12/20/jama-to-change-archives-embargo-schedule-when-names-change-in-january/
2012-12-17	3830	Canada’s QMI Agency slapped with six-month ban after breaking embargo	https://embargowatch.wordpress.com/2012/12/17/canadas-qmi-agency-slapped-with-six-month-ban-after-breaking-embargo/
2012-12-04	3824	How I got two embargoes lifted early: Cardiology journals do the right thing	https://embargowatch.wordpress.com/2012/12/04/how-i-got-two-embargoes-lifted-early-cardiology-journals-do-the-right-thing/
2012-11-15	3816	Three’s a charm? AHA breaks its own embargo again, this time on Twitter	https://embargowatch.wordpress.com/2012/11/15/threes-a-charm-aha-breaks-its-own-embargo-again-this-time-on-twitter/
2012-11-13	3811	Well, it’s happened: Reuters Health accidentally breaks JCO embargo	https://embargowatch.wordpress.com/2012/11/13/well-its-happened-reuters-health-accidentally-breaks-jco-embargo/
2012-11-07	3806	On Ruth Francis’s second-to-last day, Nature lifts embargo on battery-ear paper for “embarrassing” situation	https://embargowatch.wordpress.com/2012/11/07/on-ruth-franciss-second-to-last-day-nature-lifts-embargo-on-battery-ear-paper-for-embarrassing-situation/
2012-11-06	3800	“I accidentally broke an embargo and it was all Hurricane Sandy’s fault”	https://embargowatch.wordpress.com/2012/11/06/i-accidentally-broke-an-embargo-and-it-was-all-hurricane-sandys-fault/
2012-11-05	3791	More inadvertent embargo breaks at AHA, this time of JAMA studies, again not by journalists	https://embargowatch.wordpress.com/2012/11/05/more-inadvertent-embargo-breaks-at-aha-this-time-of-jama-studies-again-not-by-journalists/
2012-11-05	3785	A shot in the embargo: In which I politely call bullshit on the journal Pediatrics	https://embargowatch.wordpress.com/2012/11/05/a-shot-in-the-embargo-in-which-i-politely-call-bullshit-on-the-journal-pediatrics/
2012-11-04	3782	FREEDOM! AHA lifts embargo on bypass vs. stent study after its vendor breaks it	https://embargowatch.wordpress.com/2012/11/04/freedom-aha-lifts-embargo-on-bypass-vs-stent-study-after-its-vendor-breaks-it/
2012-11-01	3776	NEJM clarifies: Yes, saying journal is about to publish is breaking an embargo	https://embargowatch.wordpress.com/2012/11/01/nejm-clarifies-yes-saying-journal-is-about-to-publish-is-breaking-an-embargo/
2012-10-31	3757	Take that, Ingelfinger! eLife announces its media policy, sans embargoes and Ingelfinger	https://embargowatch.wordpress.com/2012/10/31/take-that-ingelfinger-elife-announces-its-media-policy-sans-embargoes-and-ingelfinger/
2012-10-24	3751	Harvard hospital apologizes for promoting “weak” data on aspartame, cancer	https://embargowatch.wordpress.com/2012/10/24/harvard-hospital-apologizes-for-promoting-weak-data-on-aspartame-cancer/
2012-10-19	3740	Quote my report, but don’t quote me: Why don’t some biotech analysts give interviews?	https://embargowatch.wordpress.com/2012/10/19/quote-my-report-but-dont-quote-me-why-dont-some-biotech-analysts-give-interviews/
2012-10-16	3733	Nature and ESO lift exoplanet embargo early following coverage by Croatian news outlet	https://embargowatch.wordpress.com/2012/10/16/nature-and-eso-lift-exoplanet-embargo-early-following-coverage-by-croatian-news-outlet/
2012-10-03	3726	Finally, some honesty! Journal: “rationale trumps logic” for our “freely available but embargoed” policy	https://embargowatch.wordpress.com/2012/10/03/finally-some-honesty-journal-rationale-trumps-logic-for-our-freely-available-but-embargoed-policy/
2012-09-21	3700	Stenographers, anyone? GMO rat study authors engineered embargo to prevent scrutiny	https://embargowatch.wordpress.com/2012/09/21/stenographers-anyone-gmo-rat-study-co-sponsor-engineered-embargo-to-prevent-scrutiny/
2012-09-05	3697	Neurology lifts NFL-Alzheimer’s embargo study early after break	https://embargowatch.wordpress.com/2012/09/05/neurology-lifts-nfl-alzheimers-embargo-study-early-after-break/
2012-08-27	3689	AAP refuses to lift circumcision recommendation guideline early despite coverage	https://embargowatch.wordpress.com/2012/08/27/aap-refuses-to-lift-circumcision-recommendation-guideline-early-despite-coverage/
2012-08-26	3679	Medscape and theheart.org get harsh sanctions for European Society of Cardiology embargo break	https://embargowatch.wordpress.com/2012/08/26/medscape-and-theheart-org-get-harsh-sanctions-for-european-society-of-cardiology-embargo-break/
2012-08-24	3672	The short embargo makes a (brief?) comeback	https://embargowatch.wordpress.com/2012/08/24/the-short-embargo-makes-a-brief-comeback/
2012-08-16	3668	Cell lifts embargo early on male birth control study because of “breach”	https://embargowatch.wordpress.com/2012/08/16/cell-lifts-embargo-early-on-male-birth-control-study-because-of-breach/
2012-08-04	3661	PNAS lifts embargo early on Hansen et al extreme weather-climate change study after he publishes WaPo op-ed on it	https://embargowatch.wordpress.com/2012/08/04/pnas-lifts-embargo-early-on-hansen-et-al-extreme-weather-climate-change-study-after-he-publishes-wapo-op-ed-on-it/
2012-08-03	3652	Society of Vertebrate Paleontology clarifies its “pre-published online” embargo policy	https://embargowatch.wordpress.com/2012/08/03/society-of-vertebrate-paleontology-clarifies-its-pre-published-online-embargo-policy/
2012-07-17	3644	USA Today posts story on approval of diet drug Qnexa too soon, retracts it	https://embargowatch.wordpress.com/2012/07/17/usa-today-posts-story-on-approval-of-diet-drug-qnexa-too-soon-retracts-it/
2012-07-09	3638	Circulation breaks its own embargo on non-nutritive sweeteners statement, forcing early lift	https://embargowatch.wordpress.com/2012/07/09/circulation-breaks-its-own-embargo-on-non-nutritive-sweeteners-statement-forcing-early-lift/
2012-07-08	3628	Another chink in the Ingelfinger armor? Arsenic life talk forces Science to release paper early, without embargo	https://embargowatch.wordpress.com/2012/07/08/another-chink-in-the-ingelfinger-armor-arsenic-life-talk-forces-science-to-release-paper-early-without-embargo/
2012-07-03	3620	Confusion as JNCI yanks press release on embargoed breast density-cancer study after authors see error	https://embargowatch.wordpress.com/2012/07/03/confusion-as-jnci-yanks-press-release-on-embargoed-breast-density-cancer-study-after-authors-see-error/
2012-07-02	3615	German edition of “The Local” breaks PNAS embargo on “fluffy dinosaurs” accidentally	https://embargowatch.wordpress.com/2012/07/02/german-edition-of-the-local-breaks-pnas-embargo-on-fluffly-dinosaurs-accidentally/
2012-06-05	3607	Snafus at Stanford for a Stephen and a Steven on the Lemelson-MIT Prize embargo	https://embargowatch.wordpress.com/2012/06/05/snafus-at-stanford-for-a-stephen-and-a-steven-on-the-lemelson-mit-prize-embargo/
2012-06-03	3604	ASCO lifts embargo early on study of breast cancer drug T-DM1 after break	https://embargowatch.wordpress.com/2012/06/03/asco-lifts-embargo-early-on-study-of-breast-cancer-drug-t-dm1-after-break/
2012-06-01	3595	Daily Telegraph reporter loses access to JAMA and Archives journals after breaking embargo on preemies-mental illness study	https://embargowatch.wordpress.com/2012/06/01/daily-telegraph-reporter-loses-access-to-jama-and-archives-journals-after-breaking-embargo-on-preemies-mental-illness-study/
2012-05-21	3587	Unintended consequences? What the new ASCO embargo policies have wrought	https://embargowatch.wordpress.com/2012/05/21/unintended-consequences-what-the-new-asco-embargo-policies-have-wrought/
2012-05-16	3582	PLoS ONE lifts “gaydar” study embargo early after premature coverage	https://embargowatch.wordpress.com/2012/05/16/plos-one-lifts-gaydar-study-embargo-early-after-premature-coverage/
2012-05-15	3561	Sugar makes embargoes stupid, and doesn’t do wonders for a press release, either	https://embargowatch.wordpress.com/2012/05/15/sugar-makes-embargoes-stupid-and-doesnt-do-wonders-for-a-press-release-either/
2012-05-07	3553	Did someone just…Cell Press lifts embargo on farting dinosaurs paper after early coverage	https://embargowatch.wordpress.com/2012/05/07/cell-press-lifts-embargo-on-farting-dinosaurs-paper-after-early-coverage/
2012-05-01	3539	A truly appalling press release from Cell Press on “life-extending red wine ingredient”	https://embargowatch.wordpress.com/2012/05/01/a-truly-appalling-press-release-from-cell-press-on-life-extending-red-wine-ingredient/
2012-04-19	3531	Think losing access to journals for breaking embargoes is bad? At least they don’t call the police	https://embargowatch.wordpress.com/2012/04/19/think-losing-access-to-journals-for-breaking-embargoes-is-bad-at-least-they-dont-call-the-police/
2012-04-18	3523	Ingelfinger soul-searching on the New England Journal of Medicine’s 200th birthday?	https://embargowatch.wordpress.com/2012/04/18/ingelfinger-soul-searching-on-the-new-england-journal-of-medicines-200th-birthday/
2012-04-04	3511	Unclear on the concept? One freelancer’s frustrating experience with an AACR abstract embargo	https://embargowatch.wordpress.com/2012/04/04/unclear-on-the-concept-one-freelancers-frustrating-experience-with-an-aacr-abstract/
2012-04-03	3500	Did a NY Times reporter moderating a panel break an embargo? Or, what does “for planning purposes” mean?	https://embargowatch.wordpress.com/2012/04/03/did-a-ny-times-reporter-moderating-a-panel-break-an-embargo-or-what-does-for-planning-purposes-mean/
2012-03-29	3493	Another new set of autism figures, another botched CDC embargo: An Embargo Watch tick-tock	https://embargowatch.wordpress.com/2012/03/29/another-new-set-of-autism-figures-another-botched-cdc-embargo-an-embargo-watch-tick-tock/
2012-03-22	3485	Facing criticism, EASL changes its embargo policy — and earns a spot on the Embargo Watch Honor Roll	https://embargowatch.wordpress.com/2012/03/22/facing-criticism-easl-changes-its-embargo-policy-and-earns-a-spot-on-the-embargo-watch-honor-roll/
2012-03-21	3476	Confusion reigns as PR firm-managed EASL embargo lets investors have access to abstracts before they’re public	https://embargowatch.wordpress.com/2012/03/21/confusion-reigns-as-pr-firm-managed-easl-embargo-lets-investors-have-access-to-abstracts-before-theyre-public/
2012-03-20	3465	Did some news outlets get a negotiated exclusive on Climate Central sea rise study despite universal embargo?	https://embargowatch.wordpress.com/2012/03/20/did-some-outlets-get-a-negotiated-exclusive-on-climate-central-sea-rise-study-despite-universal-embargo/
2012-03-09	3455	USPSTF takes another tack on announcing screening guidelines, this time on cervical cancer	https://embargowatch.wordpress.com/2012/03/09/uspstf-takes-another-tack-on-announcing-screening-guidelines-this-time-on-cervical-cancer/
2012-02-26	3448	The envelope, please: The history of the Oscars and embargoes	https://embargowatch.wordpress.com/2012/02/26/the-envelope-please-the-history-of-the-oscars-and-embargoes/
2012-02-15	3438	PLoS ONE lifts tiny Madagascar chameleon study embargo early after Daily Mail story, confusion on images	https://embargowatch.wordpress.com/2012/02/15/plos-one-lifts-tiny-madagascar-chameleon-study-embargo-early-after-daily-mail-story/
2012-02-14	3431	Society for Maternal-Fetal Medicine plays “freely available but embargoed” game — with a Groundhog Day twist	https://embargowatch.wordpress.com/2012/02/14/society-for-maternal-fetal-medicine-plays-freely-available-but-embargoed-game-with-a-groundhog-day-twist/
2012-02-09	3420	Ingelfinger Rule, be damned: Purdue press-releases football concussions study that isn’t published yet	https://embargowatch.wordpress.com/2012/02/09/ingelfinger-rule-be-damned-purdue-press-releases-football-concussions-study-that-isnt-published-yet/
2012-02-03	3402	Embargoes and exclusives don’t mix: New York Times story about Neuron study reveals a problem	https://embargowatch.wordpress.com/2012/02/03/embargoes-and-exclusives-dont-mix-new-york-times-story-about-neuron-reveals-a-problem/
2012-02-02	3391	Neuron won’t enforce “embargo” after New York Times reports on Alzheimer’s study	https://embargowatch.wordpress.com/2012/02/02/neuro-wont-enforce-embargo-after-new-york-times-reports-on-alzheimers-study/
2012-01-24	3380	Confusion at PNAS as unpublished dinosaur nest paper gets coverage. Plus: Fill our their survey!	https://embargowatch.wordpress.com/2012/01/24/confusion-at-pnas-as-unpublished-dinosaur-nest-paper-gets-coverage-plus-fill-our-their-survey/
2012-01-24	3373	Reporters, take note: Elsevier promotes non-embargoed studies in new email service	https://embargowatch.wordpress.com/2012/01/24/reporters-take-note-elsevier-promotes-non-embargoed-studies-in-new-email-service/
2012-01-23	3358	Study about potential effects of new autism definition spotlights the Ingelfinger Rule	https://embargowatch.wordpress.com/2012/01/23/study-about-potential-effects-of-new-autism-definition-spotlights-the-ingelfinger-rule/
2012-01-17	3342	AACR joins the Embargo Watch Honor Roll with a new policy on sanctions	https://embargowatch.wordpress.com/2012/01/17/aacr-joins-the-embargo-watch-honor-roll-with-a-new-policy-on-sanctions/
2012-01-16	3337	American Journal of Preventive Medicine lifts exergames study embargo early after break	https://embargowatch.wordpress.com/2012/01/16/american-journal-of-preventive-medicine-lifts-exergames-study-embargo-early-after-break/
2012-01-10	3325	Wiley lifts embargo on smoking Mayans study early after biologist posts a press release he never signed up for	https://embargowatch.wordpress.com/2012/01/10/wiley-lifts-embargo-on-smoking-mayans-study-early-after-biologist-posts-a-press-release-he-never-signed-up-for/
2012-01-03	3319	Dutch news agency breaks PNAS Stradivarius study embargo	https://embargowatch.wordpress.com/2012/01/03/dutch-news-agency-breaks-pnas-stradivarius-study-embargo/
2011-12-31	3312	A blog spoke, they listened: A look at groups that joined the Embargo Watch Honor Roll in 2011	https://embargowatch.wordpress.com/2011/12/31/a-blog-spoke-they-listened-a-look-at-groups-that-joined-the-embargo-watch-honor-roll-in-2011/
2011-12-30	3301	Neurology breaks its own embargo — again	https://embargowatch.wordpress.com/2011/12/30/neurology-breaks-its-own-embargo-again/
2011-12-30	3294	Do PR agencies really think it’s a good idea to send reporters gifts?	https://embargowatch.wordpress.com/2011/12/30/do-pr-agencies-really-think-its-a-good-idea-to-send-reporters-gifts/
2011-12-28	3282	What should physics writers do about the arXiv “freely available but embargoed” problem?	https://embargowatch.wordpress.com/2011/12/28/what-should-physics-writers-do-about-the-arxiv-freely-available-but-embargoed-problem/
2011-12-23	3269	A wild and woolly week at Science: Breaking their own embargo, censorship allegations, and the CFS-XMRV retraction	https://embargowatch.wordpress.com/2011/12/23/a-wild-and-woolly-week-at-science-breaking-their-own-embargo-censorship-allegations-and-the-cfs-xmrv-retraction/
2011-12-09	3257	AACR lifts diet-breast cancer study embargo early after MSNBC break	https://embargowatch.wordpress.com/2011/12/09/aacr-lifts-diet-breast-cancer-study-embargo-early-after-msnbc-break/
2011-12-05	3248	Embargo disappears into two supermassive black holes after Sunday Times story	https://embargowatch.wordpress.com/2011/12/05/embargo-disappears-into-two-supermassive-black-holes-after-sunday-times-story/
2011-12-05	3243	The Girl with the Embargoed Tattoo: New Yorker film critic banned from screenings after jumping the gun	https://embargowatch.wordpress.com/2011/12/05/the-girl-with-the-embargoed-tattoo-new-yorker-film-critic-banned-from-screenings-after-jumping-the-gun/
2011-11-28	3233	Radiological society lifts video games-violence study embargo early after “break,” but abstract was freely available online	https://embargowatch.wordpress.com/2011/11/28/radiological-society-lifts-video-games-violence-study-embargo-early-after-break-but-abstract-was-freely-available-online/
2011-11-11	3219	Pediatricians’ group lifts embargo on new cholesterol screening guidelines after AP story runs	https://embargowatch.wordpress.com/2011/11/11/ap-breaks-embargo-on-new-cholesterol-screening-guidelines-for-kids/
2011-10-12	3212	Astronomy meeting reveals the real problem with the Ingelfinger Rule	https://embargowatch.wordpress.com/2011/10/12/astronomy-meeting-reveals-the-real-problem-with-the-ingelfinger-rule/
2011-10-10	3205	Vicks VapoRub: What not to do in a PR campaign	https://embargowatch.wordpress.com/2011/10/10/vicks-vaporub-what-not-to-do-in-a-pr-campaign/
2011-10-03	3199	Embargoes and the Ingelfinger Rule: My presentation to SWINY	https://embargowatch.wordpress.com/2011/10/03/embargoes-and-the-ingelfinger-rule-my-presentation-to-swiny/
2011-09-26	3190	Update from CERN communications director on neutrinos (potentially) traveling faster than light	https://embargowatch.wordpress.com/2011/09/26/update-from-cern-communications-director-on-neutrinos-potentially-traveling-faster-than-light/
2011-09-26	3185	German paper broke XMRV-chronic fatigue syndrome story embargo, but won’t face sanctions	https://embargowatch.wordpress.com/2011/09/26/german-paper-broke-xmrv-chronic-fatigue-syndrome-story-embargo-but-wont-face-sanctions/
2011-09-23	3170	Did Reuters and the BBC break the embargo on the neutrinos-speed of light story?	https://embargowatch.wordpress.com/2011/09/23/did-reuters-and-the-bbc-break-the-embargo-on-the-neutrinos-speed-of-light-story/
2011-09-19	3165	Confusion, human error likely lead to posting of Journal of Pediatrics study before embargo lifts	https://embargowatch.wordpress.com/2011/09/19/confusion-human-error-likely-lead-to-posting-of-journal-of-pediatrics-study-before-embargo-lifts/
2011-09-15	3160	PNAS lifts bird extinction paper embargo because of “highly unusual circumstance”	https://embargowatch.wordpress.com/2011/09/15/pnas-lifts-bird-extinction-paper-embargo-because-of-highly-unusual-circumstance/
2011-09-15	3157	Science lifts dinosaur feathers study after Asahi Shimbun breaks embargo	https://embargowatch.wordpress.com/2011/09/15/science-lifts-dinosaur-feathers-study-after-asahi-shimbun-breaks-embargo/
2011-09-14	3141	Update on posting studies at embargo time, a change at Health Affairs, and an Embargo Watch apology	https://embargowatch.wordpress.com/2011/09/14/update-on-posting-studies-at-embargo-time-a-change-at-health-affairs-and-an-embargo-watch-apology/
2011-09-09	3136	PNAS lifts nicotine-dopamine study embargo early after break	https://embargowatch.wordpress.com/2011/09/09/pnas-lifts-nicotine-dopamine-study-embargo-early-after-break/
2011-09-08	3124	Scripps Howard blames empty toner cartridge for JNCI embargo break	https://embargowatch.wordpress.com/2011/09/08/scripps-howard-blames-empty-toner-cartridge-for-jnci-embargo-break/
2011-09-08	3112	Why can’t online vendors post studies on time? Health Affairs issue goes online before embargo lifts	https://embargowatch.wordpress.com/2011/09/08/why-cant-online-vendors-post-studies-on-time-health-affairs-issue-goes-online-before-embargo-lifts/
2011-09-07	3103	NEJM lifts brain artery stenting study embargo early after Pittsburgh Post-Gazette break	https://embargowatch.wordpress.com/2011/09/07/nejm-lifts-brain-artery-stenting-study-embargo-early-after-pittsburgh-post-gazette-break/
2011-08-31	3081	University of Kentucky sports PIO punishes student newspaper for interviewing basketball players before “embargo”	https://embargowatch.wordpress.com/2011/08/31/university-of-kentucky-sports-pio-punishes-student-newspaper-for-interviewing-basketball-players-before-embargo/
2011-08-25	3076	American Journal of Preventive Medicine lifts embargo early after technical issue leads to coverage	https://embargowatch.wordpress.com/2011/08/25/american-journal-of-preventive-medicine-lifts-embargo-early-after-technical-issue-leads-to-coverage/
2011-08-18	3068	Elsevier obstetrics-gynecology journal “stunned” to learn embargoed cervical cancer screening study is already online	https://embargowatch.wordpress.com/2011/08/18/elsevier-obstetrics-gynecology-journal-stunned-to-learn-embargoed-cervical-cancer-screening-study-is-already-online/
2011-08-12	3065	Nature lifts butterfly mimicry genes study embargo after break by Le Monde	https://embargowatch.wordpress.com/2011/08/12/nature-lifts-butterfly-mimicry-genes-study-embargo-after-break-by-le-monde/
2011-08-04	3039	Pinch me: NEJM-owned publication breaks Lancet embargo	https://embargowatch.wordpress.com/2011/08/04/nejm-owned-publication-breaks-lancet-embargo/
2011-07-14	3031	CHEST announces a new embargo policy that puts them on the Embargo Watch Honor Roll	https://embargowatch.wordpress.com/2011/07/14/chest-announces-a-new-embargo-policy-that-puts-them-on-the-embargo-watch-honor-roll/
2011-07-13	3024	CBS breaks embargo on stem cells-brain tumor study, won’t face sanctions	https://embargowatch.wordpress.com/2011/07/13/cbs-breaks-embargo-on-stem-cells-brain-tumor-study-wont-face-sanctions/
2011-06-29	3012	Unprecedented? Archives of Internal Medicine yanks transcendental meditation paper 12 minutes before it’s scheduled to publish	https://embargowatch.wordpress.com/2011/06/29/unprecedented-archives-of-internal-medicine-yanks-transcendental-meditation-paper-12-minutes-before-its-scheduled-to-publish/
2011-06-22	2999	Wait, Guardian bloggers shouldn’t get access to Nature’s embargoed materials? A guest post by Martin Robbins	https://embargowatch.wordpress.com/2011/06/22/wait-guardian-bloggers-shouldnt-get-access-to-natures-embargoed-materials-a-guest-post-by-martin-robbins/
2011-06-16	2995	Archives of Dermatology breaks its own embargo	https://embargowatch.wordpress.com/2011/06/16/archives-of-dermatology-breaks-its-own-embargo/
2011-06-15	2986	A nightmare of a policy: American Academy of Sleep Medicine goes “freely available but embargoed”	https://embargowatch.wordpress.com/2011/06/15/a-nightmare-of-a-policy-american-academy-of-sleep-medicine-goes-freely-available-but-embargoed/
2011-06-14	2977	FDA makes the right move, reversing itself and letting reporters speak to sources before embargo lifts	https://embargowatch.wordpress.com/2011/06/14/fda-makes-the-right-move-reversing-itself-and-letting-reporters-speak-to-sources-before-embargo-lifts/
2011-06-06	2962	It’s ASCO time: USA Today breaks NEJM embargoes on vemurafenib and ipilimumab studies, but no sanctions. Plus: Ingelfinger!	https://embargowatch.wordpress.com/2011/06/06/its-asco-time-usa-today-breaks-nejm-embargoes-on-vemurafenib-and-ipilimumab-studies-but-no-sanctions-plus-ingelfinger/
2011-06-02	2956	Politico breaks yet another embargo, this one of an Institute of Medicine report	https://embargowatch.wordpress.com/2011/06/02/politico-breaks-yet-another-embargo-this-one-of-an-institute-of-medicine-report/
2011-05-31	2949	Science does the right thing, releasing XMRV-chronic fatigue material early, no sanctions for WSJ	https://embargowatch.wordpress.com/2011/05/31/science-does-the-right-thing-releasing-xmrv-chronic-fatigue-material-early-no-sanctions-for-wsj/
2011-05-26	2934	BBC breaks embargo on distant gamma ray burst story from AAS, but won’t face sanctions	https://embargowatch.wordpress.com/2011/05/26/bbc-breaks-embargo-on-distant-gamma-ray-burst-story-from-aas-but-wont-face-sanctions/
2011-05-26	2930	Reporters: EurekAlert wants to hear what you think	https://embargowatch.wordpress.com/2011/05/26/reporters-eurekalert-wants-to-hear-what-you-think/
2011-05-23	2921	U.S. Census Bureau reinstates embargo, and has it promptly broken	https://embargowatch.wordpress.com/2011/05/23/u-s-census-bureau-reinstates-embargo-and-has-it-promptly-broken/
2011-05-20	2881	EULAR suffers an “embargo break” because their abstracts are freely available online	https://embargowatch.wordpress.com/2011/05/20/eular-suffers-an-embargo-break-because-their-abstracts-are-freely-available-online/
2011-05-18	2897	Society vs. Society? American Thoracic Society breaks American Heart Association embargo	https://embargowatch.wordpress.com/2011/05/18/society-vs-society-american-thoracic-society-breaks-american-heart-association-embargo/
2011-05-17	2883	Three card monte? American Thoracic Society conference abstracts are fair game except for some — but don’t ask which	https://embargowatch.wordpress.com/2011/05/17/three-card-monte-american-thoracic-society-conference-abstracts-are-fair-game-except-for-some-but-dont-ask-which/
2011-05-16	2860	Press officer admits “unwise decision” embargoing already available tarantula-silk paper	https://embargowatch.wordpress.com/2011/05/16/press-officer-admits-unwise-decision-embargoing-already-available-tarantula-silk-paper/
2011-05-02	2850	Embargoes and more: How to get journalists’ attention in a wired world	https://embargowatch.wordpress.com/2011/05/02/embargoes-and-more-how-to-get-journalists-attention-in-a-wired-world/
2011-04-29	2841	A tally of April’s wild and woolly embargo breaks, capped by a publisher error at JNCI	https://embargowatch.wordpress.com/2011/04/29/a-tally-of-aprils-wild-and-woolly-embargo-breaks-capped-by-a-publisher-error-at-jnci/
2011-04-28	2821	Plausible deniability: Avastin, Lucentis, AMD, ARVO, and a chink in the Ingelfinger armor	https://embargowatch.wordpress.com/2011/04/28/plausible-deniability-avastin-lucentis-amd-arvo-and-a-chink-in-the-ingelfinger-armor/
2011-04-28	2809	Cell Press jumps the shark, royal wedding edition	https://embargowatch.wordpress.com/2011/04/28/cell-press-jumps-the-shark-royal-wedding-edition/
2011-04-25	2804	Science lifts embargo early on Marc Hauser replication study	https://embargowatch.wordpress.com/2011/04/25/science-lifts-embargo-early-on-marc-hauser-replication-study/
2011-04-21	2790	F1000 vs. Ingelfinger, part two: Blood and The Journal of Proteome Research respond	https://embargowatch.wordpress.com/2011/04/21/f1000-vs-ingelfinger-part-two-blood-and-the-journal-of-proteome-research-respond/
2011-04-14	2781	Wednesday is break one embargo, get another one free day at Nature, American Journal of Public Health	https://embargowatch.wordpress.com/2011/04/14/wednesday-is-break-one-embargo-get-another-one-free-day-at-nature-american-journal-of-public-health/
2011-04-11	2771	Unusual: American Academy of Neurology lifts laquinimod MS embargo early after investment firm Jefferies breaks it	https://embargowatch.wordpress.com/2011/04/11/unusual-american-academy-of-neurology-lifts-laquinimod-ms-embargo-early-after-investment-firm-jefferies-breaks-it/
2011-04-11	2768	PNAS lifts embargo on multitasking-memory study after New York Times embargo break	https://embargowatch.wordpress.com/2011/04/11/pnas-lifts-embargo-on-multitasking-memory-study-after-new-york-times-embargo-break/
2011-04-04	2755	MedPage Today temporarily banned from ACC press room after unintentional PARTNER study embargo break	https://embargowatch.wordpress.com/2011/04/04/medpage-today-temporarily-banned-from-acc-press-room-after-unintentional-partner-study-embargo-break/
2011-04-01	2747	Bloomberg breaks AACR embargo on basal cell cancer study	https://embargowatch.wordpress.com/2011/04/01/bloomberg-breaks-aacr-embargo-on-basal-cell-cancer-study/
2011-04-01	2709	Faculty of 1000 strikes a blow against the Ingelfinger Rule	https://embargowatch.wordpress.com/2011/04/01/faculty-of-1000-strikes-a-blow-against-the-ingelfinger-rule/
2011-03-31	2729	Should reporters be required to listen to a briefing to get embargoed material? A poll	https://embargowatch.wordpress.com/2011/03/31/should-reporters-be-required-to-listen-to-a-briefing-to-get-embargoed-material/
2011-03-31	2720	Universe Today jettisons embargoes	https://embargowatch.wordpress.com/2011/03/31/universe-today-jettisons-embargoes/
2011-03-28	2644	Gastroenterology journal takes “freely available but embargoed” one step further, violating its own policy	https://embargowatch.wordpress.com/2011/03/28/gastroenterology-journal-takes-freely-available-but-embargoed-one-step-further/
2011-03-24	2692	We asked for it, you got it: NEJM to provide draft abstracts to give reporters more time	https://embargowatch.wordpress.com/2011/03/24/we-asked-for-it-you-got-it-nejm-to-provide-draft-abstracts-to-give-reporters-more-time/
2011-03-22	2658	Who gets access to embargoed content? EurekAlert revokes io9.com’s, but only briefly	https://embargowatch.wordpress.com/2011/03/22/who-gets-access-to-embargoed-content-eurekalert-revokes-io9-coms-but-only-briefly/
2011-03-11	2646	EASL responds to questions about whether PR firms with drug company clients also rep scientific societies	https://embargowatch.wordpress.com/2011/03/11/easl-responds-to-questions-about-whether-pr-firms-with-drug-company-clients-also-rep-scientific-societies/
2011-03-09	2627	Should big PR firms that represent drug companies also run scientific societies’ media operations?	https://embargowatch.wordpress.com/2011/03/09/should-big-pr-firms-that-represent-drug-companies-also-run-scientific-societies-media-operations/
2011-03-08	2617	The power of the press release: A tale of two fish oil-chemotherapy studies	https://embargowatch.wordpress.com/2011/03/08/the-power-of-the-press-release-a-tale-of-two-fish-oil-chemotherapy-studies/
2011-03-07	2604	Lawsuit threat could delay UK edition of Paul Offit’s book about anti-vaccine movement	https://embargowatch.wordpress.com/2011/03/07/lawsuit-threat-could-delay-uk-edition-of-paul-offits-book-about-anti-vaccine-movement/
2011-02-25	2590	Catalyzed by Embargo Watch, AAS does away with “freely available but embargoed”	https://embargowatch.wordpress.com/2011/02/25/catalyzed-by-embargo-watch-aas-does-away-with-freely-available-but-embargoed/
2011-02-21	2585	Oops! Neurology posts new issue early, lifts embargo	https://embargowatch.wordpress.com/2011/02/21/oops-neurology-posts-new-issue-early-lifts-embargo/
2011-02-16	2580	Update on Aeron Haworth and Ed Yong: An apology, accepted	https://embargowatch.wordpress.com/2011/02/16/update-on-aeron-haworth-and-ed-yong-an-apology-accepted/
2011-02-15	2571	Cochrane Library lifts embargo on zinc for colds study early after a break	https://embargowatch.wordpress.com/2011/02/15/cochrane-library-lifts-embargo-on-zinc-for-colds-study-early-after-a-break/
2011-02-14	2556	How to demonstrate you’re not about transparency — and piss off reporters — as a PIO	https://embargowatch.wordpress.com/2011/02/14/how-to-demonstrate-youre-not-about-transparency-and-piss-off-reporters-as-a-pio/
2011-02-10	2542	Why the New England Journal of Medicine’s handling of a spina bifida study embargo makes me doubt their good intentions	https://embargowatch.wordpress.com/2011/02/10/why-the-new-england-journal-of-medicines-handling-of-a-spina-bifida-study-embargo-makes-me-doubt-their-good-intentions/
2011-02-03	2534	AMA release fouled by internal glitch the week AP technical glitch breaks JAMA embargo	https://embargowatch.wordpress.com/2011/02/03/ama-release-fouled-by-internal-glitch-the-week-ap-technical-glitch-breaks-jama-embargo/
2011-02-02	2528	NEJM lifts c difficile embargo early after Montreal Gazette breaks it; Optimer stock spikes	https://embargowatch.wordpress.com/2011/02/02/nejm-lifts-c-difficile-embargo-early-after-montreal-gazette-breaks-it-optimer-stock-spikes/
2011-02-02	2516	It’s Complicated: The Lancet debuts a new embargo system	https://embargowatch.wordpress.com/2011/02/02/its-complicated-the-lancet-debuts-a-new-embargo-system/
2011-02-01	2511	AP technical glitch unintentionally breaks JAMA Avastin study embargo	https://embargowatch.wordpress.com/2011/02/01/ap-technical-glitch-unintentionally-breaks-jama-avastin-study-embargo/
2011-01-31	2503	We can haz change: American Diabetes Association says no more “freely available but embargoed”	https://embargowatch.wordpress.com/2011/01/31/we-can-haz-change-american-diabetes-association-says-no-more-freely-available-but-embargoed/
2011-01-28	2494	FDA wants stenographers? Agency says reporters can’t interview anyone before its embargo lifts	https://embargowatch.wordpress.com/2011/01/28/fda-says-reporters-cant-interview-anyone-before-its-embargo-lifts/
2011-01-26	2485	Did National Journal break the State of the Union embargo?	https://embargowatch.wordpress.com/2011/01/26/did-national-journal-break-the-state-of-the-union-embargo/
2011-01-19	2477	EurekAlert retracts press release, and a Guardian reporter sanctioned by EurekAlert reports on it	https://embargowatch.wordpress.com/2011/01/19/eurekalert-retracts-press-release-and-a-guardian-reporter-sanctioned-by-eurekalert-reports-on-it/
2011-01-14	2469	Heads up, reporters: Press officers for a number of UK and European scientific societies are cleaning their embargo lists	https://embargowatch.wordpress.com/2011/01/14/heads-up-reporters-press-officers-for-a-number-of-uk-and-european-scientific-societies-are-cleaning-their-embargo-lists/
2011-01-13	2462	Politico breaks American Journal of Public Health embargo on conflict of interest study	https://embargowatch.wordpress.com/2011/01/13/politico-breaks-american-journal-of-public-health-embargo/
2011-01-13	2451	How not to embargo an announcement, ScienceOnline2011 edition	https://embargowatch.wordpress.com/2011/01/13/how-not-to-embargo-an-announcement-scienceonline2011-edition/
2011-01-10	2443	UK gov’t dept: This release we wrote is embargoed. But it’s live, and we’re going to tweet about it	https://embargowatch.wordpress.com/2011/01/10/this-release-we-wrote-is-embargoed-but-its-live-and-were-going-to-tweet-about-it/
2011-01-10	2432	Can a comic book break an embargo? A case study involving Hanny’s Voorwerp	https://embargowatch.wordpress.com/2011/01/10/can-a-kids-comic-book-break-an-embargo-a-case-study-involving-hannys-voorwerp/
2011-01-05	2416	Does a tweet break an embargo? A case study involving the BMJ, autism, vaccines, and an alleged hoax	https://embargowatch.wordpress.com/2011/01/05/does-a-tweet-break-an-embargo-a-case-study-involving-the-bmj-autism-vaccines-and-an-alleged-hoax/
2011-01-04	2402	A bad start to 2011 for JAMA/Archives embargoes	https://embargowatch.wordpress.com/2011/01/04/a-bad-start-to-2011-week-for-jamaarchives-embargoes/
2010-12-31	2392	Top Embargo Watch posts of 2010, and a short wish list for 2011	https://embargowatch.wordpress.com/2010/12/31/top-embargo-watch-posts-of-2010-and-a-short-wish-list-for-2011/
2010-12-30	2387	So when does that journal’s embargo lift, anyway? A site that will tell you	https://embargowatch.wordpress.com/2010/12/30/so-when-does-that-journals-embargo-lift-anyway-a-site-that-will-tell-you/
2010-12-22	2379	La Razon breaks Nature Denisova new human fossil embargo	https://embargowatch.wordpress.com/2010/12/22/la-razon-breaks-nature-denisova-new-human-fossil-embargo/
2010-12-17	2350	A new development, courtesy the ASCB: The indefinite embargo	https://embargowatch.wordpress.com/2010/12/17/a-new-development-courtesy-the-ascb-the-indefinite-embargo/
2010-12-16	2343	What if medical and science reporting was more like legal reporting?	https://embargowatch.wordpress.com/2010/12/16/what-if-medical-and-science-reporting-was-more-like-legal-reporting/
2010-12-13	2329	OECD wants to punish German daily Süddeutsche Zeitung for PISA education study embargo break	https://embargowatch.wordpress.com/2010/12/13/oecd-wants-to-punish-german-daily-suddeutsche-zeitung-for-pisa-education-study-embargo-break/
2010-12-10	2317	NEJM improves from its 49-minute short embargo record	https://embargowatch.wordpress.com/2010/12/10/nejm-improves-from-its-49-minute-short-embargo-record/
2010-12-09	2301	AACR breaks its own AZURE embargo on Twitter	https://embargowatch.wordpress.com/2010/12/09/aacr-breaks-its-own-embargo-on-twitter/
2010-12-08	2291	Did NASA follow its own code of conduct in announcing the arsenic bacteria study? (Hint: No)	https://embargowatch.wordpress.com/2010/12/08/did-nasa-follow-its-own-code-of-conduct-in-announcing-the-arsenic-bacteria-study-hint-no/
2010-12-07	2277	An arsenic bacteria postmortem: NASA responds, tries to pit blogs vs. “credible media organizations”	https://embargowatch.wordpress.com/2010/12/07/an-arsenic-bacteria-postmortem-nasa-responds-tries-to-pit-blogs-vs-credible-media-organizations/
2010-12-03	2257	Why “alien” life, aka arsenic-loving bacteria, embargo fiasco was deja vu for Sun Spaceman Paul Sutherland	https://embargowatch.wordpress.com/2010/12/03/why-alien-life-aka-arsenic-loving-bacteria-embargo-fiasco-was-deja-vu-for-sun-spaceman-paul-sutherland/
2010-12-03	2246	Did you know you could have bet on the NASA arsenic-based bacteria find?	https://embargowatch.wordpress.com/2010/12/03/did-you-know-you-could-have-bet-on-the-nasa-arsenic-based-bacteria-find/
2010-12-02	2215	Science gets it (mostly) wrong again: My take on the NASA astrobiology paper	https://embargowatch.wordpress.com/2010/12/02/science-gets-it-wrong-again-my-take-on-the-nasa-astrobiology-paper/
2010-12-01	2222	Greetings, Earthlings. Sorry to make you wait to talk NASA, but…	https://embargowatch.wordpress.com/2010/12/01/greetings-earthlings-sorry-to-make-you-wait-to-talk-nasa-but/
2010-11-23	2192	Answering to a higher authority: What’s the punishment for breaking a Vatican embargo?	https://embargowatch.wordpress.com/2010/11/23/answering-to-a-higher-authority-whats-the-punishment-for-breaking-a-vatican-embargo/
2010-11-19	2177	What’s going on at the Cell press office?	https://embargowatch.wordpress.com/2010/11/19/whats-going-on-at-the-cell-press-office/
2010-11-19	2173	This week’s embargo breaks, celebrity edition: Facebook causes asthma, NRC Gulf oil spill report	https://embargowatch.wordpress.com/2010/11/19/this-weeks-embargo-breaks-celebrity-edition-facebook-causes-asthma-nrc-gulf-oil-spill-report/
2010-11-15	2166	Robert Scoble breaks an embargo, and apologizes for it	https://embargowatch.wordpress.com/2010/11/15/robert-scoble-breaks-an-embargo-and-apologizes-for-it/
2010-11-10	2148	Quid pro quo? American Cetacean Society tells freelancer he can only have a press pass if it’s a “mutually beneficial relationship”	https://embargowatch.wordpress.com/2010/11/10/quid-pro-quo-american-cetacean-society-tells-freelancer-he-can-only-have-a-press-pass-if-its-a-mutually-beneficient-relationship/
2010-11-10	2132	Lancet appears to have changed its “two different embargo times” policy	https://embargowatch.wordpress.com/2010/11/10/lancet-appears-to-have-changed-its-two-different-embargo-times-policy/
2010-11-09	2137	German news outlet breaks embargo on UNESCO Science Report	https://embargowatch.wordpress.com/2010/11/09/german-news-outlet-breaks-embargo-on-unesco-science-report/
2010-11-09	2129	No, the AP didn’t break that sex-hypertexting teens embargo	https://embargowatch.wordpress.com/2010/11/09/no-the-ap-didnt-break-that-sex-hypertexting-teens-embargo/
2010-11-03	2112	Live from the University of Wisconsin-Madison: A new suggested language for embargo policies	https://embargowatch.wordpress.com/2010/11/03/a-new-suggested-language-for-embargo-policies-and-more-from-my-university-of-wisconsin-madison-public-lecture/
2010-11-02	2093	Confusion reigns as Mount Sinai embargoes a peanut allergy study that’s already published	https://embargowatch.wordpress.com/2010/11/02/confusion-reigns-as-mount-sinai-embargoes-a-peanut-allergy-study-thats-already-published/
2010-11-01	2102	Be careful: It’s weird embargo time season	https://embargowatch.wordpress.com/2010/11/01/be-careful-its-weird-embargo-time-season/
2010-10-28	2084	Things I like: EORTC-NCI-AACR symposium embargo policy, Lancet apology	https://embargowatch.wordpress.com/2010/10/28/things-i-like-eortc-nci-aacr-symposium-embargo-policy-lancet-apology/
2010-10-26	2074	Jenny Craig decides a JAMA study available online isn’t published yet — or maybe it is?	https://embargowatch.wordpress.com/2010/10/26/jenny-craig-decides-a-jama-study-available-online-isnt-published-yet-or-maybe-it-is/
2010-10-21	2065	You’re doing it wrong: Sending material and calling it embargoed before an agreement doesn’t make it so	https://embargowatch.wordpress.com/2010/10/21/youre-doing-it-wrong-sending-material-and-calling-it-embargoed-before-an-agreement-doesnt-make-it-so/
2010-10-15	2056	Out-foxing UK Sunday papers: ESHRE lifts IVF study embargo early in anticipation of coverage	https://embargowatch.wordpress.com/2010/10/15/out-foxing-uk-sunday-papers-eshre-lifts-ivf-study-embargo-early-in-anticipation-of-coverage/
2010-10-13	2047	CMAJ osteoporosis guideline embargo broken inadvertently	https://embargowatch.wordpress.com/2010/10/13/cmaj-osteoporosis-guideline-embargo-broken-inadvertently/
2010-10-13	2039	Last week’s embargo breaks: ESMO T-DM1 study, IMS report on pharma sales growth	https://embargowatch.wordpress.com/2010/10/13/last-weeks-embargo-breaks-esmo-t-dm1-study-ims-report-on-pharma-sales-growth/
2010-10-08	2033	AAS plays the “freely available but embargoed” game with its conference abstracts	https://embargowatch.wordpress.com/2010/10/08/aas-plays-the-freely-available-but-embargoed-game-with-its-conference-abstracts/
2010-10-05	2022	What moving science writing “upstream” could mean for embargoes	https://embargowatch.wordpress.com/2010/10/05/what-moving-science-writing-upstream-could-mean-for-embargoes/
2010-10-01	2014	Are NDAs the new embargo agreements? Humana and Walmart seem to think so	https://embargowatch.wordpress.com/2010/10/01/when-an-embargo-agreement-isnt-enough-use-an-nda-say-humana-and-walmart/
2010-10-01	2006	American Journal of Kidney Diseases pulls a two-fer: A Groundhog Day embargo of a study that’s freely available	https://embargowatch.wordpress.com/2010/10/01/american-journal-of-kidney-diseases-pulls-a-two-fer-a-groundhog-day-embargo-of-a-study-thats-freely-available/
2010-09-29	1996	ASCO lifts embargo early on study of mammograms in women between 40 and 49	https://embargowatch.wordpress.com/2010/09/29/asco-lifts-embargo-early-on-study-of-mammograms-in-women-between-40-and-49/
2010-09-28	1988	What makes an embargo an embargo? Views from PNAS and Cell	https://embargowatch.wordpress.com/2010/09/28/what-makes-an-embargo-an-embargo-views-from-pnas-and-cell/
2010-09-23	1975	Nobelist Linda Buck retracts two studies on olfactory networks — and the news is embargoed	https://embargowatch.wordpress.com/2010/09/23/nobelist-linda-buck-retracts-two-studies-on-olfactory-networks-%e2%80%94-and-the-news-is-embargoed/
2010-09-22	1968	Discovery News seems to have broken embargo on PLoS One Kosmoceratops horned dinosaurs paper	https://embargowatch.wordpress.com/2010/09/22/discovery-news-seems-to-have-broken-embargo-on-plos-one-kosmoceratops-horned-dinosaurs-paper/
2010-09-22	1964	Does Nature Precedings give authors an embargo policy loophole?	https://embargowatch.wordpress.com/2010/09/22/does-nature-precedings-give-authors-an-embargo-policy-loophole/
2010-09-21	1959	Google broke Carter memoir embargo last week	https://embargowatch.wordpress.com/2010/09/21/google-broke-carter-memoir-embargo-last-week/
2010-09-21	1954	Did New York Times break Lasker embargo with AP story?	https://embargowatch.wordpress.com/2010/09/21/did-new-york-times-break-lasker-embargo-with-ap-story/
2010-09-17	1948	PLoS One friend network-flu study embargo broken	https://embargowatch.wordpress.com/2010/09/17/plos-one-friend-network-flu-study-embargo-broken/
2010-09-17	1944	The Ingelfinger Rule may be standing between you and chocolate — or a version of the cacao genome, anyway	https://embargowatch.wordpress.com/2010/09/17/the-ingelfinger-rule-may-be-standing-between-you-and-chocolate-or-a-version-of-the-cacao-genome-anyway/
2010-09-15	1938	NEJM breaks its own short embargo record, again: This time, 49 minutes	https://embargowatch.wordpress.com/2010/09/15/nejm-breaks-its-own-short-embargo-record-again-this-time-49-minutes/
2010-09-14	1933	Here we go again: Another Pew report embargo broken, this time by Nieman Journalism Lab	https://embargowatch.wordpress.com/2010/09/14/here-we-go-again-another-pew-report-embargo-broken-this-time-by-nieman-journalism-lab/
2010-09-13	1922	So can Google Realtime really tell you who broke that embargo?	https://embargowatch.wordpress.com/2010/09/13/so-can-google-realtime-really-tell-you-who-broke-that-embargo/
2010-09-09	1906	PNAS in the spotlight: An embargo break on oil sands-toxin study, and a new twist on “available but embargoed”	https://embargowatch.wordpress.com/2010/09/09/pnas-in-the-spotlight-an-embargo-break-on-oil-sands-toxin-study-and-a-new-twist-on-available-but-embargoed/
2010-09-08	1897	USA Today turns the tables, using a publicly available but embargoed Pediatrics flu guideline into an exclusive	https://embargowatch.wordpress.com/2010/09/08/usa-today-turns-the-tables-using-a-publicly-available-but-embargoed-pediatrics-flu-guideline-into-an-exclusive/
2010-09-07	1885	New England Journal of Medicine gets smart about early morning embargoes, maybe to avoid a Pew	https://embargowatch.wordpress.com/2010/09/07/new-england-journal-of-medicine-gets-smart-about-early-morning-embargoes-maybe-to-avoid-a-pew/
2010-08-27	1876	The Mockingjay embargo: Just as difficult to manage as scientific ones	https://embargowatch.wordpress.com/2010/08/27/the-mockingjay-embargo-just-as-difficult-to-manage-as-scientific-ones/
2010-08-25	1864	The retrobargo: European Society of Cardiology sends out an embargoed release hours after the embargo	https://embargowatch.wordpress.com/2010/08/25/the-retrobargo-european-society-of-cardiology-sends-out-an-embargoed-release-hours-after-the-embargo/
2010-08-24	1852	What scientific journals and societies can learn from Steve Buttry’s handling of the TBD launch	https://embargowatch.wordpress.com/2010/08/24/what-scientific-journals-and-societies-can-learn-from-steve-buttrys-handling-of-the-tbd-launch/
2010-08-23	1843	PNAS lifts embargo on virus-chronic fatigue syndrome study after break, but the real story is the study’s delayed publication	https://embargowatch.wordpress.com/2010/08/23/pnas-lifts-embargo-on-virus-chronic-fatigue-syndrome-study-after-break-but-the-real-story-is-the-studys-delayed-publication/
2010-08-20	1837	Guardian breaks embargo on Science oil spill plume paper, reporter removed from EurekAlert access	https://embargowatch.wordpress.com/2010/08/20/guardian-breaks-embargo-on-science-oil-spill-plume-paper-reporter-removed-from-eurekalert-access/
2010-08-19	1826	Yes, an advance online study is still in the public domain. You can’t embargo it	https://embargowatch.wordpress.com/2010/08/19/yes-an-advance-online-study-is-still-in-the-public-domain-you-cant-embargo-it/
2010-08-18	1811	Nature lifts Samoa-Tonga tsunami “double earthquake” study embargo early after stories appear	https://embargowatch.wordpress.com/2010/08/18/nature-lifts-samoa-tonga-tsunami-double-earthquake-study-embargo-early-after-stories-appear/
2010-08-18	1801	No, Society for General Microbiology, you cannot embargo something that has already been published	https://embargowatch.wordpress.com/2010/08/18/no-society-for-general-microbiology-you-cannot-embargo-something-that-has-already-been-published/
2010-08-12	1793	More weirdness around a Pew embargo, this time over broadband report	https://embargowatch.wordpress.com/2010/08/12/more-weirdness-around-a-pew-embargo-this-time-over-broadband-report/
2010-08-10	1782	American Thoracic Society changes its policy: No more “available but embargoed”	https://embargowatch.wordpress.com/2010/08/10/american-thoracic-society-changes-its-policy-no-more-available-but-embargoed/
2010-08-09	1773	Rare move? Archives of Internal Medicine lifts embargo early on vena cava filter study after FDA releases report	https://embargowatch.wordpress.com/2010/08/09/rare-move-archives-of-internal-medicine-lifts-embargo-early-on-vena-cava-filter-study-after-fda-releases-report/
2010-08-04	1767	Cell Metabolism comes close, but doesn’t beat NEJM for short embargo record	https://embargowatch.wordpress.com/2010/08/04/cell-metabolism-comes-close-but-doesnt-beat-nejm-for-short-embargo-record/
2010-08-03	1752	Did USA Today break the embargo on Pew Prescription Project report on drug safety?	https://embargowatch.wordpress.com/2010/08/03/did-usa-today-break-embargo-on-pew-prescription-project-report-on-drug-safety/
2010-08-03	1747	No longer embargoed: My new blog, Retraction Watch	https://embargowatch.wordpress.com/2010/08/03/no-longer-embargoed-my-new-blog-retraction-watch/
2010-07-29	1739	Wired — and lots of other pubs — get TechCrunch’d on Amazon’s new Kindle	https://embargowatch.wordpress.com/2010/07/29/wired-and-lots-of-other-pubs-get-techcrunchd-on-amazons-new-kindle/
2010-07-27	1707	How to get off the JAMA blacklist	https://embargowatch.wordpress.com/2010/07/27/how-to-get-off-the-jama-blacklist/
2010-07-25	1722	What Wikileaks’ Julian Assange has to say about embargoes	https://embargowatch.wordpress.com/2010/07/25/what-wikileaks-julian-assange-has-to-say-about-embargoes/
2010-07-23	1699	Yet more on the International AIDS Society tenofovir anti-HIV microbicide incident	https://embargowatch.wordpress.com/2010/07/23/yet-more-on-the-international-aids-society-tenofovir-anti-hiv-microbicide-incident/
2010-07-22	1685	FT’s Andrew Jack’s account of tenofovir anti-HIV microbicide incident	https://embargowatch.wordpress.com/2010/07/22/fts-andrew-jacks-account-of-tenofovir-anti-hiv-microbicide-incident/
2010-07-21	1669	65 minutes! NEJM breaks its own short embargo record — but it has an explanation this time	https://embargowatch.wordpress.com/2010/07/21/nejm-breaks-its-own-short-embargo-record-but-it-has-an-explanation-this-time/
2010-07-21	1647	Update on Financial Times tenofovir microbicide anti-HIV gel embargo break	https://embargowatch.wordpress.com/2010/07/21/update-on-financial-times-tenofovir-microbicide-anti-hiv-gel-embargo-break/
2010-07-19	1638	Financial Times breaks embargo on Science tenofovir anti-HIV microbicide study	https://embargowatch.wordpress.com/2010/07/19/financial-times-breaks-science-embargo-tenofovir-anti-hiv-microbicide-study/
2010-07-14	1618	Why Wall Street analysts could write about NEJM lorcaserin study before the news media	https://embargowatch.wordpress.com/2010/07/14/why-wall-street-analysts-could-write-about-nejm-lorcaserin-study-before-the-news-media/
2010-07-12	1610	How the U.S. Army is like some medical journals	https://embargowatch.wordpress.com/2010/07/12/how-the-u-s-army-is-like-some-medical-journals/
2010-07-09	1601	Gastroenterology journals’ twist on “available for subscribers, but embargoed”	https://embargowatch.wordpress.com/2010/07/09/gastroenterology-journals-twist-on-available-for-subscribers-but-embargoed/
2010-07-08	1591	Does announcing you have a paper in Nature break an embargo?	https://embargowatch.wordpress.com/2010/07/08/does-announcing-you-have-a-paper-in-nature-break-an-embargo/
2010-07-08	1581	Did July 4 holiday mean independence from the PNAS embargo?	https://embargowatch.wordpress.com/2010/07/08/did-july-4-holiday-mean-independence-from-the-pnas-embargo/
2010-07-07	1576	European Society of Human Genetics changes its policy, no more freely available but embargoed abstracts	https://embargowatch.wordpress.com/2010/07/07/european-society-of-human-genetics-changes-its-policy-no-more-freely-available-but-embargoed-abstracts/
2010-07-01	1563	Leaked Avandia paper didn’t fall victim to the Ingelfinger Rule after all	https://embargowatch.wordpress.com/2010/07/01/leaked-avandia-paper-didnt-fall-victim-to-the-ingelfinger-rule-after-all/
2010-06-30	1540	Jonathan Leake’s take on the embargo system	https://embargowatch.wordpress.com/2010/06/30/jonathan-leake%e2%80%99s-take-on-the-embargo%c2%a0system/
2010-06-30	1538	Menopause study embargo lifted early after Sunday Times story, but Jonathan Leake notes abstracts were freely available	https://embargowatch.wordpress.com/2010/06/30/menopause-study-embargo-lifted-early-after-sunday-times-story-but-jonathan-leake-notes-abstracts-were-freely-available/
2010-06-18	1523	Trade mag and blog break coffee-head and neck cancer study embargo	https://embargowatch.wordpress.com/2010/06/18/1523/
2010-06-18	1514	This blog is embargoed until June 30: I’m going on vacation	https://embargowatch.wordpress.com/2010/06/18/this-blog-is-embargoed-until-june-30-im-going-on-vacation/
2010-06-18	1498	It’s not just the Ingelfinger Rule: Scientists don’t want other scientists scooping them either	https://embargowatch.wordpress.com/2010/06/18/its-not-just-the-ingelfinger-rule-scientists-dont-want-other-scientists-scooping-them-either/
2010-06-16	1488	A new record in short embargoes	https://embargowatch.wordpress.com/2010/06/16/a-new-record-in-short-embargoes/
2010-06-16	1476	American Diabetes Association posts conference abstracts online, but please don’t write about them	https://embargowatch.wordpress.com/2010/06/16/american-diabetes-association-posts-conference-abstracts-online-but-please-dont-write-about-them/
2010-06-16	1459	Will David Graham’s Avandia study fall victim to the Ingelfinger Rule?	https://embargowatch.wordpress.com/2010/06/16/will-david-grahams-avandia-study-fall-victim-to-the-ingelfinger-rule/
2010-06-14	1423	More thoughts on ASCO: How the embargo policy can lead to hype	https://embargowatch.wordpress.com/2010/06/14/more-thoughts-on-asco-how-the-embargo-policy-can-lead-to-hype/
2010-06-13	1408	*Assisted fertility-birth abnormalities embargo lifted early after Sunday Times story but “it appears that they are not entirely to blame this time”	https://embargowatch.wordpress.com/2010/06/13/sunday-times-breaks-embargo-on-assisted-fertility-birth-abnormalities-but-it-appears-that-they-are-not-entirely-to-blame-this-time/
2010-06-08	1390	CNN breaks embargo on stress and breast cancer study in Clinical Cancer Research	https://embargowatch.wordpress.com/2010/06/08/cnn-breaks-embargo-on-stress-and-breast-cancer-study-in-clinical-cancer-research/
2010-06-08	1367	Canadian Science Writers’ Association meeting takes on embargoes	https://embargowatch.wordpress.com/2010/06/08/canadian-science-writers-association-meeting-takes-on-embargoes/
2010-06-05	1347	Another ASCO embargo break, involving a New England Journal of Medicine editorialist, Tasigna, and Sprycel	https://embargowatch.wordpress.com/2010/06/05/another-asco-embargo-break-involving-a-new-england-journal-of-medicine-editorialist-and-tasigna/
2010-06-04	1340	Go read this WSJ Health Blog post on ASCO and Tasigna. It might be embargoed.	https://embargowatch.wordpress.com/2010/06/04/go-read-this-wsj-health-blog-post-on-asco-and-tasigna-it-might-be-embargoed/
2010-06-01	1326	Confusion results in broken embargo on Annals of Internal Medicine study on surviving cardiac arrest	https://embargowatch.wordpress.com/2010/06/01/confusion-results-in-broken-embargo-on-annals-of-internal-medicine-study-on-surviving-cardiac-arrest/
2010-06-01	1317	So what does it take to get an embargo lifted early?	https://embargowatch.wordpress.com/2010/06/01/so-what-does-it-take-to-get-an-embargo-lifted-early/
2010-05-28	1298	Book sales are embargoed, too: The Girl Who Kicked The Hornet’s Nest	https://embargowatch.wordpress.com/2010/05/28/book-sales-are-embargoed-too-the-girl-who-kicked-the-hornets-nest/
2010-05-26	1260	Another government agency upholds embargo, on supplement safety report, despite a New York Times exclusive	https://embargowatch.wordpress.com/2010/05/26/another-government-agency-upholds-embargo-on-supplement-safety-report-despite-a-new-york-times-exclusive/
2010-05-26	1255	Did this product announcement really need to be embargoed?	https://embargowatch.wordpress.com/2010/05/26/did-this-product-announcement-really-need-to-be-embargoed/
2010-05-25	1240	With ASCO fever in full swing, the Journal of Clinical Oncology joins the short embargo parade	https://embargowatch.wordpress.com/2010/05/25/with-asco-fever-in-full-swing-the-journal-of-clinical-oncology-joins-the-short-embargo-parade/
2010-05-24	1214	Can you tweet from Cold Spring Harbor Laboratory meetings?	https://embargowatch.wordpress.com/2010/05/24/can-you-tweet-from-cold-spring-harbor-laboratory-meetings/
2010-05-20	1194	Science Venter study on “synthetic cell” embargo broken	https://embargowatch.wordpress.com/2010/05/20/science-venter-study-on-synthetic-cell-embargo-broken/
2010-05-20	1187	ASCO rituximab (Rituxan) lymphoma embargo broken	https://embargowatch.wordpress.com/2010/05/20/asco-rituximab-rituxan-lymphoma-embargo-broken/
2010-05-20	1176	A ripe old mess on autism and milk- and wheat-free diet study embargo	https://embargowatch.wordpress.com/2010/05/20/a-ripe-old-mess-on-autism-and-milk-and-wheat-free-diet-study-embargo/
2010-05-19	1168	Yup, GMA did break that JAMA postpartum depression in men study embargo	https://embargowatch.wordpress.com/2010/05/19/yup-gma-did-break-that-jama-postpartum-depression-in-men-study-embargo/
2010-05-18	1163	No, we didn’t break embargoes on those JAMA studies — but did others?	https://embargowatch.wordpress.com/2010/05/18/no-we-didnt-break-embargoes-on-those-jama-studies-but-did-others/
2010-05-17	1149	Update on Interphone cell phone-brain tumor study: Embargo lifted	https://embargowatch.wordpress.com/2010/05/17/update-on-interphone-cell-phone-brain-tumor-study/
2010-05-16	1140	Shocking: British press breaks embargo on IARC cell phones-brain tumor study	https://embargowatch.wordpress.com/2010/05/16/shocking-british-press-breaks-embargo-on-iarc-cell-phones-brain-tumor-study/
2010-05-13	1129	No sanctions, but Straits Times perpetrator “taken to task” over overtime-heart disease embargo break	https://embargowatch.wordpress.com/2010/05/13/no-sanctions-but-straits-times-perpetrator-taken-to-task-over-overtime-heart-disease-embargo-break/
2010-05-12	1116	A Nature Publishing Group journal, American Journal of Gastroenterology, joins the short embargo parade; The Lancet keeps the beat	https://embargowatch.wordpress.com/2010/05/12/a-nature-publishing-group-journal-american-journal-of-gastroenterology-joins-the-short-embargo-parade-the-lancet-keeps-the-beat/
2010-05-11	1097	PNAS’ Jonathan Lifland leaving journal for FEMA-Oak Ridge post	https://embargowatch.wordpress.com/2010/05/11/pnas-jonathan-lifland-leaving-journal-for-fema-oak-ridge-post/
2010-05-11	1087	Straits Times breaks European Heart Journal embargo with an AFP story, this one on overtime and heart disease	https://embargowatch.wordpress.com/2010/05/11/afp-breaks-another-european-heart-journal-embargo-this-one-on-overtime-and-heart-disease/
2010-05-10	1073	Science Neanderthal DNA embargo broken	https://embargowatch.wordpress.com/2010/05/10/science-neanderthal-dna-embargo-broken/
2010-05-07	1047	It’s poll time: Are preferential embargoes kosher?	https://embargowatch.wordpress.com/2010/05/07/its-poll-time-are-preferential-embargoes-kosher/
2010-05-06	1029	Did Nick Kristof break an embargo on chemicals and cancer report?	https://embargowatch.wordpress.com/2010/05/06/did-nick-kristof-break-an-embargo-on-chemicals-and-cancer-report/
2010-05-05	1008	A brief embargo break by theheart.org and other weirdness at the American Society of Hypertension meeting	https://embargowatch.wordpress.com/2010/05/05/a-brief-embargo-break-by-theheart-org-and-other-weirdness-at-the-american-society-of-hypertension/
2010-05-03	982	Can a journal — Nature — Ingelfinger itself?	https://embargowatch.wordpress.com/2010/05/03/can-a-journal-nature-ingelfinger-itself/
2010-05-03	1000	UK’s Independent breaks Archives of Pediatrics & Adolescent Medicine embargo on kids and TV	https://embargowatch.wordpress.com/2010/05/03/uks-independent-breaks-archives-of-pediatrics-adolescent-medicine-embargo-on-kids-and-tv/
2010-04-30	972	It’s ASCO time: Cancer group announces its embargoed press program	https://embargowatch.wordpress.com/2010/04/30/its-asco-time-cancer-group-announces-its-embargoed-press-program/
2010-04-29	957	Ira Stoll’s take on the Laura Bush embargo imbroglio	https://embargowatch.wordpress.com/2010/04/29/ira-stolls-take-on-the-laura-bush-embargo-imbroglio/
2010-04-28	944	University of Leeds embargoes a paper that’s already online	https://embargowatch.wordpress.com/2010/04/28/university-of-leeds-embargoes-a-paper-thats-already-online/
2010-04-28	931	Lancet, New England Journal of Medicine play the short embargo game	https://embargowatch.wordpress.com/2010/04/28/lancet-new-england-journal-of-medicine-play-the-short-embargo-game/
2010-04-27	920	Another Global News site, Regina, sanctioned after budget embargo break	https://embargowatch.wordpress.com/2010/04/27/another-global-news-site-regina-sanctioned-after-budget-embargo-break/
2010-04-22	903	A follow-up on an unusual embargo policy at the American Thoracic Society	https://embargowatch.wordpress.com/2010/04/22/follow-up-on-ats-policy/
2010-04-20	889	Institute of Medicine lifts salt report embargo early after apparent Washington Post break	https://embargowatch.wordpress.com/2010/04/20/institute-of-medicine-lifts-salt-report-embargo-early-after-apparent-washington-post-break/
2010-04-19	878	Global Edmonton loses access to Government of Alberta embargoed material after tweets	https://embargowatch.wordpress.com/2010/04/19/global-edmonton-loses-access-to-government-of-alberta-embargoed-material-after-tweets/
2010-04-16	868	No government science news, please: Welcome to the UK’s purdah	https://embargowatch.wordpress.com/2010/04/16/no-government-science-news-please-welcome-to-the-uks-purdah/
2010-04-12	856	Lancet editor and embargo addict Richard Horton calls for openness	https://embargowatch.wordpress.com/2010/04/12/lancet-editor-and-embargo-addict-richard-horton-calls-for-openness/
2010-04-08	835	PLoS responds to questions about its embargo policy	https://embargowatch.wordpress.com/2010/04/08/plos-responds-to-questions-about-its-embargo-policy/
2010-04-08	745	Now it can be told: My take on the Science hominin “missing link” study embargo	https://embargowatch.wordpress.com/2010/04/08/now-it-can-be-told-my-take-on-the-science-hominid-missing-link-study-embargo/
2010-04-07	790	Biology Letters error leads to embargo break on paper about lizard with two penises	https://embargowatch.wordpress.com/2010/04/07/biology-letters-error-leads-to-embargo-break-on-paper-about-lizard-with-two-penises/
2010-04-07	748	Why I think journals and institutions should “name and shame” embargo breakers	https://embargowatch.wordpress.com/2010/04/07/should-journals-and-institutions-name-and-shame-embargo-breakers/
2010-04-07	718	The things I can’t write about…yet	https://embargowatch.wordpress.com/2010/04/07/the-things-i-cant-write-about-yet/
2010-04-06	762	A strange policy at PLoS seems to let some publish before the embargo has lifted	https://embargowatch.wordpress.com/2010/04/06/a-strange-policy-at-plos-seems-to-let-some-publish-before-the-embargo-has-lifted/
2010-04-06	731	The Groundhog Day embargo: An embargo that lifts every hour for a day	https://embargowatch.wordpress.com/2010/04/06/an-embargo-that-lifts-every-hour-for-a-day/
2010-04-02	691	College press release breaks PNAS embargo — sort of	https://embargowatch.wordpress.com/2010/04/02/college-press-release-breaks-pnas-embargo-sort-of/
2010-04-01	680	PLoS One aging gene study embargo broken	https://embargowatch.wordpress.com/2010/04/01/plos-aging-gene-study-embargo-broken/
2010-04-01	670	Science decides not to move a paper’s embargo to match Nature’s	https://embargowatch.wordpress.com/2010/04/01/science-decides-not-to-move-a-papers-embargo-to-match-natures/
2010-04-01	650	An update on the UK Parliament pollution study embargo break	https://embargowatch.wordpress.com/2010/04/01/an-update-on-the-uk-parliament-pollution-study-embargo-break/
2010-03-31	636	Did you know The Lancet has two different embargo times?	https://embargowatch.wordpress.com/2010/03/31/did-you-know-the-lancet-has-two-embargo-times/
2010-03-30	616	AFP breaks European Heart Journal embargo on chocolate and blood pressure study	https://embargowatch.wordpress.com/2010/03/30/belgian-site-breaks-european-heart-journal-embargo-on-chocolate-and-blood-pressure-study/
2010-03-29	598	When did scientific embargoes start?	https://embargowatch.wordpress.com/2010/03/29/when-did-scientific-embargoes-start/
2010-03-25	574	How does a four-hour embargo give the media time to do a good job?	https://embargowatch.wordpress.com/2010/03/25/how-does-a-four-hour-embargo-give-the-media-time-to-do-a-good-job/
2010-03-24	532	UK Parliament press officer apologizes for telling Independent on Sunday to break his embargo	https://embargowatch.wordpress.com/2010/03/24/uk-parliament-press-officer-apologizes-for-telling-independent-on-sunday-to-break-his-embargo/
2010-03-22	505	So who gets access to embargoed studies, anyway?	https://embargowatch.wordpress.com/2010/03/22/so-who-gets-access-to-embargoed-studies-anyway/
2010-03-19	498	Are these embargo breaks?	https://embargowatch.wordpress.com/2010/03/19/are-these-embargo-breaks/
2010-03-18	473	AHCJ wants medical societies to stop conference recording and photography bans	https://embargowatch.wordpress.com/2010/03/18/ahcj-wants-medical-societies-to-stop-conference-recording-and-photography-bans/
2010-03-18	462	World Health Organization embargo on multi-drug resistant TB data broken	https://embargowatch.wordpress.com/2010/03/18/world-health-organization-embargo-on-multi-drug-resistant-tb-data-broken/
2010-03-17	442	About to post a story on a Nature study? Check that embargo time again	https://embargowatch.wordpress.com/2010/03/17/about-to-post-a-story-about-a-nature-study-check-that-embargo-time-again/
2010-03-17	267	Journals can break embargoes too: A data breach at PNAS, with consequences	https://embargowatch.wordpress.com/2010/03/17/journals-can-break-embargoes-too-a-data-breach-at-pnas-with-consequences/
2010-03-12	377	The Sunday Times’ Jonathan Leake responds to PNAS	https://embargowatch.wordpress.com/2010/03/12/the-sunday-times-jonathan-leake-responds-to-pnas/
2010-03-10	347	A journal — Science — does the right thing (with an embargo break interlude)	https://embargowatch.wordpress.com/2010/03/10/a-journal-science-does-the-right-thing/
2010-03-09	336	Genetic Engineering & Biotechnology News breaks a Cellzome/GlaxoSmithKline embargo	https://embargowatch.wordpress.com/2010/03/09/did-genetic-engineering-news-break-a-cellzomeglaxosmithkline-embargo/
2010-03-09	266	Another unusual embargo policy at a lung journal	https://embargowatch.wordpress.com/2010/03/09/another-unusual-embargo-at-a-lung-journal/
2010-03-08	297	Sunday Times breaks Archives of Internal Medicine embargo	https://embargowatch.wordpress.com/2010/03/08/sunday-times-breaks-archives-of-internal-medicine-embargo/
2010-03-05	275	A surgery trade newspaper gets Ingelfingered	https://embargowatch.wordpress.com/2010/03/05/a-surgery-trade-newspaper-gets-ingelfingered/
2010-03-04	100	The day I broke an embargo on Twitter	https://embargowatch.wordpress.com/2010/03/04/the-day-i-broke-an-embargo-on-twitter/
2010-03-03	248	A PR pro explains how the embargo system could break	https://embargowatch.wordpress.com/2010/03/03/a-pr-pro-explains-how-the-embargo-system-could-break/
2010-03-02	93	Recent changes to the EurekAlert! embargo agreement	https://embargowatch.wordpress.com/2010/03/02/recent-changes-to-the-eurekalert-embargo-agreement/
2010-03-02	239	“The embargo has been broken,” another great satirical video	https://embargowatch.wordpress.com/2010/03/02/the-embargo-has-been-broken-another-great-satirical-video/
2010-03-01	203	Broken jaw: PNAS embargo on polar bear origin smashed	https://embargowatch.wordpress.com/2010/03/01/broken-jaw-pnas-embargo-on-pleistocene-find-smashed/
2010-03-01	181	The PNAS problem: When papers aren’t available when the embargo lifts	https://embargowatch.wordpress.com/2010/03/01/the-pnas-problem-when-papers-arent-available-when-the-embargo-lifts/
2010-02-26	166	UPI breaks Archives of General Psychiatry embargo on pot-psychosis study	https://embargowatch.wordpress.com/2010/02/26/upi-breaks-archives-of-general-psychiatry-embargo-on-pot-psychosis-study/
2010-02-26	138	Reuters breaks American Heart Association embargo, loses press access	https://embargowatch.wordpress.com/2010/02/26/reuters-breaks-american-heart-association-embargo-loses-press-access/
2010-02-26	115	Break a JAMA embargo, get blacklisted. Then what?	https://embargowatch.wordpress.com/2010/02/26/break-a-jama-embargo-get-blacklisted-then-what/
2010-02-25	111	“Yes, I’ll honor the f—ing embargo”	https://embargowatch.wordpress.com/2010/02/25/yes-ill-honor-the-f-ing-embargo/
2010-02-24	75	“Minor French medical website” breaks Human Reproduction embargo	https://embargowatch.wordpress.com/2010/02/24/minor-french-medical-website-breaks-human-reproduction-embargo/
2010-02-23	31	Good intentions, unintended consequences at American Thoracic Society	https://embargowatch.wordpress.com/2010/02/23/good-intentions-unintended-consequences-at-american-thoracic-society/
2010-02-23	1	Why write a blog on embargoes?	https://embargowatch.wordpress.com/2010/02/23/why-do-blog-on-embargoes/
