year	cited	type	oa	title	venue	doi	oa_url	openalex_id
2026	2	article	OA	Holding Science to Account: A Qualitative Study of Practices and Challenges of Watchdog Science Journalism	Science Communication	https://doi.org/10.1177/10755470261459855	https://doi.org/10.1177/10755470261459855	https://openalex.org/W4416950246
2026	1	article	closed	Punishing Misconduct: Sanctions for Fraudulent Research in Anesthesia and Beyond	Anesthesia & Analgesia	https://doi.org/10.1213/ane.0000000000008143		https://openalex.org/W7164184437
2026	0	preprint	OA	Holding science to account: A qualitative study of practices and challenges of watchdog science journalism	SocArXiv (OSF Preprints)		https://osf.io/qh3kx	https://openalex.org/W7140350292
2026	0	preprint	OA	Watchdog science journalism	OSF Preprints (OSF Preprints)	https://doi.org/10.17605/osf.io/ujzh2	https://doi.org/10.17605/osf.io/ujzh2	https://openalex.org/W7158675842
2025	5	article	OA	Why Universities Should Make Misconduct Reports Public	The Journal of Law Medicine & Ethics	https://doi.org/10.1017/jme.2025.39	https://www.cambridge.org/core/services/aop-cambridge-core/content/view/2DF0B3D1229F89C680CA255E3AF53225/S1073110525000397a.pdf/div-class-title-why-universities-should-make-misconduct-reports-public-div.pdf	https://openalex.org/W4409438605
2025	2	article	closed	Please don't cite this editorial	Journal of Clinical Anesthesia	https://doi.org/10.1016/j.jclinane.2025.111741		https://openalex.org/W4406190168
2025	0	article	OA	Kenya Research Integrity Workshop		https://doi.org/10.21428/359fb1d2.87866ef7	https://tccafrica.pubpub.org/pub/03p4rbiw/download/pdf	https://openalex.org/W4414026750
2025	0	article	closed	Neuroscientist Gerry Fischbach, in his own words	The Transmitter	https://doi.org/10.53053/lfir8889		https://openalex.org/W4411025844
2025	0	article	OA	Research Integrity Workshop in Morocco		https://doi.org/10.21428/359fb1d2.66b91060	https://tccafrica.pubpub.org/pub/km83jxpl/download/pdf	https://openalex.org/W4411421413
2024	12	article	OA	Rooting out scientific misconduct	Science	https://doi.org/10.1126/science.adn9352	https://www.science.org/doi/pdf/10.1126/science.adn9352?download=true	https://openalex.org/W4390734332
2024	10	article	OA	Taking it back: A pilot study of a rubric measuring retraction notice quality	Accountability in Research	https://doi.org/10.1080/08989621.2024.2366281	https://www.tandfonline.com/doi/pdf/10.1080/08989621.2024.2366281?needAccess=true	https://openalex.org/W4400054728
2024	1	article	closed	Salami slicing and other kinds of scientific misconduct: A faux pas for the author, a disaster for science	Information - Wissenschaft & Praxis	https://doi.org/10.1515/iwp-2023-2041		https://openalex.org/W4391932123
2024	1	article	closed	The issue with special issues	Accountability in Research	https://doi.org/10.1080/08989621.2024.2404435		https://openalex.org/W4402901756
2024	1	retraction	closed	Retraction Watch and Crossref: Collaborating to Improve the Assessment of Scholarly Outputs	Science Editor	https://doi.org/10.36591/se-d-4701-01		https://openalex.org/W4390655125
2024	0	article	OA	African Research Integrity Webinar		https://doi.org/10.21428/359fb1d2.e1385642	https://tccafrica.pubpub.org/pub/koqxn931/download/pdf	https://openalex.org/W4393223541
2024	0	article	OA	Capacity Building for Ugandan Research Ethics and Review Boards		https://doi.org/10.21428/359fb1d2.dc5b38be	https://tccafrica.pubpub.org/pub/e1axnqfh/download/pdf	https://openalex.org/W4404929697
2024	0	article	OA	Regional Research Intergrity Workshop in Western Africa		https://doi.org/10.21428/359fb1d2.0a26227b	https://tccafrica.pubpub.org/pub/kl2w2ztu/download/pdf	https://openalex.org/W4403694725
2024	0	article	OA	Referee report. For: Making science public: a review of journalists’ use of Open Access research [version 2; peer review: 5 approved]	Faculty of 1000 Research Ltd	https://doi.org/10.5256/f1000research.159997.r234928	https://doi.org/10.5256/f1000research.159997.r234928	https://openalex.org/W4416633904
2023	14	article	OA	How bibliometrics and school rankings reward unreliable science	BMJ	https://doi.org/10.1136/bmj.p1887	https://www.bmj.com/content/bmj/382/bmj.p1887.full.pdf	https://openalex.org/W4385948627
2023	0	article	OA	Referee report. For: Making science public: a review of journalists’ use of Open Science research [version 1; peer review: 3 approved]	Faculty of 1000 Research Ltd	https://doi.org/10.5256/f1000research.146721.r201145	https://doi.org/10.5256/f1000research.146721.r201145	https://openalex.org/W4416632741
2022	65	retraction	OA	Retractions are increasing, but not enough	Nature	https://doi.org/10.1038/d41586-022-02071-6	https://www.nature.com/articles/d41586-022-02071-6.pdf	https://openalex.org/W4289522081
2022	20	article	OA	Characteristics of Retracted Research Articles About COVID-19 vs Other Topics	JAMA Network Open	https://doi.org/10.1001/jamanetworkopen.2022.34585	https://jamanetwork.com/journals/jamanetworkopen/articlepdf/2797029/shi_2022_ld_220224_1664302670.31425.pdf	https://openalex.org/W4300981202
2022	17	article	closed	How to Stop the Unknowing Citation of Retracted Papers	Anesthesiology	https://doi.org/10.1097/aln.0000000000004333		https://openalex.org/W4292361004
2022	3	book-chapter	closed	Journals, Peer Review, and Preprints	Oxford University Press eBooks	https://doi.org/10.1093/oso/9780197551509.003.0004		https://openalex.org/W4296626441
2022	2	article	OA	If you must use embargoes, here’s how to do it right	Epidemiology Biostatistics and Public Health	https://doi.org/10.2427/9043	https://riviste.unimi.it/index.php/ebph/article/download/18214/15930	https://openalex.org/W49840074
2022	0	article	closed	MAGNETIC LASER THERAPY IN THE COMPLEX TREATMENT OF CHRONIC PANCREATITIS	Resort Medicine	https://doi.org/10.51871/2304-0343_2022_1_67		https://openalex.org/W4226105083
2022	0	article	closed	Journal retracts paper on plant beauty that cited autism study	The Transmitter	https://doi.org/10.53053/qwtf1693		https://openalex.org/W4226075829
2021	31	retraction	OA	Retractions in medicine: the tip of the iceberg	European Heart Journal	https://doi.org/10.1093/eurheartj/ehab398	https://academic.oup.com/eurheartj/article-pdf/42/41/4205/41042105/ehab398.pdf	https://openalex.org/W3174687450
2021	0	article	closed	Question the ‘lab leak’ theory. But don’t call it a conspiracy.	Knowable Magazine	https://doi.org/10.1146/knowable-112221-2		https://openalex.org/W3217797991
2020	62	article	closed	An “alarming” and “exceptionally high” rate of COVID-19 retractions?	Accountability in Research	https://doi.org/10.1080/08989621.2020.1793675		https://openalex.org/W3038690283
2020	1	article	OA	Will improvements in health journalism improve health literacy?	Information Services & Use	https://doi.org/10.3233/isu-200081	https://doi.org/10.3233/isu-200081	https://openalex.org/W3034831293
2020	0	book-chapter	closed	Will Improvements in Health Journalism Improve Health Literacy?	Studies in health technology and informatics	https://doi.org/10.3233/shti200059		https://openalex.org/W3037454981
2019	69	article	OA	Three randomized controlled trials evaluating the impact of “spin” in health news stories reporting studies of pharmacologic treatments on patients’/caregivers’ interpretation of treatment benefit	BMC Medicine	https://doi.org/10.1186/s12916-019-1330-9	https://bmcmedicine.biomedcentral.com/track/pdf/10.1186/s12916-019-1330-9	https://openalex.org/W2948658587
2019	1	article	OA	ABOUT METHODOLOGICAL APPROACHES TO THE ASSESSMENT OF THE ECONOMIC EFFICACY OF THE DECLINE OF HEALTH RISK FOR OCCUPATIONAL PATHOLOGY	Hygiene and Sanitation	https://doi.org/10.18821/0016-9900-2017-96-12-1196-1200	https://doi.org/10.18821/0016-9900-2017-96-12-1196-1200	https://openalex.org/W2980752228
2019	0	erratum	OA	Correction to: Three randomized controlled trials evaluating the impact of “spin” in health news stories reporting studies of pharmacologic treatments on patients’/caregivers’ interpretation of treatment benefit	BMC Medicine	https://doi.org/10.1186/s12916-019-1388-4	https://bmcmedicine.biomedcentral.com/track/pdf/10.1186/s12916-019-1388-4	https://openalex.org/W4230522447
2018	63	article	closed	Institutional Research Misconduct Reports Need More Credibility	JAMA	https://doi.org/10.1001/jama.2018.0358		https://openalex.org/W2793896960
2018	22	other	closed	Volunteer watchdogs pushed a small country up the rankings	Science	https://doi.org/10.1126/science.362.6413.395		https://openalex.org/W2898139896
2018	11	article	closed	Reasonable Versus Unreasonable Doubt	American Scientist	https://doi.org/10.1511/2018.106.2.84		https://openalex.org/W2791706976
2018	9	article	closed	The data thugs	Science	https://doi.org/10.1126/science.359.6377.730		https://openalex.org/W2786720724
2018	2	article	OA	Gerald Reaven	The Lancet	https://doi.org/10.1016/s0140-6736(18)30906-1	http://www.thelancet.com/article/S0140673618309061/pdf	https://openalex.org/W4241781660
2018	2	book-chapter	closed	Pseudoscience, Coming to a Peer-Reviewed Journal Near You	The MIT Press eBooks	https://doi.org/10.7551/mitpress/9780262037426.003.0013		https://openalex.org/W2893397333
2018	1	article	OA	Elizabeth Fee	The Lancet	https://doi.org/10.1016/s0140-6736(18)32832-0	http://www.thelancet.com/article/S0140673618328320/pdf	https://openalex.org/W4230480357
2018	1	article	OA	Arno Motulsky	The Lancet	https://doi.org/10.1016/s0140-6736(18)31167-x	https://www.thelancet.com/pdfs/journals/lancet/PIIS0140-6736(18)31167-X.pdf	https://openalex.org/W4241920479
2018	0	article	OA	Donald W Seldin	The Lancet	https://doi.org/10.1016/s0140-6736(18)31276-5	http://www.thelancet.com/article/S0140673618312765/pdf	https://openalex.org/W2807773310
2018	0	article	closed	Duke University to settle case alleging researchers used fraudulent data to win millions in grants	Science	https://doi.org/10.1126/science.aaw1185		https://openalex.org/W2900586103
2018	0	article	OA	Davida Coady	The Lancet	https://doi.org/10.1016/s0140-6736(18)31368-0	http://www.thelancet.com/article/S0140673618313680/pdf	https://openalex.org/W4248122352
2018	0	article	OA	The Growth Of Retractions In Science Is A Good Thing	Zenodo (CERN European Organization for Nuclear Research)	https://doi.org/10.5281/zenodo.1207389	https://zenodo.org/record/1207389	https://openalex.org/W2794817181
2018	0	article	closed	Alfred Alberts	The Lancet	https://doi.org/10.1016/s0140-6736(18)32401-2		https://openalex.org/W4251956729
2018	0	article	closed	Patricia Schiller	The Lancet	https://doi.org/10.1016/s0140-6736(18)31706-9		https://openalex.org/W4234655804
2018	0	article	OA	Ruth Nussenzweig	The Lancet	https://doi.org/10.1016/s0140-6736(18)31066-3	http://www.thelancet.com/article/S0140673618310663/pdf	https://openalex.org/W4244004485
2018	0	article	OA	Bongani Mayosi	The Lancet	https://doi.org/10.1016/s0140-6736(18)31857-9	http://www.thelancet.com/article/S0140673618318579/pdf	https://openalex.org/W4240178508
2018	0	article	OA	Jonathan E Fine	The Lancet	https://doi.org/10.1016/s0140-6736(18)31580-0	http://www.thelancet.com/article/S0140673618315800/pdf	https://openalex.org/W2884640314
2018	0	article	closed	John Sulston	The Lancet	https://doi.org/10.1016/s0140-6736(18)30735-9		https://openalex.org/W4231555168
2017	64	article	closed	Analysis of retracted articles in the surgical literature	The American Journal of Surgery	https://doi.org/10.1016/j.amjsurg.2017.11.033		https://openalex.org/W2774743562
2017	15	book	closed	Is There a Retraction Problem? And, If So, What Can We Do About It?	Oxford University Press eBooks	https://doi.org/10.1093/oxfordhb/9780190497620.013.13		https://openalex.org/W2735825455
2017	0	book-chapter	closed	What’s Responsible for the Retraction Boom?		https://doi.org/10.1007/978-3-658-12909-5_3		https://openalex.org/W2773367807
2017	0	other	closed	Should scientists engage in activism?		https://doi.org/10.64628/aai.nd6ehm4nx		https://openalex.org/W4413719473
2017	0	paratext	closed	List of Contributors	Elsevier eBooks	https://doi.org/10.1016/b978-0-12-809969-8.01002-0		https://openalex.org/W4234705553
2017	0	article	OA	Referee report. For: Building the infrastructure to make science metrics more scientific [version 2; referees: 2 approved, 1 approved with reservations]	Faculty of 1000 Research Ltd	https://doi.org/10.5256/f1000research.12261.r21938	https://doi.org/10.5256/f1000research.12261.r21938	https://openalex.org/W4416611089
2016	12	article	OA	Proceedings of the 4th World Conference on Research Integrity	Research Integrity and Peer Review	https://doi.org/10.1186/s41073-016-0012-9	https://researchintegrityjournal.biomedcentral.com/track/pdf/10.1186/s41073-016-0012-9	https://openalex.org/W2484353070
2016	4	article	closed	The systemic approach to the health protection in the workers of industrial enterprises	Problems of Balneology Physiotherapy and Exercise Therapy	https://doi.org/10.17116/kurort2016420-23		https://openalex.org/W2478857822
2016	0	article	OA	What is Publishing? (2)	Open Scholarship Initiative Proceedings	https://doi.org/10.13021/g82308	https://journals.gmu.edu/index.php/osi/article/download/1732/1157	https://openalex.org/W2478248044
2016	0	article	OA	Report from the "What is Publishing?" (2) Workgroup	Open Scholarship Initiative Proceedings	https://doi.org/10.13021/g8088d	https://journals.gmu.edu/index.php/osi/article/download/1356/1148	https://openalex.org/W4231265711
2016	0	retraction	closed	Retractions, Post-Publication Peer Review and Fraud: Scientific Publishing's Wild West	UA Campus Repository (The University of Arizona)			https://openalex.org/W2521945736
2016	0	article	closed	Notable science quotes	The Scientist (Philadelphia, Pa. Online)/The Scientist			https://openalex.org/W2594266758
2016	0	article	OA	Referee report. For: The effects of an editor serving as one of the reviewers during the peer-review process [version 2; referees: 2 approved, 1 approved with reservations]	Faculty of 1000 Research Ltd	https://doi.org/10.5256/f1000research.10481.r17081	https://doi.org/10.5256/f1000research.10481.r17081	https://openalex.org/W4416605573
2016	0	article	OA	Report from the "What is Publishing?" (2) Workgroup	George Mason University	https://doi.org/10.13021/g8cs33	https://doi.org/10.13021/g8cs33	https://openalex.org/W2461779495
2016	0	article	OA	Referee report. For: The effects of an editor serving as one of the reviewers during the peer-review process [version 1; referees: 1 approved, 2 approved with reservations]	Faculty of 1000 Research Ltd	https://doi.org/10.5256/f1000research.9100.r13397	https://doi.org/10.5256/f1000research.9100.r13397	https://openalex.org/W4416632540
2015	14	article	OA	How Publish or Perish Promotes Inaccuracy in Science—and Journalism	The AMA Journal of Ethic	https://doi.org/10.1001/journalofethics.2015.17.12.sect1-1512	https://journalofethics.ama-assn.org/sites/journalofethics.ama-assn.org/files/2018-05/sect1-1512.pdf	https://openalex.org/W2190159833
2015	3	article	OA	The plagiarism euphemism parade continues	German Medical Science (German Research Foundation)	https://doi.org/10.3205/mbi000338	http://doi.org/10.3205/mbi000338	https://openalex.org/W2808142500
2015	0	other	OA	Unlike a Rolling Stone: is science really better than journalism at self-correction?		https://doi.org/10.64628/aai.qe3dw4pgt	https://doi.org/10.64628/aai.qe3dw4pgt	https://openalex.org/W4413750201
2015	0	preprint	closed	Demo for Retraction Watch	OSF Preprints (OSF Preprints)			https://openalex.org/W2778900183
2015	0	other	closed	Half of biomedical research studies don’t stand up to scrutiny – and what we need to do about that		https://doi.org/10.64628/aai.avnug74nc		https://openalex.org/W4413704250
2015	0	article	OA	Referee report. For: A Taxonomy to Support the Statistical Study of Funding-induced Biases in Science [version 1; referees: 1 not approved]	Faculty of 1000 Research Ltd	https://doi.org/10.5256/f1000research.7638.r10827	https://doi.org/10.5256/f1000research.7638.r10827	https://openalex.org/W4416611114
2014	234	other	closed	Publishing: The peer-review scam	Nature	https://doi.org/10.1038/515480a		https://openalex.org/W2124002218
2014	78	article	OA	What Studies of Retractions Tell Us	Journal of Microbiology and Biology Education	https://doi.org/10.1128/jmbe.v15i2.855	https://www.asmscience.org/deliver/fulltext/jmbe/15/2/jmbe-15-151.pdf?itemId=/content/journal/jmbe/10.1128/jmbe.v15i2.855&mimeType=pdf&isFastTrackArticle=	https://openalex.org/W1996216563
2014	0	article	OA	Referee report. For: New forms of checks and balances are needed to improve research integrity [v1; indexed, http://f1000r.es/32k]	Faculty of 1000 Research Ltd	https://doi.org/10.5256/f1000research.3980.r4917	https://doi.org/10.5256/f1000research.3980.r4917	https://openalex.org/W4416613359
2013	0	article	closed	CLINICAL AND PATHOGENETIC FEATURES OF CHRONIC OCCUPATIONAL INTOXICATION WITH FLUORINE COMPOUNDS IN MODERN CONDITIONS				https://openalex.org/W2189057394
2012	0	other	closed	Clearing the air: why more retractions are good for science		https://doi.org/10.64628/aa.595m3yjum		https://openalex.org/W4413686393
2011	30	article	OA	The paper is not sacred	Nature	https://doi.org/10.1038/480449a	https://www.nature.com/articles/480449a.pdf	https://openalex.org/W2003834244
2011	1	article	OA	Embargoes: Stop Trying to Control the Message	Communicating astronomy with the public journal	https://doi.org/10.5281/zenodo.14890557	https://ui.adsabs.harvard.edu/abs/2011CAPJ...11....7O/abstract	https://openalex.org/W2991204685
2009	0	article	closed	William T Close	The Lancet	https://doi.org/10.1016/s0140-6736(09)60639-5		https://openalex.org/W2150014533
2008	8	article	closed	Michael E DeBakey	The Lancet	https://doi.org/10.1016/s0140-6736(08)61223-4		https://openalex.org/W2070363406
2008	3	article	OA	Victor A McKusick	The Lancet	https://doi.org/10.1016/s0140-6736(08)61328-8	http://www.thelancet.com/article/S0140673608613288/pdf	https://openalex.org/W2128789657
2008	2	article	OA	Joshua Lederberg	The Lancet	https://doi.org/10.1016/s0140-6736(08)60331-1	http://www.thelancet.com/article/S0140673608603311/pdf	https://openalex.org/W4252903215
2008	2	article	closed	Seymour Benzer	The Lancet	https://doi.org/10.1016/s0140-6736(08)60058-6		https://openalex.org/W4256360878
2008	2	article	OA	G Tom Shires	The Lancet	https://doi.org/10.1016/s0140-6736(08)60125-7	http://www.thelancet.com/article/S0140673608601257/pdf	https://openalex.org/W1966926886
2008	1	article	closed	Albert Hofmann	The Lancet	https://doi.org/10.1016/s0140-6736(08)60943-5		https://openalex.org/W4256586325
2008	1	article	OA	William Francis Ganong	The Lancet	https://doi.org/10.1016/s0140-6736(08)60441-9	http://www.thelancet.com/article/S0140673608604419/pdf	https://openalex.org/W2063606469
2008	1	article	OA	Moses Judah Folkman	The Lancet	https://doi.org/10.1016/s0140-6736(08)60191-9	http://www.thelancet.com/article/S0140673608601919/pdf	https://openalex.org/W2017801571
2008	1	article	OA	Pramod Karan Sethi	The Lancet	https://doi.org/10.1016/s0140-6736(08)60157-9	http://www.thelancet.com/article/S0140673608601579/pdf	https://openalex.org/W2065676974
2008	0	article	closed	Stephen B Colvin	The Lancet	https://doi.org/10.1016/s0140-6736(08)60645-5		https://openalex.org/W1986604316
2008	0	article	closed	Brian MacMahon	The Lancet	https://doi.org/10.1016/s0140-6736(08)60093-8		https://openalex.org/W4238680110
2007	4	article	OA	Albert E Henn	The Lancet	https://doi.org/10.1016/s0140-6736(07)61032-0	http://www.thelancet.com/article/S0140673607610320/pdf	https://openalex.org/W2005092884
2007	3	article	OA	Joanne Trautmann Banks	The Lancet	https://doi.org/10.1016/s0140-6736(07)61148-9	http://www.thelancet.com/article/S0140673607611489/pdf	https://openalex.org/W2078491049
2007	1	article	OA	George W Comstock	The Lancet	https://doi.org/10.1016/s0140-6736(07)61464-0	http://www.thelancet.com/article/S0140673607614640/pdf	https://openalex.org/W2086114234
2007	1	article	OA	Marguerite M Vogt	The Lancet	https://doi.org/10.1016/s0140-6736(07)61500-1	http://www.thelancet.com/article/S0140673607615001/pdf	https://openalex.org/W2015018316
2007	1	article	OA	Long-term follow-up of thoracoscopic talc pleurodesis for primary spontaneous pneumothorax	European Respiratory Journal	https://doi.org/10.1183/09031936.00044107	https://erj.ersjournals.com/content/erj/30/3/598.1.full.pdf	https://openalex.org/W4250631151
2007	1	article	closed	James Hillier	The Lancet	https://doi.org/10.1016/s0140-6736(07)60550-9		https://openalex.org/W4246841205
2007	1	article	OA	Paul C Lauterbur	The Lancet	https://doi.org/10.1016/s0140-6736(07)60766-1	http://www.thelancet.com/article/S0140673607607661/pdf	https://openalex.org/W1975450437
2007	1	article	OA	William Ian McDonald	The Lancet	https://doi.org/10.1016/s0140-6736(07)60177-9	http://www.thelancet.com/article/S0140673607601779/pdf	https://openalex.org/W2094396373
2007	0	article	OA	Jonathan Cohn	The Lancet	https://doi.org/10.1016/s0140-6736(07)60901-5	http://www.thelancet.com/article/S0140673607609015/pdf	https://openalex.org/W4239403949
2007	0	article	OA	Andrew Spielman	The Lancet	https://doi.org/10.1016/s0140-6736(07)60300-6	http://www.thelancet.com/article/S0140673607603006/pdf	https://openalex.org/W4239689249
2007	0	article	OA	Greg R Alexander	The Lancet	https://doi.org/10.1016/s0140-6736(07)60932-5	http://www.thelancet.com/article/S0140673607609325/pdf	https://openalex.org/W1994369812
2007	0	article	OA	Lyman C Wynne	The Lancet	https://doi.org/10.1016/s0140-6736(07)60395-x	http://www.thelancet.com/article/S014067360760395X/pdf	https://openalex.org/W1975136509
2007	0	article	OA	John R Hogness	The Lancet	https://doi.org/10.1016/s0140-6736(07)61327-0	http://www.thelancet.com/article/S0140673607613270/pdf	https://openalex.org/W2009037467
2007	0	article	OA	William Close	The Lancet	https://doi.org/10.1016/s0140-6736(07)60219-0	http://www.thelancet.com/article/S0140673607602190/pdf	https://openalex.org/W4255323002
2007	0	article	OA	Martin D Abeloff	The Lancet	https://doi.org/10.1016/s0140-6736(07)61596-7	http://www.thelancet.com/article/S0140673607615967/pdf	https://openalex.org/W2084971481
2007	0	article	OA	John Cockayne Bignall	The Lancet	https://doi.org/10.1016/s0140-6736(07)61800-5	http://www.thelancet.com/article/S0140673607618005/pdf	https://openalex.org/W2045918054
2007	0	article	OA	Leon J Thal	The Lancet	https://doi.org/10.1016/s0140-6736(07)60655-2	http://www.thelancet.com/article/S0140673607606552/pdf	https://openalex.org/W2081227794
2007	0	article	OA	David V Bates	The Lancet	https://doi.org/10.1016/s0140-6736(07)60095-6	http://www.thelancet.com/article/S0140673607600956/pdf	https://openalex.org/W2088419525
2007	0	article	closed	Arthur Kornberg	The Lancet	https://doi.org/10.1016/s0140-6736(07)61851-0		https://openalex.org/W4237964162
2007	0	book	closed	Lange Q & A Psychiatry	Medical Entomology and Zoology			https://openalex.org/W621161055
2007	0	article	OA	Ralph S Paffenbarger Jr	The Lancet	https://doi.org/10.1016/s0140-6736(07)61280-x	http://www.thelancet.com/article/S014067360761280X/pdf	https://openalex.org/W2037058414
2006	3	article	closed	Thomas Royle Dawber	The Lancet	https://doi.org/10.1016/s0140-6736(06)67950-6		https://openalex.org/W2032532837
2006	2	article	OA	Charles Schepens	The Lancet	https://doi.org/10.1016/s0140-6736(06)68869-7	http://www.thelancet.com/article/S0140673606688697/pdf	https://openalex.org/W4234667316
2006	2	article	OA	Ronald E Cranford	The Lancet	https://doi.org/10.1016/s0140-6736(06)68990-3	http://www.thelancet.com/article/S0140673606689903/pdf	https://openalex.org/W2172173225
2006	2	article	closed	Bloggers beware: conflicts of interest and diabetes	The Lancet	https://doi.org/10.1016/s0140-6736(06)69680-3		https://openalex.org/W2041826021
2006	1	article	OA	Robert Gorlin	The Lancet	https://doi.org/10.1016/s0140-6736(06)69593-7	http://www.thelancet.com/article/S0140673606695937/pdf	https://openalex.org/W4235143113
2006	1	article	OA	Sima Samar: safeguarding human rights in Afghanistan	The Lancet	https://doi.org/10.1016/s0140-6736(06)69823-1	http://www.thelancet.com/article/S0140673606698231/pdf	https://openalex.org/W2030000517
2006	1	article	OA	Henrik L Blum	The Lancet	https://doi.org/10.1016/s0140-6736(06)68127-0	http://www.thelancet.com/article/S0140673606681270/pdf	https://openalex.org/W2071197865
2006	1	article	closed	Norman G Gratz	The Lancet	https://doi.org/10.1016/s0140-6736(06)68058-6		https://openalex.org/W1994619683
2006	1	article	closed	Joseph Burchenal	The Lancet	https://doi.org/10.1016/s0140-6736(06)68635-2		https://openalex.org/W4254091275
2006	1	article	closed	Esther Miriam Lederberg	The Lancet	https://doi.org/10.1016/s0140-6736(06)69880-2		https://openalex.org/W2166689560
2006	0	article	OA	Charles Frederick Mosteller	The Lancet	https://doi.org/10.1016/s0140-6736(06)69431-2	http://www.thelancet.com/article/S0140673606694312/pdf	https://openalex.org/W1995948290
2006	0	article	OA	Robert Petersdorf	The Lancet	https://doi.org/10.1016/s0140-6736(06)69722-5	http://www.thelancet.com/article/S0140673606697225/pdf	https://openalex.org/W4248987973
2006	0	article	closed	Melissa Brown	The Lancet	https://doi.org/10.1016/s0140-6736(06)68020-3		https://openalex.org/W4245147108
2006	0	article	OA	Vincent Dole	The Lancet	https://doi.org/10.1016/s0140-6736(06)69402-6	http://www.thelancet.com/article/S0140673606694026/pdf	https://openalex.org/W4251715606
2006	0	article	closed	Lawrence K Altman	The Lancet	https://doi.org/10.1016/s0140-6736(06)69504-4		https://openalex.org/W2061380607
2006	0	article	closed	Norman Shumway	The Lancet	https://doi.org/10.1016/s0140-6736(06)68370-0		https://openalex.org/W4253739112
2006	0	article	closed	Morton M Kligerman	The Lancet	https://doi.org/10.1016/s0140-6736(06)69061-2		https://openalex.org/W2036250866
2006	0	article	OA	Paul B Beeson	The Lancet	https://doi.org/10.1016/s0140-6736(06)69505-6	http://www.thelancet.com/article/S0140673606695056/pdf	https://openalex.org/W2044895867
2006	0	article	OA	Anita B Roberts	The Lancet	https://doi.org/10.1016/s0140-6736(06)68952-6	http://www.thelancet.com/article/S0140673606689526/pdf	https://openalex.org/W2026200560
2006	0	article	closed	Paul Emanuel Polani	The Lancet	https://doi.org/10.1016/s0140-6736(06)68496-1		https://openalex.org/W2062187128
2006	0	article	OA	Richard K Root	The Lancet	https://doi.org/10.1016/s0140-6736(06)68682-0	http://www.thelancet.com/article/S0140673606686820/pdf	https://openalex.org/W2024236120
2006	0	article	OA	Saul J Farber	The Lancet	https://doi.org/10.1016/s0140-6736(06)69793-6	http://www.thelancet.com/article/S0140673606697936/pdf	https://openalex.org/W2061413404
2006	0	article	closed	Gideon Rodan	The Lancet	https://doi.org/10.1016/s0140-6736(06)68249-4		https://openalex.org/W4242139308
2006	0	article	closed	Fred J Epstein	The Lancet	https://doi.org/10.1016/s0140-6736(06)69272-6		https://openalex.org/W1969234727
2006	0	article	closed	Richard Joseph Mulvaney	The Lancet	https://doi.org/10.1016/s0140-6736(06)69851-6		https://openalex.org/W2079686730
2006	0	article	closed	Lawrence M Brass	The Lancet	https://doi.org/10.1016/s0140-6736(06)68757-6		https://openalex.org/W2147656171
2006	0	article	closed	Wayne S Fenton	The Lancet	https://doi.org/10.1016/s0140-6736(06)69650-5		https://openalex.org/W2083507343
2006	0	article	closed	Charles H Sawyer	The Lancet	https://doi.org/10.1016/s0140-6736(06)69232-5		https://openalex.org/W2053724067
2006	0	article	closed	Peter J Scheuer	The Lancet	https://doi.org/10.1016/s0140-6736(06)68912-5		https://openalex.org/W2062652703
2006	0	article	closed	Ira B Black	The Lancet	https://doi.org/10.1016/s0140-6736(06)68167-1		https://openalex.org/W2073119943
2006	0	article	OA	Joan Wright Goodman	The Lancet	https://doi.org/10.1016/s0140-6736(06)69358-6	http://www.thelancet.com/article/S0140673606693586/pdf	https://openalex.org/W2079587106
2006	0	article	OA	Catherine Neill	The Lancet	https://doi.org/10.1016/s0140-6736(06)68565-6	http://www.thelancet.com/article/S0140673606685656/pdf	https://openalex.org/W4239382200
2006	0	article	OA	Katherine Detre	The Lancet	https://doi.org/10.1016/s0140-6736(06)68292-5	http://www.thelancet.com/article/S0140673606682925/pdf	https://openalex.org/W4249161017
2005	13	article	closed	Dame Cicely Mary Strode Saunders	The Lancet	https://doi.org/10.1016/s0140-6736(05)67127-9		https://openalex.org/W2021795142
2005	9	article	closed	Cancer blogs	The Lancet Oncology	https://doi.org/10.1016/s1470-2045(05)70419-8		https://openalex.org/W4248609657
2005	7	article	OA	H Jeremy C Swan	The Lancet	https://doi.org/10.1016/s0140-6736(05)71865-1	http://www.thelancet.com/article/S0140673605718651/pdf	https://openalex.org/W2064499668
2005	5	article	closed	William Silverman	The Lancet	https://doi.org/10.1016/s0140-6736(05)17689-2		https://openalex.org/W4250464724
2005	4	article	OA	Leo H Sternbach	The Lancet	https://doi.org/10.1016/s0140-6736(05)67588-5	http://www.thelancet.com/article/S0140673605675885/pdf	https://openalex.org/W1989952991
2005	3	article	OA	J Donald M Gass	The Lancet	https://doi.org/10.1016/s0140-6736(05)61016-1	http://www.thelancet.com/article/S0140673605610161/pdf	https://openalex.org/W2078332491
2005	3	article	closed	Clarence Dennis	The Lancet	https://doi.org/10.1016/s0140-6736(05)67203-0		https://openalex.org/W4232752326
2005	3	article	OA	Susan Sontag	The Lancet	https://doi.org/10.1016/s0140-6736(05)17853-2	http://www.thelancet.com/article/S0140673605178532/pdf	https://openalex.org/W4247156179
2005	2	article	closed	Wilfred Gordon Bigelow	The Lancet	https://doi.org/10.1016/s0140-6736(05)66498-7		https://openalex.org/W1972876210
2005	2	article	OA	Paul Offit	The Lancet	https://doi.org/10.1016/s0140-6736(05)67805-1	http://www.thelancet.com/article/S0140673605678051/pdf	https://openalex.org/W4256518881
2005	2	article	closed	Maurice R Hilleman	The Lancet	https://doi.org/10.1016/s0140-6736(05)66536-1		https://openalex.org/W1964872620
2005	2	article	closed	Diversity in the Life Sciences	Digital Commons - USU (Utah State University)			https://openalex.org/W1552527427
2005	1	article	OA	Francesca Gany	The Lancet	https://doi.org/10.1016/s0140-6736(05)67361-8	http://www.thelancet.com/article/S0140673605673618/pdf	https://openalex.org/W4232806828
2005	1	article	closed	David Tyrrell	The Lancet	https://doi.org/10.1016/s0140-6736(05)66722-0		https://openalex.org/W4237411366
2005	1	article	OA	Giulio Cantoni	The Lancet	https://doi.org/10.1016/s0140-6736(05)67305-9	http://www.thelancet.com/article/S0140673605673059/pdf	https://openalex.org/W4241467515
2005	1	article	OA	Benjamin Paul	The Lancet	https://doi.org/10.1016/s0140-6736(05)66896-1	http://www.thelancet.com/article/S0140673605668961/pdf	https://openalex.org/W4247546261
2005	1	article	closed	Sir Richard Doll	The Lancet	https://doi.org/10.1016/s0140-6736(05)67047-x		https://openalex.org/W2027347171
2005	1	article	OA	Zoltan Ovary	The Lancet	https://doi.org/10.1016/s0140-6736(05)67013-4	http://www.thelancet.com/article/S0140673605670134/pdf	https://openalex.org/W4249465437
2005	1	article	OA	Sonja Buckley	The Lancet	https://doi.org/10.1016/s0140-6736(05)71068-0	http://www.thelancet.com/article/S0140673605710680/pdf	https://openalex.org/W4252927402
2005	1	article	OA	William Trager	The Lancet	https://doi.org/10.1016/s0140-6736(05)17972-0	http://www.thelancet.com/article/S0140673605179720/pdf	https://openalex.org/W4234198852
2005	0	article	OA	John Gates	The Lancet	https://doi.org/10.1016/s0140-6736(05)67617-9	http://www.thelancet.com/article/S0140673605676179/pdf	https://openalex.org/W4238581643
2005	0	article	closed	Michael Ward	The Lancet	https://doi.org/10.1016/s0140-6736(05)67651-9		https://openalex.org/W4247475877
2005	0	article	OA	US counterfeit drugs	The Lancet	https://doi.org/10.1016/s0140-6736(05)66720-7	http://www.thelancet.com/article/S0140673605667207/pdf	https://openalex.org/W1974332280
2005	0	article	closed	Georgeanna Seegar Jones	The Lancet	https://doi.org/10.1016/s0140-6736(05)66407-0		https://openalex.org/W2084142489
2005	0	article	OA	Frederic Quitkin	The Lancet	https://doi.org/10.1016/s0140-6736(05)67776-8	http://www.thelancet.com/article/S0140673605677768/pdf	https://openalex.org/W4255892744
2005	0	book-review	closed	PerspectivesUS counterfeit drugsKatherine Eban, Dangerous Doses: How Counterfeiters Are Contaminating America's Drug Supply, Elsevier (2005), Pp 480. $25·00, ISBN: 0-151-01050-1	The Lancet			https://openalex.org/W3022933771
2005	0	article	closed	Martin Wienbeck	The Lancet	https://doi.org/10.1016/s0140-6736(05)66765-7		https://openalex.org/W4233288950
2005	0	article	closed	Stewart Wolf	The Lancet	https://doi.org/10.1016/s0140-6736(05)67717-3		https://openalex.org/W4251932376
2005	0	article	OA	Jeanne Petrek	The Lancet	https://doi.org/10.1016/s0140-6736(05)66606-8	http://www.thelancet.com/article/S0140673605666068/pdf	https://openalex.org/W4245653780
2005	0	article	closed	Horace W Davenport	The Lancet	https://doi.org/10.1016/s0140-6736(05)67517-4		https://openalex.org/W2042120850
2005	0	article	closed	Margot Kruskall	The Lancet	https://doi.org/10.1016/s0140-6736(05)67469-7		https://openalex.org/W4252902293
2005	0	article	closed	Joseph Bogen	The Lancet	https://doi.org/10.1016/s0140-6736(05)66649-4		https://openalex.org/W4248526619
2005	0	article	closed	Morris Ziff	The Lancet	https://doi.org/10.1016/s0140-6736(05)67362-x		https://openalex.org/W4235362703
2005	0	article	closed	Alan A Reich	The Lancet	https://doi.org/10.1016/s0140-6736(05)67876-2		https://openalex.org/W2036862348
2005	0	article	OA	Vincent J Fontana	The Lancet	https://doi.org/10.1016/s0140-6736(05)67165-6	http://www.thelancet.com/article/S0140673605671656/pdf	https://openalex.org/W2085793395
2005	0	article	closed	Edward D Freis	The Lancet	https://doi.org/10.1016/s0140-6736(05)71030-8		https://openalex.org/W2026014183
2005	0	article	OA	Marshall S Horwitz	The Lancet	https://doi.org/10.1016/s0140-6736(05)66972-3	http://www.thelancet.com/article/S0140673605669723/pdf	https://openalex.org/W2125502565
2005	0	book-review	closed	Dangerous Doses: How Counterfeiters Are Contaminating America's Drug Supply, Katherine Eban. Elsevier (2005), Pp 480. $25·00, ISBN: 0-151-01050-1	The Lancet			https://openalex.org/W3022212908
2005	0	article	closed	Classification of the terms in sanatorium treatment and physiotherapy	Problems of Balneology Physiotherapy and Exercise Therapy	https://doi.org/10.15426/lfk20050633		https://openalex.org/W2557275205
2005	0	article	OA	Norman Horowitz	The Lancet	https://doi.org/10.1016/s0140-6736(05)66855-9	http://www.thelancet.com/article/S0140673605668559/pdf	https://openalex.org/W4240759585
2005	0	article	closed	Lauriston Taylor	The Lancet	https://doi.org/10.1016/s0140-6736(05)17729-0		https://openalex.org/W4256693815
2004	25	article	OA	Sir Godfrey N Hounsfield	The Lancet	https://doi.org/10.1016/s0140-6736(04)17049-9	http://www.thelancet.com/article/S0140673604170499/pdf	https://openalex.org/W2106068445
2004	7	article	OA	Charles Kelman	The Lancet	https://doi.org/10.1016/s0140-6736(04)16646-4	http://www.thelancet.com/article/S0140673604166464/pdf	https://openalex.org/W4233351927
2004	6	article	closed	Ancel Keys	The Lancet	https://doi.org/10.1016/s0140-6736(04)17578-8		https://openalex.org/W4250882502
2004	3	article	closed	Gates Foundation gives $27 million to fight Japanese encephalitis	The Lancet Neurology	https://doi.org/10.1016/s1474-4422(03)00645-8		https://openalex.org/W2038117121
2004	2	article	closed	Born with a mission	The Lancet	https://doi.org/10.1016/s0140-6736(04)16281-8		https://openalex.org/W2018315269
2004	2	article	OA	George Widmer Thorn	The Lancet	https://doi.org/10.1016/s0140-6736(04)16794-9	http://www.thelancet.com/article/S0140673604167949/pdf	https://openalex.org/W1996164907
2004	1	article	closed	Formulae predict shorter follow-up for early-stage breast cancer	The Lancet Oncology	https://doi.org/10.1016/s1470-2045(04)01437-8		https://openalex.org/W2023463149
2004	1	article	closed	Clayton Samuel White	The Lancet	https://doi.org/10.1016/s0140-6736(04)16381-2		https://openalex.org/W2034058724
2004	1	article	closed	James Dorman Weaver	The Lancet	https://doi.org/10.1016/s0140-6736(03)15407-4		https://openalex.org/W2030208396
2004	1	article	closed	Katharina Dorothea Dalton	The Lancet	https://doi.org/10.1016/s0140-6736(04)17300-5		https://openalex.org/W2001688353
2004	1	article	OA	Ewald W Busse	The Lancet	https://doi.org/10.1016/s0140-6736(04)16123-0	http://www.thelancet.com/article/S0140673604161230/pdf	https://openalex.org/W2003619124
2004	1	article	closed	Paul Janssen	The Lancet	https://doi.org/10.1016/s0140-6736(03)15357-3		https://openalex.org/W4234639382
2004	1	article	OA	First dog cloned	Genome biology	https://doi.org/10.1186/gb-spotlight-20050818-02	https://genomebiology.biomedcentral.com/track/pdf/10.1186/gb-spotlight-20050818-02	https://openalex.org/W2074881696
2004	1	article	closed	Gertie Florentine Marx	The Lancet	https://doi.org/10.1016/s0140-6736(04)15972-2		https://openalex.org/W1970928564
2004	1	article	closed	Elisabeth Kübler-Ross	The Lancet	https://doi.org/10.1016/s0140-6736(04)17087-6		https://openalex.org/W1987795240
2004	0	article	OA	Tim Cullinan	The Lancet	https://doi.org/10.1016/s0140-6736(04)16549-5	http://www.thelancet.com/article/S0140673604165495/pdf	https://openalex.org/W4241220223
2004	0	article	closed	Christopher Reeve	The Lancet	https://doi.org/10.1016/s0140-6736(04)17383-2		https://openalex.org/W4236067735
2004	0	article	closed	Paul Francis Wehrle	The Lancet	https://doi.org/10.1016/s0140-6736(04)16476-3		https://openalex.org/W1997192153
2004	0	article	closed	USA won't sign landmine treaty	The Lancet	https://doi.org/10.1016/s0140-6736(04)15718-8		https://openalex.org/W2059888397
2004	0	article	closed	Experience in activity of sanatoria of the Ural Federal Territory in working population health promotion	Problems of Balneology Physiotherapy and Exercise Therapy	https://doi.org/10.15426/lfk20040443		https://openalex.org/W2561272757
2004	0	article	closed	Robert E Shope	The Lancet	https://doi.org/10.1016/s0140-6736(04)15866-2		https://openalex.org/W1976666332
2004	0	article	closed	Wireless monitor could help treat neurological disorders	The Lancet Neurology	https://doi.org/10.1016/s1474-4422(04)00725-2		https://openalex.org/W2025647215
2004	0	article	OA	Harold Kletschka	The Lancet	https://doi.org/10.1016/s0140-6736(04)16173-4	http://www.thelancet.com/article/S0140673604161734/pdf	https://openalex.org/W2410568008
2004	0	article	OA	Watching the detectives	The Lancet	https://doi.org/10.1016/s0140-6736(04)17172-9	http://www.thelancet.com/article/S0140673604171729/pdf	https://openalex.org/W2011894596
2004	0	article	OA	William W Montgomery	The Lancet	https://doi.org/10.1016/s0140-6736(03)15297-x	http://www.thelancet.com/article/S014067360315297X/pdf	https://openalex.org/W2158011639
2004	0	article	OA	William Ross Adey	The Lancet	https://doi.org/10.1016/s0140-6736(04)16699-3	http://www.thelancet.com/article/S0140673604166993/pdf	https://openalex.org/W1967368535
2004	0	article	closed	Richard L Masland	The Lancet	https://doi.org/10.1016/s0140-6736(04)15615-8		https://openalex.org/W2117031175
2004	0	article	OA	Jordi Casals-Ariet	The Lancet	https://doi.org/10.1016/s0140-6736(04)16020-0	http://www.thelancet.com/article/S0140673604160200/pdf	https://openalex.org/W2007257844
2004	0	article	closed	David W Golde	The Lancet	https://doi.org/10.1016/s0140-6736(04)16964-x		https://openalex.org/W2040385391
2004	0	article	OA	Sol Londe	The Lancet	https://doi.org/10.1016/s0140-6736(04)17500-4	http://www.thelancet.com/article/S0140673604175004/pdf	https://openalex.org/W4239472733
2004	0	article	OA	Margaret Thaler Singer	The Lancet	https://doi.org/10.1016/s0140-6736(04)15460-3	http://www.thelancet.com/article/S0140673604154603/pdf	https://openalex.org/W2024977091
2004	0	article	closed	Making medicine's difficult choices	The Lancet	https://doi.org/10.1016/s0140-6736(03)15412-8		https://openalex.org/W2081437629
2004	0	article	OA	Melvin D Yahr	The Lancet	https://doi.org/10.1016/s0140-6736(04)15761-9	http://www.thelancet.com/article/S0140673604157619/pdf	https://openalex.org/W2004547467
2003	15	article	closed	Gene therapy trial for Parkinson's disease begins	The Lancet	https://doi.org/10.1016/s0140-6736(03)14247-x		https://openalex.org/W2057818077
2003	13	article	closed	FDA questions antidepressant safety for children	The Lancet	https://doi.org/10.1016/s0140-6736(03)14787-3		https://openalex.org/W1986483823
2003	11	article	OA	Limits imposed on residents' work hours	The Lancet	https://doi.org/10.1016/s0140-6736(03)14062-7	http://www.thelancet.com/article/S0140673603140627/pdf	https://openalex.org/W2093141433
2003	10	article	OA	Carlo Urbani	The Lancet	https://doi.org/10.1016/s0140-6736(03)13107-8	http://www.thelancet.com/article/S0140673603131078/pdf	https://openalex.org/W4205809659
2003	6	article	closed	Report finds shortage of US physicians by 2020	The Lancet	https://doi.org/10.1016/s0140-6736(03)14621-1		https://openalex.org/W2152823698
2003	4	article	closed	Neurologists say Florida woman is very unlikely to recover	The Lancet Neurology	https://doi.org/10.1016/s1474-4422(03)00600-8		https://openalex.org/W1982915421
2003	4	article	OA	US Army looking into Iraq pneumonia cases	The Lancet	https://doi.org/10.1016/s0140-6736(03)14156-6	http://www.thelancet.com/article/S0140673603141566/pdf	https://openalex.org/W2023262891
2003	3	article	closed	Oxygen sensor is neuroprotective in Alzheimer's disease	The Lancet Neurology	https://doi.org/10.1016/s1474-4422(03)00473-3		https://openalex.org/W2058947494
2003	3	article	closed	David F Horrobin	The Lancet	https://doi.org/10.1016/s0140-6736(03)13046-2		https://openalex.org/W1968181624
2003	2	article	closed	African patients adhere well to anti-HIV regimens	The Lancet	https://doi.org/10.1016/s0140-6736(03)14353-x		https://openalex.org/W2085196560
2003	2	article	closed	Peter Safar	The Lancet	https://doi.org/10.1016/s0140-6736(03)14221-3		https://openalex.org/W4242663643
2003	2	article	closed	Priscilla Dienes Taft	The Lancet	https://doi.org/10.1016/s0140-6736(03)12626-8		https://openalex.org/W2042343685
2003	2	article	OA	Roland B Scott	The Lancet	https://doi.org/10.1016/s0140-6736(03)12764-x	http://www.thelancet.com/article/S014067360312764X/pdf	https://openalex.org/W2037062316
2003	1	article	OA	Vincent J Freda	The Lancet	https://doi.org/10.1016/s0140-6736(03)14177-3	http://www.thelancet.com/article/S0140673603141773/pdf	https://openalex.org/W2060777195
2003	1	article	OA	David Francis Clyde	The Lancet	https://doi.org/10.1016/s0140-6736(03)12426-9	http://www.thelancet.com/article/S0140673603124269/pdf	https://openalex.org/W2116200478
2003	1	article	closed	Protective autoimmunity in amyotrophic lateral sclerosis	The Lancet Neurology	https://doi.org/10.1016/s1474-4422(03)00397-1		https://openalex.org/W2000653883
2003	1	article	closed	Shorter hours for nurses may help reduce errors	The Lancet	https://doi.org/10.1016/s0140-6736(03)14830-1		https://openalex.org/W2032154871
2003	1	article	OA	Kurt W Deuschle	The Lancet	https://doi.org/10.1016/s0140-6736(03)13329-6	http://www.thelancet.com/article/S0140673603133296/pdf	https://openalex.org/W2048007741
2003	1	article	closed	Martha C Myers	The Lancet	https://doi.org/10.1016/s0140-6736(03)12857-7		https://openalex.org/W2048715716
2003	1	article	closed	Victor Herbert	The Lancet	https://doi.org/10.1016/s0140-6736(03)12336-7		https://openalex.org/W4252138061
2003	1	article	OA	Arthur Guyton	The Lancet	https://doi.org/10.1016/s0140-6736(03)13763-4	http://www.thelancet.com/article/S0140673603137634/pdf	https://openalex.org/W4233808810
2003	1	article	closed	Cell migration: actin at the leading edge	The Lancet Oncology	https://doi.org/10.1016/s1470-2045(03)01061-1		https://openalex.org/W1974968621
2003	0	article	closed	Exhibition Hog lard, Thunderclappers, and flannel	The Lancet	https://doi.org/10.1016/s0140-6736(03)15136-7		https://openalex.org/W1987352165
2003	0	article	OA	David Applebaum	The Lancet	https://doi.org/10.1016/s0140-6736(03)14438-8	http://www.thelancet.com/article/S0140673603144388/pdf	https://openalex.org/W4247691177
2003	0	article	closed	Group publishes guidelines for guidelines	The Lancet	https://doi.org/10.1016/s0140-6736(03)14402-9		https://openalex.org/W2050818982
2003	0	article	closed	Neuron death in ALS may be due to effects of neighbours	The Lancet Neurology	https://doi.org/10.1016/s1474-4422(03)00577-5		https://openalex.org/W2100062266
2003	0	article	OA	Annalena Tonelli	The Lancet	https://doi.org/10.1016/s0140-6736(03)14990-2	http://www.thelancet.com/article/S0140673603149902/pdf	https://openalex.org/W4248387690
2003	0	article	OA	Roy M Acheson	The Lancet	https://doi.org/10.1016/s0140-6736(03)13938-4	http://www.thelancet.com/article/S0140673603139384/pdf	https://openalex.org/W1969053145
2003	0	article	closed	Ironing out the wrinkles in the botulinum toxin intracellular pathway	The Lancet Neurology	https://doi.org/10.1016/s1474-4422(03)00293-x		https://openalex.org/W2054202087
2003	0	article	closed	Molecular pathology links Alzheimer's and Parkinson's diseases	The Lancet Neurology	https://doi.org/10.1016/s1474-4422(03)00426-5		https://openalex.org/W1991403218
2003	0	article	OA	James W Rachels	The Lancet	https://doi.org/10.1016/s0140-6736(03)14819-2	http://www.thelancet.com/article/S0140673603148192/pdf	https://openalex.org/W1968862309
2003	0	article	OA	Robert W Wilkins	The Lancet	https://doi.org/10.1016/s0140-6736(03)13994-3	http://www.thelancet.com/article/S0140673603139943/pdf	https://openalex.org/W2022181631
2003	0	article	closed	Harold S Ginsberg	The Lancet	https://doi.org/10.1016/s0140-6736(03)13019-x		https://openalex.org/W2022848304
2003	0	article	OA	Benjamin M Baker, Jr	The Lancet	https://doi.org/10.1016/s0140-6736(03)14768-x	http://www.thelancet.com/article/S014067360314768X/pdf	https://openalex.org/W2015107887
2003	0	article	OA	Sergio Vieira de Mello	The Lancet	https://doi.org/10.1016/s0140-6736(03)14388-7	http://www.thelancet.com/article/S0140673603143887/pdf	https://openalex.org/W2119677621
2003	0	article	closed	Charles A Janeway Jr	The Lancet	https://doi.org/10.1016/s0140-6736(03)14047-0		https://openalex.org/W2093318854
2003	0	article	closed	Who—and how—to kill are focus of US death penalty cases	The Lancet	https://doi.org/10.1016/s0140-6736(03)14617-x		https://openalex.org/W2000922849
2003	0	article	OA	Paul LoGerfo	The Lancet	https://doi.org/10.1016/s0140-6736(03)14925-2	http://www.thelancet.com/article/S0140673603149252/pdf	https://openalex.org/W4253767589
2002	0	article	closed	Marvin Kuschner	The Lancet	https://doi.org/10.1016/s0140-6736(02)12003-4		https://openalex.org/W4251694017
2002	0	article	closed	NMDA receptors and stroke therapy	The Lancet Neurology	https://doi.org/10.1016/s1474-4422(02)00243-0		https://openalex.org/W1994074311
2002	0	article	OA	Orvan Hess	The Lancet	https://doi.org/10.1016/s0140-6736(02)11230-x	http://www.thelancet.com/article/S014067360211230X/pdf	https://openalex.org/W4233118363
2002	0	article	OA	Thomas Turner	The Lancet	https://doi.org/10.1016/s0140-6736(02)11406-1	http://www.thelancet.com/article/S0140673602114061/pdf	https://openalex.org/W4246108394
2002	0	article	OA	Milton Terris	The Lancet	https://doi.org/10.1016/s0140-6736(02)11644-8	http://www.thelancet.com/article/S0140673602116448/pdf	https://openalex.org/W4235612502
2002	0	article	OA	Lennart Hansson	The Lancet	https://doi.org/10.1016/s0140-6736(02)11923-4	http://www.thelancet.com/article/S0140673602119234/pdf	https://openalex.org/W4239480586
2002	0	article	closed	Roy Hertz	The Lancet	https://doi.org/10.1016/s0140-6736(02)11781-8		https://openalex.org/W4242403846
2000	17	article	closed	Early Changes in Quasispecies Repertoire in HIV-Infected Infants: Correlation with Disease Progression	AIDS Research and Human Retroviruses	https://doi.org/10.1089/088922200750054675		https://openalex.org/W2094117516
2000	0	article	closed	A community of physicians.	PubMed			https://openalex.org/W2406557326
2000	0	book	closed	Appleton & Lange Review of Psychiatry	Medical Entomology and Zoology			https://openalex.org/W1480766728
1999	5	article	closed	Disarming life's invisible enemies: Mikhail Bulgako v's A Country Doctor's Notebook	The Lancet	https://doi.org/10.1016/s0140-6736(98)08180-x		https://openalex.org/W2060714111
1999	1	article	closed	All I really needed to know about HMOs I learned in residency.	PubMed			https://openalex.org/W2414084758
1999	0	article	closed	Becoming a Clinician: A Primer for Students	JAMA	https://doi.org/10.1001/jama.281.11.1043-a		https://openalex.org/W1985332997
1999	0	article	closed	An Apology for Those Who Leave Medicine	JAMA	https://doi.org/10.1001/jama.281.13.1230-jms0407-5-1		https://openalex.org/W1988830376
1999	0	article	closed	Peterson's the insider's guide to medical schools : current students tell you what their medical school is really like	Medical Entomology and Zoology			https://openalex.org/W592208481
1997	4	article	closed	Nonphysician clinicians and the future of medicine	JAMA	https://doi.org/10.1001/jama.277.13.1090		https://openalex.org/W1981041937
1996	0	article	closed	Activism and the medical student	JAMA	https://doi.org/10.1001/jama.276.17.1434		https://openalex.org/W2003071364
1970	0	article	closed	Circadian periodicity of the urine 17-hydroxycorticosteroid level in atherosclerosis and hypertension	Atherosclerosis	https://doi.org/10.1016/0021-9150(70)90099-7		https://openalex.org/W2105843093
