date	title	url	contributor_ids
2021-10-08	When romance meets ratios	https://theworld.org/stories/2021/10/08/when-romance-meets-ratios	19456
2021-10-08	The people powering AI decisions	https://theworld.org/stories/2021/10/08/people-powering-ai-decisions	19133
2021-10-08	The lost art of listening	https://theworld.org/stories/2021/10/08/lost-art-listening	13377
2021-10-08	Sal Khan on leveling the playing field, in and out of the classroom	https://theworld.org/stories/2021/10/08/sal-khan-leveling-playing-field-and-out-classroom	13377
2021-10-08	How gay marriage won in the US	https://theworld.org/stories/2021/10/08/how-gay-marriage-won-us	19133
2021-07-27	Workers battle tidal wave of burnout amid pandemic	https://theworld.org/stories/2021/07/27/workers-battle-tidal-wave-burnout	19456
2021-07-27	Climate migration has begun, and it’s only getting worse, expert says	https://theworld.org/stories/2021/07/27/climate-migration-here-and-its-only-getting-worse-says-expert	19456
2021-07-13	The rise, future and legacy of Bezos and Amazon	https://theworld.org/stories/2021/07/13/rise-future-and-legacy-bezos-and-amazon	19456
2021-07-13	Families leaving traditional education have lessons for those left behind	https://theworld.org/stories/2021/07/13/families-leaving-traditional-education-have-lessons-those-left-behind	13377
2021-06-11	Why we can’t quit cities	https://theworld.org/stories/2021/06/11/why-we-can-t-quit-cities	13377
2021-06-11	What’s the point of exercise?	https://theworld.org/stories/2021/06/11/what-s-point-exercise	16544
2021-06-11	The complicated history and identity of Latinos in the United States	https://theworld.org/stories/2021/06/11/complicated-history-identity-latinos-america	19133
2021-05-06	People overlook power of subtraction, says engineer	https://theworld.org/stories/2021/05/06/when-we-change-our-world-we-have-consider-subtraction-says-engineer	19414
2021-04-23	How money became ‘the most powerful metaphor’ in the world	https://theworld.org/stories/2021/04/23/how-money-became-most-powerful-metaphor-society	19414
2021-04-16	Your digital footprint can come back to haunt you, says media historian	https://theworld.org/stories/2021/04/16/your-digital-footprint-can-come-back-haunt-you-says-media-historian	19414
2021-04-09	US could stand to dial down democracy, says economist	https://theworld.org/stories/2021/04/09/us-could-stand-dial-back-democracy-says-economist	19414
2021-03-26	Nature vs nurture debate is ‘totally dead in science,’ says neuroscientist	https://theworld.org/stories/2021/03/26/nature-vs-nurture-debate-totally-dead-science-says-neuroscientist	19414
2021-03-19	Capitalism is ruining the world, and can save it, says economist	https://theworld.org/stories/2021/03/19/capitalism-ruining-world-and-can-save-it-says-economist	19414
2021-03-12	Walter Isaacson on how gene editing will change lives	https://theworld.org/stories/2021/03/12/walter-isaacson-how-gene-editing-will-change-lives	19414
2021-03-05	Email’s death grip is strangling us, says computer scientist	https://theworld.org/stories/2021/03/05/emails-death-grip	19414
2021-02-26	Living in a disinfected world could pose unintended consequences	https://theworld.org/stories/2021/02/26/living-disinfected-world-could-pose-unintended-health-risks	13377
2021-02-18	Americans are prone to reading Constitution as scripture, says legal scholar	https://theworld.org/stories/2021/02/18/americans-are-prone-reading-constitution-scripture-says-legal-scholar	19414
2021-02-04	A proposal to wipe out childhood poverty in the US	https://theworld.org/stories/2021/02/04/proposal-wipe-out-childhood-poverty-us	13377
2021-01-28	Cities suffer when the 1% leave	https://theworld.org/stories/2021/01/28/cities-suffer-when-1-leave-tax-breaks-elsewhere	13377
2020-12-18	The behind-the-shelves story of American supermarkets	https://theworld.org/stories/2020/12/18/behind-shelves-story-american-supermarkets	19361
2020-11-25	How the West came to dominate our brains	https://theworld.org/stories/2020/11/25/how-west-came-dominate-our-brains-0	19133
2020-11-25	Do offices have a future?	https://theworld.org/stories/2020/11/25/do-offices-have-future	19361
2020-11-11	American exceptionalism in a pandemic	https://theworld.org/stories/2020/11/11/american-exceptionalism-pandemic-1	13377
2020-10-09	How social media has changed society	https://theworld.org/stories/2020/10/09/how-social-media-has-changed-society	19361
2020-10-05	What 1 billion Americans would mean for the US	https://theworld.org/stories/2020/10/05/what-one-billion-americans-would-mean-country	13377
2020-09-30	Pandemic set to widen global inequality	https://theworld.org/stories/2020/09/30/pandemic-set-widen-global-inequality	19361
2020-09-30	How tech reshapes our relationships	https://theworld.org/stories/2020/09/30/how-tech-reshapes-relationships	13377
2020-09-30	Global economic inequalities could grow worse with a vaccine for COVID-19	https://theworld.org/stories/2020/09/30/pandemic-set-widen-global-inequality-0	19361
2020-09-11	Will coronavirus really change college forever?	https://theworld.org/stories/2020/09/11/will-coronavirus-change-college-forever-0	19133
2020-08-17	Relying on electronic voting machines puts us at risk, security expert says	https://theworld.org/stories/2020/08/17/relying-electronic-voting-machines-puts-us-risk-security-expert-says	19335
2020-08-06	COVID-19’s cost to working mothers	https://theworld.org/stories/2020/08/06/covid-19-s-cost-working-mothers	19335
2020-07-23	The future of our pandemic	https://theworld.org/stories/2020/07/23/future-our-pandemic	13377
2020-07-23	How does a country’s culture predict its pandemic response?	https://theworld.org/stories/2020/07/23/playing-it-tight-or-lose-covid-19	19335
2020-06-26	The makings of modern conservatism in the US	https://theworld.org/stories/2020/06/26/makings-modern-conservatism-us	19133
2020-06-26	Pandemic-prompted remote education efforts get a failing grade	https://theworld.org/stories/2020/06/26/pandemic-prompted-remote-education-efforts-get-failing-grade	13377
2020-06-12	The other pandemic worsening coronavirus? Obesity.	https://theworld.org/stories/2020/06/12/other-pandemic-worsening-coronavirus-obesity	16544
2020-06-05	Never before have threats to US democracy been so grave, says political scientist	https://theworld.org/stories/2020/06/05/never-have-threats-us-democracy-been-so-grave-says-political-scientist	13377
2020-05-22	The great reopening	https://theworld.org/stories/2020/05/22/great-reopening	13377
2020-05-13	The slow burn of a long-term slowdown	https://theworld.org/stories/2020/05/13/slow-burn-long-term-slowdown	19133
2020-05-11	What will a post-coronavirus world look like?	https://theworld.org/stories/2020/05/11/what-will-post-coronavirus-world-look	13377
2020-04-28	The economics of a global emergency	https://theworld.org/stories/2020/04/28/economics-global-emergency	19133
2020-04-24	A path out of a pandemic	https://theworld.org/stories/2020/04/24/path-out-pandemic	13377
2020-04-13	Science for sale and profits before health and safety	https://theworld.org/stories/2020/04/13/science-sale-and-profits-health-and-safety	13377
2020-03-27	How are we going to feed ourselves when there are 10 billion people on the planet?	https://theworld.org/stories/2020/03/27/how-are-we-going-feed-ourselves-when-there-are-10-billion-people-planet	13377
2020-03-20	Home DNA tests reveal more than we bargained for	https://theworld.org/stories/2020/03/20/home-dna-tests-reveal-more-we-bargained	13377
2020-02-10	Can you hear me now?	https://theworld.org/stories/2020/02/10/can-you-hear-me-now-2	19133
2020-01-29	The myth of the gendered brain	https://theworld.org/stories/2020/01/29/myth-gendered-brain	19190
2020-01-14	How Wikipedia’s volunteer army combats misinformation in the ‘post-truth’ era	https://theworld.org/stories/2020/01/14/wikipedia-s-volunteer-army	19133
2019-12-19	The power of conservative talk radio	https://theworld.org/stories/2019/12/19/power-conservative-talk-radio	19133
2019-12-10	Why ‘fast fashion’ might need to slow down	https://theworld.org/stories/2019/12/10/why-fast-fashion-might-need-slow-down	16544
2019-11-18	The science behind our compulsion to be good	https://theworld.org/stories/2019/11/18/science-behind-our-compulsion-be-good	19190
2019-11-11	Health care reform: The ‘insurance company model’ is flawed, says historian	https://theworld.org/stories/2019/11/11/health-care-reform-insurance-company-model-flawed-says-historian	13377
2019-11-01	Remember ‘reduce, reuse, recycle’? Humans actually are reducing, expert says.	https://theworld.org/stories/2019/11/01/remember-reduce-reuse-recycle-humans-actually-are-reducing-expert-says	19190
2019-10-22	Feeling lonely? You’ve got company.	https://theworld.org/stories/2019/10/22/feeling-lonely-you-ve-got-company	19190
2019-10-14	In a culture of selfies and social media, how do you check your ego?	https://theworld.org/stories/2019/10/14/culture-selfies-and-social-media-how-do-you-check-your-ego	19190
2019-09-23	The real cost of expensive housing	https://theworld.org/stories/2019/09/23/real-cost-expensive-housing	19133
2019-09-16	A North Dakota law gives school districts a chance to experiment	https://theworld.org/stories/2019/09/16/reinventing-schools-era-innovation	13377
2019-09-09	Opponents of FDR’s New Deal called it a ‘disaster’	https://theworld.org/stories/2019/09/09/opponents-fdrs-new-deal-called-it-disaster	19133
2019-08-09	How did tourism become so popular?	https://theworld.org/stories/2019/08/09/how-did-tourism-become-so-popular	19133
2019-08-02	The economics of risk taking in the workplace	https://theworld.org/stories/2019/08/02/placeholder-title	18973
2019-07-19	How the race for nuclear power began	https://theworld.org/stories/2019/07/19/how-race-nuclear-power-began	19087
2019-07-12	As the American wage gap grows, workers of color are being left behind	https://theworld.org/stories/2019/07/12/american-wage-gap-grows-workers-color-are-being-left-behind	13377
2019-06-21	Can we improve the way we age?	https://theworld.org/stories/2019/06/21/can-we-improve-way-we-age	18963
2019-06-17	The advantage of being a generalist	https://theworld.org/stories/2019/06/17/advantage-being-generalist	19087
2019-06-07	The life and inspiration of Dr. Seuss	https://theworld.org/stories/2019/06/07/life-and-inspiration-dr-seuss	18973
2019-06-03	America’s polarized politics may be here to stay	https://theworld.org/stories/2019/06/03/americas-polarized-politics-may-be-here-stay	13377
2019-05-29	How do we forget what was once famous?	https://theworld.org/stories/2019/05/29/how-do-we-forget-what-was-once-famous	18963
2019-05-21	How do our brains react to drugs? A former addict turned neuroscientist explains.	https://theworld.org/stories/2019/05/21/how-do-our-brains-react-drugs-former-addict-turned-neuroscientist-explains	18973
2019-05-06	Gene therapy is a game changer for medicine — but comes with a hefty price tag	https://theworld.org/stories/2019/05/06/genetics-breakthroughs-lead-more-effective-medicine-and-theres-still-more-come	18963
2019-04-15	This author says that innovative ideas — ‘loonshots’ — are too often shut down	https://theworld.org/stories/2019/04/15/loons-shoot-moon	18973
2019-04-09	From fashion to tools, animal behaviors are often surprisingly human	https://theworld.org/stories/2019/04/09/fashion-tools-animal-behaviors-are-often-surprisingly-human	18963
2019-04-01	The electric guitar wasn’t built for rock musicians	https://theworld.org/stories/2019/04/01/electric-guitar-wasnt-built-rock-musicians	18973
2019-03-15	Why history’s most famous scientists are usually a bit weird	https://theworld.org/stories/2019/03/15/her-new-book-quirky-author-melissa-schilling-shows-how-famous-scientists-can	13377
2019-03-11	A micro safari through household germs reveals that cleanliness isn’t always a good thing	https://theworld.org/stories/2019/03/11/his-new-book-never-home-alone-rob-dunn-takes-safari-through-our-homes	18973
2019-03-04	Chinese innovation makes the ‘Chinese Dream’ real for many	https://theworld.org/stories/2019/03/04/chinas-innovation	18973
2019-02-26	How to step away from the screen	https://theworld.org/stories/2019/02/26/how-step-away-screen	18963
2019-02-05	This economist says ‘degree inflation’ is hurting the American job market	https://theworld.org/stories/2019/02/05/economist-says-degree-inflation-hurting-american-job-market	18678
2019-01-28	How the US influenced the creation of the EU	https://theworld.org/stories/2019/01/28/how-us-influenced-creation-eu	13377
2019-01-23	Historian: Technology and politics has always been dysfunctional in the US	https://theworld.org/stories/2019/01/23/lawmakers-grapple-impact-social-media-politics-historian-says-its-always-been	13377
2019-01-11	Nutrition science is changing: low-fat is out, whole foods are in	https://theworld.org/stories/2019/01/11/nutrition-science-changing-low-fat-out-whole-foods-are	18678
2018-12-06	Marinating in plastics	https://theworld.org/stories/2018/12/06/marinating-plastics	18846
2018-11-09	Testing who you are	https://theworld.org/stories/2018/11/09/testing-who-you-are	18846
2018-09-11	The fake doctor who saved thousands of babies	https://theworld.org/stories/2018/09/11/fake-doctor-who-saved-thousands-babies	16544
2018-07-16	Precision engineering creates modern perfection	https://theworld.org/stories/2018/07/16/precision-engineering-creates-modern-perfection	18713
2018-07-16	Bigger can be better when it comes to business	https://theworld.org/stories/2018/07/16/benefits-big-business	18712
2018-06-22	How did it come to this? The evolution of immigration.	https://theworld.org/stories/2018/06/22/how-did-it-come-evolution-immigration	16544
2018-06-15	Can an algorithm keep kids safe?	https://theworld.org/stories/2018/06/15/can-algorithm-keep-kids-safe	16284,16544
2018-06-12	The tie between rationality and intelligence isn’t that strong	https://theworld.org/stories/2018/06/12/rationality-versus-intelligence	18405
2018-05-18	The health risks of a toxic workplace	https://theworld.org/stories/2018/05/18/health-risks-toxic-workplace	16544
2018-04-23	Can music improve your health?	https://theworld.org/stories/2018/04/23/can-music-improve-your-health	18405
2018-03-23	From Ford to Foxconn: A history of factories	https://theworld.org/stories/2018/03/23/ford-foxconn-history-factories	16544
2018-02-05	Why CEOs are becoming activists	https://theworld.org/stories/2018/02/05/why-ceos-are-becoming-activists	18405
2018-01-30	Will Russia get involved in the 2018 elections?	https://theworld.org/stories/2018/01/30/russia-and-2018-elections	16544
2018-01-19	To control rat populations, birth control may be more effective than poison	https://theworld.org/stories/2018/01/19/control-rat-populations-birth-control-may-be-more-effective-poison	18405
2018-01-05	Garry Kasparov and the game of artificial intelligence	https://theworld.org/stories/2018/01/05/garry-kasparov-and-game-artificial-intelligence	16544
2017-12-01	Levittown and the rise of the American suburb	https://theworld.org/stories/2017/12/01/levittown-and-rise-american-suburb	18405
2017-10-27	Why practice rarely makes perfect	https://theworld.org/stories/2017/10/27/why-practice-rarely-makes-perfect	18405
2017-10-27	The political lines that divide us	https://theworld.org/stories/2017/10/27/political-lines-divide-us	18405
2017-10-27	Is bipartisanship dead? Not in Alaska.	https://theworld.org/stories/2017/10/27/bipartisanship-dead-not-alaska	18405
2017-08-25	America’s restaurants have evolved with American culture	https://theworld.org/stories/2017/08/25/delmonico-s-howard-johnson-s	16544
2017-08-04	Why China is sending jobs to Africa	https://theworld.org/stories/2017/08/04/why-china-next-africa	16544
2017-07-17	How childhood trauma affects health	https://theworld.org/stories/2017/07/17/how-childhood-trauma-affects-health	18335
2017-06-20	The potential — and possible pitfalls — of modern protests	https://theworld.org/stories/2017/06/20/potential-and-possible-pitfalls-modern-protests	16544
2017-06-20	The birth of talkies	https://theworld.org/stories/2017/06/20/birth-talkies	16544
2017-05-08	The story of heroin shows how medicine advances ‘slowly and painfully’	https://theworld.org/stories/2017/05/08/dark-side-scientific-progress	16944
2017-04-21	How Trump is changing TV	https://theworld.org/stories/2017/04/21/how-trump-changing-tv	16544
2017-03-17	How the new health care bill could affect your Uber ride	https://theworld.org/stories/2017/03/17/how-new-health-care-bill-could-affect-your-uber-ride	16944
2017-03-07	Why are we so bad at spotting cons?	https://theworld.org/stories/2017/03/07/conning-world	16944
2017-02-10	Why we should all own a piece of the internet	https://theworld.org/stories/2017/02/10/opening-internet	16544
2017-02-06	What immigration does for innovation	https://theworld.org/stories/2017/02/06/what-immigration-does-innovation	16735
2017-01-16	How empathy leads us astray	https://theworld.org/stories/2017/01/16/how-empathy-leads-us-astray	16735
2017-01-10	Conspiracy theorists aren’t all deranged weirdos. They’re friends, family members and people you meet on the street.	https://theworld.org/stories/2017/01/10/what-they-dont-want-you-know-about-conspiracy-theories	16544
2016-12-05	Why do we do medical research on mice? It all started with fur coats.	https://theworld.org/stories/2016/12/05/why-do-we-do-medical-research-mice-it-all-started-fur-coats	16944
2016-11-21	Pride gets a bad rap, but we wouldn’t get too far without it	https://theworld.org/stories/2016/11/21/pride-gets-bad-rap-we-wouldnt-get-too-far-without-it	16544
2016-11-14	A national security expert talks about the things we should (and shouldn’t) be afraid of	https://theworld.org/stories/2016/11/14/national-security-expert-talks-about-things-we-should-and-shouldnt-be-afraid	18013
2016-10-10	Hillary Clinton is tailoring her campaign to you — yes, you	https://theworld.org/stories/2016/10/10/hillary-clinton-running-campaign-thats-tailor-you-yes-you	18013
2016-08-26	What happened to the opera music at Starbucks?	https://theworld.org/stories/2016/08/26/what-happened-opera-music-starbucks	16344
2016-08-24	Why early dating was often confused with prostitution	https://theworld.org/stories/2016/08/24/why-early-dating-was-often-confused-prostitution	17141
2016-08-22	2016 may seem remarkable, but history tells a different tale	https://theworld.org/stories/2016/08/22/2016-may-seem-remarkable-history-tells-different-tale-2	17180
2016-08-22	2016 may seem remarkable, but history tells a different tale	https://theworld.org/stories/2016/08/22/2016-may-seem-remarkable-history-tells-different-tale	17180
2016-08-18	Can you swipe your way to new friends?	https://theworld.org/stories/2016/08/18/can-you-swipe-your-way-new-friends	16944
2016-07-27	Identity-based politics are making the US electorate ‘hyper-partisan’	https://theworld.org/stories/2016/07/27/identity-based-politics-are-making-us-electorate-hyper-partisan	17180
2016-06-21	Stop your worrying about radiation from cell phone, airport scanning machines, says this researcher	https://theworld.org/stories/2016/06/21/unraveling-mysteries-radiation	17141
2016-06-08	The ‘traditional’ definition of marriage really isn’t all that traditional	https://theworld.org/stories/2016/06/08/traditional-definition-marriage-really-isnt-all-traditional	16944
2016-05-30	The science of hypocrisy	https://theworld.org/stories/2016/05/30/science-hypocrisy	16944
2016-05-25	Why today’s rent-to-own economy presents a host of privacy challenges	https://theworld.org/stories/2016/05/25/why-todays-rent-own-economy-presents-host-privacy-challenges	16944
2016-05-20	Where do Facebook ‘likes’ come from? Often, it’s Bangladesh.	https://theworld.org/stories/2016/05/20/where-do-paid-likes-come-often-its-bangladesh	16544
2016-04-14	When technology goes wrong in your doctor’s office, it can have serious consequences	https://theworld.org/stories/2016/04/14/when-technology-goes-wrong-your-doctors-office-it-can-have-serious-consequences	16735
2016-04-07	Despite our complaints, air travel really has changed the world	https://theworld.org/stories/2016/04/07/despite-our-complaints-air-travel-really-has-changed-world	16544
2016-03-23	A Boston museum is showing what the future of fashion might look like	https://theworld.org/stories/2016/03/23/boston-museum-showing-what-future-fashion-might-look	16944
2016-03-07	Voulez-vous learn culture avec moi?	https://theworld.org/stories/2016/03/07/voulez-vous-learn-culture-avec-moi	16944
2016-02-26	Value tech? Then you’ll have a tech genius. Art? An art genius.	https://theworld.org/stories/2016/02/26/we-get-geniuses-we-deserve	16544
2016-02-19	Why we don’t fix anything anymore	https://theworld.org/stories/2016/02/19/why-new-gadgets-are-stunting-your-repair-skills	16735
2016-02-19	Every time you hail an Uber, you’re killing America’s middle class	https://theworld.org/stories/2016/02/19/every-time-you-hail-uber-youre-killing-americas-middle-class	16544
2016-02-17	Is water the next resource crisis?	https://theworld.org/stories/2016/02/17/water-next-resource-crisis	16842
2016-02-08	Why there aren’t more minorities working in tech	https://theworld.org/stories/2016/02/08/why-arent-there-more-people-color-working-technology	16944
2016-01-22	Is it time for colleges to withdraw from their outdated schedules?	https://theworld.org/stories/2016/01/22/college-2	16944
2016-01-08	Was Truman Capote wrong about creativity?	https://theworld.org/stories/2016/01/08/was-truman-capote-wrong-about-creativity	16944
2015-12-22	The (near) future of body modification	https://theworld.org/stories/2015/12/22/near-future-body-modification	16842
2015-12-01	Why hating certain foods may be an illusion	https://theworld.org/stories/2015/12/01/why-hating-certain-foods-may-be-illusion	16284
2015-10-30	Why urban schools aren’t providing the lift needed to push poor kids up	https://theworld.org/stories/2015/10/30/moving-urban-schools-forward	16842
2015-10-30	Advocates are embracing a new first step to help the homeless: permanent housing	https://theworld.org/stories/2015/10/30/homes	16735
2015-10-23	Why you don’t understand people as well as you think	https://theworld.org/stories/2015/10/23/why-you-dont-understand-people-well-you-think	16544
2015-10-23	How to put the charity back in charity	https://theworld.org/stories/2015/10/23/making-charity-better	16842
2015-10-19	The online post that led to a $1.5 billion LinkedIn purchase	https://theworld.org/stories/2015/10/19/online-post-led-15-billion-linkedin-purchase	16284
2015-10-17	Love coffee? Need coffee? Your genes may have something to do with it.	https://theworld.org/stories/2015/10/17/love-coffee-need-coffee-your-genes-may-have-something-do-it	16544
2015-10-05	Don’t care about what people say, TV is here to stay	https://theworld.org/stories/2015/10/05/dont-care-about-what-people-say-tv-here-stay	16544
2015-10-02	Paleo Schmaleo: Why the Paleo diet is wrong	https://theworld.org/stories/2015/10/02/paleo-schmaleo-why-paleo-diet-wrong	16735
2015-10-02	Hold off on the chill pill. Stress isn’t that bad for you.	https://theworld.org/stories/2015/10/02/stress	16544
2015-09-25	Scientists are looking at riskier ways to reverse climate change	https://theworld.org/stories/2015/09/25/reverse-engineering-climate-change	16735
2015-09-25	How to get the 40 percent of food the US wastes to 50 million hungry Americans	https://theworld.org/stories/2015/09/25/us-wastes-40-percent-its-food-heres-how-fix	16544
2015-09-21	What robber barons gave us — after they took from us	https://theworld.org/stories/2015/09/21/what-robber-barons-gave-us-after-they-took-us	16544
2015-09-21	How Mr. Rogers shaped what it means to grow up — and live in Pittsburgh	https://theworld.org/stories/2015/09/21/how-mr-rogers-shaped-what-it-means-grow-and-live-pittsburgh	15365
2015-09-09	Are college papers a waste?	https://theworld.org/stories/2015/09/09/changing-world-one-college-paper-time	16657
2015-09-04	The case for play	https://theworld.org/stories/2015/09/04/case-play	16735
2015-08-28	Subscription is the new sharing: The rise of the ‘membership economy’	https://theworld.org/stories/2015/08/28/our-addiction-subscriptions	16710
2015-08-28	Here’s a doll house for little engineers	https://theworld.org/stories/2015/08/28/doll-house-little-engineers	16544
2015-08-24	On the trail to catch cyber criminals	https://theworld.org/stories/2015/08/24/trying-catch-cyber-criminals	16710
2015-08-18	What your cellphone data says about you	https://theworld.org/stories/2015/08/18/measuring-unemployment-cellphones	16657
2015-08-17	Put down the Emergen-C — vitamin C does not ward off colds	https://theworld.org/stories/2015/08/17/why-take-your-vitamins-bad-advice	16710
2015-08-07	‘The first person to live to 150 has already been born.’	https://theworld.org/stories/2015/08/07/pushing-limits-human-lifespan	16735
2015-08-07	How the ‘sharing economy’ could upend capitalism	https://theworld.org/stories/2015/08/07/how-sharing-economy-could-upend-capitalism	16710
2015-08-06	There’s a reason why you might tip so much	https://theworld.org/stories/2015/08/06/why-youre-tipping-so-much	16544
2015-08-05	What we can learn from pirates, gangsters and others in the ‘misfit’ economy	https://theworld.org/stories/2015/08/05/what-we-can-learn-pirates-gangsters-and-others-misfit-economy	16657
2015-08-03	What modern builders could learn from the Pantheon — and grass bridges in Peru	https://theworld.org/stories/2015/08/03/they-might-be-giants-skyscrapers-arent-key-building-sustainably	16544
2015-07-27	Integrating technology too tightly with education presents its own kind of problems	https://theworld.org/stories/2015/07/27/problem-putting-too-much-tech-education	16735
2015-07-27	50 years later, how Medicare changed America	https://theworld.org/stories/2015/07/27/50-years-later-how-medicare-changed-america	16544
2015-07-23	Why we’re still waiting for the Internet to revolutionize politics	https://theworld.org/stories/2015/07/23/political-change-wasnt	16544
2015-07-23	Technology has now ushered us into the age of ‘hyperemployment’	https://theworld.org/stories/2015/07/23/technology-has-now-ushered-us-age-hyperemployment	16710
2015-07-22	Take a seat on the virtual couch with computers that can read your emotions	https://theworld.org/stories/2015/07/22/take-seat-virtual-couch-computers-can-read-your-emotions	16544
2015-07-20	Price check: Companies could be using your data to charge you more	https://theworld.org/stories/2015/07/20/price-check-companies-could-be-using-your-data-charge-you-more	16710
2015-07-17	What do your emails say about your relationship? A lot.	https://theworld.org/stories/2015/07/17/what-do-your-emails-say-about-your-relationship-lot	16544
2015-07-17	How a whole new world of technology reinvented Disney	https://theworld.org/stories/2015/07/17/reinventing-disney	16657
2015-07-10	Whether you make the right choice or the wrong choice, there’s quite a bit of science behind it	https://theworld.org/stories/2015/07/10/whether-you-made-right-choice-or-wrong-choice-theres-quite-bit-science-behind-it	16544
2015-07-09	Why you’re likely better off with the generic drug instead of the brand name	https://theworld.org/stories/2015/07/09/why-youre-likely-better-generic-drug-instead-brand-name	16710
2015-07-09	Close your laptop. Handwriting could make you smarter.	https://theworld.org/stories/2015/07/09/close-your-laptop-handwriting-could-make-you-smarter	16544
2015-06-26	Not the best negotiator? Don’t worry — take a page from Charlize Theron.	https://theworld.org/stories/2015/06/26/not-best-negotiator-dont-worry-these-tips-will-help-you-out	16657
2015-06-26	It’s a Star Trek and Blade Runner future, we’re just living in it	https://theworld.org/stories/2015/06/26/its-star-trek-and-blade-runners-future-were-just-living-it	16544
2015-06-18	Technology is creating many ways to binge on TV’s current golden age	https://theworld.org/stories/2015/06/18/technology-creating-many-ways-binge-tvs-current-golden-age	16544
2015-06-18	Startups could hold the key to space travel’s future	https://theworld.org/stories/2015/06/18/startups-could-hold-key-space-travels-future	16544
2015-06-18	A legal market for organs? It’s not as far-fetched as you think.	https://theworld.org/stories/2015/06/18/legal-market-organs-its-not-far-fetched-you-think	16657
2015-06-11	The surprising ways companies can foster creativity	https://theworld.org/stories/2015/06/11/surprising-ways-companies-can-foster-creativity-0	16544
2015-06-11	Here’s why robots aren’t going to take your job	https://theworld.org/stories/2015/06/11/how-technology-actually-creates-more-jobs	16544
2015-06-11	Eat chocolate, lose weight? Don’t believe it	https://theworld.org/stories/2015/06/11/dont-be-blinded-skeptical-science-headlines	16657
2015-06-11	Did you get stuck in traffic this morning? They’re trying to find out why	https://theworld.org/stories/2015/06/11/new-ways-reduce-traffic-and-help-earth	15457
2015-06-05	The next time your GPS gets you somewhere on time, thank Albert Einstein	https://theworld.org/stories/2015/06/05/next-time-your-gps-gets-you-somewhere-time-thank-albert-einstein	16284
2015-06-05	Not a genius? It’s overrated, anyway	https://theworld.org/stories/2015/06/05/genius-isnt-unique-you-think	16544
2015-06-05	Albert Einstein: The slacker years	https://theworld.org/stories/2015/06/05/albert-einstein-slacker-years-1	16284
2015-05-29	What behavioral economics tells us about human behavior	https://theworld.org/stories/2015/05/29/behavioral-economics-and-your-money	16544
2015-05-29	How to succeed at looking for a job without really trying	https://theworld.org/stories/2015/05/29/how-succeed-looking-job-without-really-trying	15365
2015-05-29	As history shows, future wars will look very different	https://theworld.org/stories/2015/05/29/wars-past-future-wars-will-look-very-different	16544
2015-05-15	4 ways museums will change over the next two decades	https://theworld.org/stories/2015/05/15/4-ways-museums-will-change	16544
2015-05-14	The Internet may be hurting all of us	https://theworld.org/stories/2015/05/14/internet-may-be-hurting-us	16544
2015-05-14	Primary school isn’t too soon to start breaking stereotypes. It’s the best time.	https://theworld.org/stories/2015/05/14/looking-closer-stereotypes	16544
2015-05-06	Your Netflix binging might be hurting the planet	https://theworld.org/stories/2015/05/06/your-netflix-addiction-might-be-hurting-planet	16544
2015-05-06	The world is 4 million teachers short. Here’s how to solve that.	https://theworld.org/stories/2015/05/06/how-civilians-can-save-healthcare-and-education	16544
2015-04-30	How crises can strengthen cities that make the right choices	https://theworld.org/stories/2015/04/30/how-crises-strengthen-cities	16544
2015-04-30	Elevators are kind of a big deal	https://theworld.org/stories/2015/04/30/elevators-are-kind-big-deal	16544
2015-04-22	Are we producing too many STEM grads?	https://theworld.org/stories/2015/04/22/do-we-have-too-many-stem-grads	16284
2015-04-08	New research shows that beauty and composure can have concrete financial benefits	https://theworld.org/stories/2015/04/08/new-research-shows-beauty-and-composure-can-have-concrete-financial-benefits	16544
2015-04-06	The Me Epoch: Latest geologic age is self-centered	https://theworld.org/stories/2015/04/06/me-epoch-latest-geologic-age-self-centered	15365
2015-03-30	A billionaire’s three keys to following in his footsteps	https://theworld.org/stories/2015/03/30/next-big-idea	16544
2015-03-27	What if we could choose where part of our taxes went? Would we feel better about paying them?	https://theworld.org/stories/2015/03/27/taxes	15365
2015-03-26	Online learning holds great promise — but mostly for the well-off	https://theworld.org/stories/2015/03/26/online-learning-holds-great-promise-if-we-can-bridge-technology-wealth-divide	16544
2015-03-24	Will the next David Foster Wallace be a robot?	https://theworld.org/stories/2015/03/24/will-next-david-foster-wallace-be-robot	16544
2015-03-23	Why we’re all overconfident	https://theworld.org/stories/2015/03/23/why-were-all-overconfident	15365
2015-03-12	Four things you never knew about Noah Webster, the ‘forgotten man’ of American history	https://theworld.org/stories/2015/03/12/noah-webster	16544
2015-03-05	Why we: a) laugh b) love TV c) have nightmares	https://theworld.org/stories/2015/03/05/why-we-laugh-b-love-tv-c-have-nightmares	16544
2015-03-02	What does HR look like in the office of the future	https://theworld.org/stories/2015/03/02/what-does-hr-look-office-future	16544
2015-02-08	Can Italy build another Renaissance?	https://theworld.org/stories/2015/02/08/can-italy-build-another-renaissance	
2015-02-05	The tech invasion of fashion? The flirting has begun.	https://theworld.org/stories/2015/02/05/what-happens-when-tech-invades-fashion	16284
2015-01-30	Larry Summers ‘may have done a service to women’ with his sexist remarks	https://theworld.org/stories/2015/01/30/arry-summers-may-have-done-service-women-author-says	15365
2015-01-26	How the Nazis helped Coco Chanel — and Chanel No. 5	https://theworld.org/stories/2015/01/26/truth-behind-chanel-no-5	16284
2015-01-15	The latest wave of tech startups are targeting the senior citizen set	https://theworld.org/stories/2015/01/15/latest-wave-tech-startups-are-targeting-senior-citizen-set	16284
2015-01-15	Scientists say toddlers may be better problem-solvers than adults could ever hope to be	https://theworld.org/stories/2015/01/15/scientists-say-toddlers-may-be-better-problem-solvers-adults-could-ever-hope-be	15365
2014-12-19	The doctor’s office of the future might be your living room	https://theworld.org/stories/2014/12/19/medicine-home	16344
2014-12-15	We actually pay CEOs like menial laborers — and here’s why	https://theworld.org/stories/2014/12/15/talent-economy	16344
2014-12-15	One of the Internet’s first bloggers reflects on 20 years of blogging	https://theworld.org/stories/2014/12/15/one-internets-first-bloggers-reflects-20-years-blogging	16361
2014-11-17	Data analytics are playing an increasingly important role in sports — on and off the field	https://theworld.org/stories/2014/11/17/data-analytics-are-playing-increasingly-important-role-sports-and-field	16284,16344
2014-11-10	The inside, not-always-ethical story of how ‘The Pill’ was made	https://theworld.org/stories/2014/11/10/ihub-pill	16284,16344
2014-11-10	Automation in our jobs is both a blessing and a curse	https://theworld.org/stories/2014/11/10/automation-our-jobs-both-blessing-and-curse	16361,16284
2014-11-04	Why TV audience measurement remains stuck in an analog age	https://theworld.org/stories/2014/11/04/why-tv-audience-measurement-remains-stuck-analog-age	16284,15365
2014-11-03	Why the term GMO is ‘scientifically meaningless’	https://theworld.org/stories/2014/11/03/ihub-gmo	16361,15365
2014-10-27	Today’s craft beer selection still pales in comparison to what was available centuries ago	https://theworld.org/stories/2014/10/27/todays-craft-beer-selection-still-pales-comparison-what-was-available-centuries	16361,16284
2014-10-26	All you extroverts pay attention. That introvert next to you may solve the world’s problems	https://theworld.org/stories/2014/10/26/all-you-extroverts-pay-attention-introvert-next-you-may-solve-worlds-problems	16361
2014-10-21	How a century-old rule is keeping the American legal profession from innovating like its foreign colleagues	https://theworld.org/stories/2014/10/21/how-century-old-rule-keeping-american-legal-profession-innovating-its-foreign	16361,16284
2014-10-19	In the workplace, millennials are challenging corporate values	https://theworld.org/stories/2014/10/19/workplace-millennials-are-challenging-corporate-values	16361
2014-10-16	Author argues that it’s time for the idea of the college major to graduate	https://theworld.org/stories/2014/10/16/author-argues-its-time-idea-college-major-graduate	16344
2014-10-15	How a century of infrastructure is holding back renewable energy supplies	https://theworld.org/stories/2014/10/15/how-century-infrastructure-holding-back-renewable-energy-supplies	16284,16344
2014-10-06	A world without antibiotics? A new book says it’s coming sooner than you think	https://theworld.org/stories/2014/10/06/world-without-antibiotics-new-book-says-its-coming-sooner-you-think	16284,16344
2014-10-03	How air conditioning got Ronald Reagan elected president	https://theworld.org/stories/2014/10/03/how-air-conditioning-elected-ronald-reagan-president	16361,15365,16362
2014-09-15	Get ready for a manufacturing revolution, as the ‘maker movement’ goes mainstream	https://theworld.org/stories/2014/09/15/revolution-will-be-manufactured-thanks-maker-movement	16361,15365
2014-09-13	Want to be a woman entrepreneur? Here’s advice from those who have made it	https://theworld.org/stories/2014/09/13/want-be-woman-entrepreneur-heres-advice-those-who-have-made-it	16344
2014-09-08	You can probably get just as much done in a 32-hour work week as you do in 40	https://theworld.org/stories/2014/09/08/you-can-probably-get-just-much-done-32-hour-work-week-you-do-40	16284
2014-09-07	Could technology replace you at work and put wealth in the hands of the few?	https://theworld.org/stories/2014/09/07/technology-cool-and-its-concentrating-wealth-and-could-replace-you-work	15365
2014-08-21	Even when you’re losing, slot machines boost your morale — and casino profits	https://theworld.org/stories/2014/08/21/even-when-youre-losing-slot-machines-boost-your-morale-and-casino-profits	16361,15365
2014-08-20	Jim Henson blazed a new trail for artists when he created the Muppets	https://theworld.org/stories/2014/08/20/jim-henson-blazed-new-trail-artists-when-he-created-muppets	15365
2014-08-03	Drones are making tentative steps into the US civilian space	https://theworld.org/stories/2014/08/03/drones-are-making-tentative-steps-us-civilian-space	15365
2014-07-27	How the Lego company found success in the digital age — by going back to basics	https://theworld.org/stories/2014/07/27/how-lego-company-found-success-digital-age-going-back-basics	16361,16284
2014-07-18	Edible packaging could change the way we prepare and store food	https://theworld.org/stories/2014/07/18/edible-packaging-could-change-way-we-prepare-and-store-food	16361,16284
2014-07-01	Would you pay more money to never sit in traffic again?	https://theworld.org/stories/2014/07/01/would-you-pay-money-never-sit-traffic-again	16284,16368
2014-06-30	Are global companies wringing all of the innovation out of their businesses in pursuit of profits?	https://theworld.org/stories/2014/06/30/are-global-companies-wringing-all-innovation-out-their-businesses-pursuit-profits-2	16361,16284
2014-06-30	Are global companies wringing all of the innovation out of their businesses in pursuit of profits?	https://theworld.org/stories/2014/06/30/are-global-companies-wringing-all-innovation-out-their-businesses-pursuit-profits	16361,16284
2014-06-23	If you think Twitter has changed your world, you haven’t seen anything yet	https://theworld.org/stories/2014/06/23/if-you-think-twitter-has-changed-your-world-you-havent-seen-anything-yet	16361,16284
2014-06-18	A Stanford professor is revolutionizing science with $1 microscopes made almost entirely of paper	https://theworld.org/stories/2014/06/18/stanford-professor-revolutionizing-science-1-microscopes-made-entirely-paper	16361,16284
2014-03-05	Tavis Smiley: Full Interview	https://theworld.org/stories/2014/03/05/tavis-smiley-full-interview-2	
2014-03-05	Tavis Smiley: Full Interview	https://theworld.org/stories/2014/03/05/tavis-smiley-full-interview	
2014-03-05	Tavis Smiley on Risk Taking	https://theworld.org/stories/2014/03/05/tavis-smiley-risk-taking-2	
2014-03-05	Tavis Smiley on Risk Taking	https://theworld.org/stories/2014/03/05/tavis-smiley-risk-taking	
2014-03-05	Innovation and Obsession	https://theworld.org/stories/2014/03/05/innovation-and-obsession-2	
2014-03-05	Innovation and Obsession	https://theworld.org/stories/2014/03/05/innovation-and-obsession	
2014-03-05	Estee Lauder: A Brand of Her Own	https://theworld.org/stories/2014/03/05/estee-lauder-brand-her-own-2	
2014-03-05	Estee Lauder: A Brand of Her Own	https://theworld.org/stories/2014/03/05/estee-lauder-brand-her-own	
2014-02-27	Wendy Kopp on Educating America – and the World	https://theworld.org/stories/2014/02/27/wendy-kopp-educating-america-and-world-2	
2014-02-27	Wendy Kopp on Educating America – and the World	https://theworld.org/stories/2014/02/27/wendy-kopp-educating-america-and-world	
2014-02-27	Tackling Cancer and Prejudice	https://theworld.org/stories/2014/02/27/tackling-cancer-and-prejudice-2	
2014-02-27	Tackling Cancer and Prejudice	https://theworld.org/stories/2014/02/27/tackling-cancer-and-prejudice	
2014-02-27	Jane Austen, Great Innovator?	https://theworld.org/stories/2014/02/27/jane-austen-great-innovator-2	
2014-02-27	Jane Austen, Great Innovator?	https://theworld.org/stories/2014/02/27/jane-austen-great-innovator	
2014-02-19	Sweet Product, Sour History	https://theworld.org/stories/2014/02/19/sweet-product-sour-history-2	
2014-02-19	Sweet Product, Sour History	https://theworld.org/stories/2014/02/19/sweet-product-sour-history	
2014-02-19	Fat and Fiction (and Sugar), Part II	https://theworld.org/stories/2014/02/19/fat-and-fiction-and-sugar-part-ii-2	
2014-02-19	Fat and Fiction (and Sugar), Part II	https://theworld.org/stories/2014/02/19/fat-and-fiction-and-sugar-part-ii	
2014-02-19	Fat and Fiction (and Sugar), Part I	https://theworld.org/stories/2014/02/19/fat-and-fiction-and-sugar-part-i-2	
2014-02-19	Fat and Fiction (and Sugar), Part I	https://theworld.org/stories/2014/02/19/fat-and-fiction-and-sugar-part-i	
2014-02-13	Your Brain on Money	https://theworld.org/stories/2014/02/13/your-brain-money	
2014-02-13	Million Dollar Drugs	https://theworld.org/stories/2014/02/13/million-dollar-drugs	
2014-02-13	Did Mom Hardwire You to Like Certain Foods?	https://theworld.org/stories/2014/02/13/did-mom-hardwire-you-certain-foods-2	
2014-02-13	Did Mom Hardwire You to Like Certain Foods?	https://theworld.org/stories/2014/02/13/did-mom-hardwire-you-certain-foods	
2014-02-05	Web Extra: Brian Epstein Gets a Movie	https://theworld.org/stories/2014/02/05/web-extra-brian-epstein-gets-movie-2	
2014-02-05	Web Extra: Brian Epstein Gets a Movie	https://theworld.org/stories/2014/02/05/web-extra-brian-epstein-gets-movie	
2014-02-04	The Beatles and Innovation Special: Part II	https://theworld.org/stories/2014/02/04/beatles-and-innovation-special-part-ii-2	
2014-02-04	The Beatles and Innovation Special: Part II	https://theworld.org/stories/2014/02/04/beatles-and-innovation-special-part-ii	
2014-01-30	The New Science Behind Early Education	https://theworld.org/stories/2014/01/30/new-science-behind-early-education	
2014-01-30	Steve Wozniak and the (Sometimes Scary) Future of Technology	https://theworld.org/stories/2014/01/30/steve-wozniak-and-sometimes-scary-future-technology	
2014-01-30	Governor Deval Patrick: When Science Inspires Policy	https://theworld.org/stories/2014/01/30/governor-deval-patrick-when-science-inspires-policy-2	
2014-01-30	Governor Deval Patrick: When Science Inspires Policy	https://theworld.org/stories/2014/01/30/governor-deval-patrick-when-science-inspires-policy	
2014-01-15	The Bright Side of Automation	https://theworld.org/stories/2014/01/15/get-ready-second-machine-age-part-1	
2014-01-15	Get Ready for The Second Machine Age: Part 2	https://theworld.org/stories/2014/01/15/get-ready-second-machine-age-part-2-2	
2014-01-15	Get Ready for The Second Machine Age: Part 2	https://theworld.org/stories/2014/01/15/get-ready-second-machine-age-part-2	
2014-01-08	The Unexpected Power of Peer Pressure	https://theworld.org/stories/2014/01/08/unexpected-power-peer-pressure-2	
2014-01-08	The Unexpected Power of Peer Pressure	https://theworld.org/stories/2014/01/08/unexpected-power-peer-pressure	
2014-01-08	Teen Wunderkind Jack Andraka	https://theworld.org/stories/2014/01/08/teen-wunderkind-jack-andraka-2	
2014-01-08	Teen Wunderkind Jack Andraka	https://theworld.org/stories/2014/01/08/teen-wunderkind-jack-andraka	
2014-01-08	Startup Rising: Innovation from the Middle East	https://theworld.org/stories/2014/01/08/startup-rising-innovation-middle-east-2	
2014-01-08	Startup Rising: Innovation from the Middle East	https://theworld.org/stories/2014/01/08/startup-rising-innovation-middle-east	
2013-12-26	Our Multitasking Romance	https://theworld.org/stories/2013/12/26/our-multitasking-romance-2	
2013-12-26	Our Multitasking Romance	https://theworld.org/stories/2013/12/26/our-multitasking-romance	
2013-12-18	J. Craig Venter and the Future of Biology	https://theworld.org/stories/2013/12/18/j-craig-venter-and-future-biology-2	
2013-12-18	J. Craig Venter and the Future of Biology	https://theworld.org/stories/2013/12/18/j-craig-venter-and-future-biology	
2013-12-18	How Tech Presses Our Buttons	https://theworld.org/stories/2013/12/18/how-tech-presses-our-buttons-2	
2013-12-18	How Tech Presses Our Buttons	https://theworld.org/stories/2013/12/18/how-tech-presses-our-buttons	
2013-12-11	Where are the Women in Tech?	https://theworld.org/stories/2013/12/11/where-are-women-tech-2	
2013-12-11	Where are the Women in Tech?	https://theworld.org/stories/2013/12/11/where-are-women-tech	
2013-12-11	Gadget Spotlight: Holiday Gift Guide, Part 2	https://theworld.org/stories/2013/12/11/gadget-spotlight-holiday-gift-guide-part-2	
2013-12-11	Gadget Spotlight: Holiday Gift Guide, Part 1	https://theworld.org/stories/2013/12/11/gadget-spotlight-holiday-gift-guide-part-1-2	
2013-12-11	Gadget Spotlight: Holiday Gift Guide, Part 1	https://theworld.org/stories/2013/12/11/gadget-spotlight-holiday-gift-guide-part-1	
2013-12-11	Big Brother is Watching	https://theworld.org/stories/2013/12/11/big-brother-watching-2	
2013-12-11	Big Brother is Watching	https://theworld.org/stories/2013/12/11/big-brother-watching	
2013-12-04	The End of Big: Politics	https://theworld.org/stories/2013/12/04/end-big-politics-2	
2013-12-04	The End of Big: Politics	https://theworld.org/stories/2013/12/04/end-big-politics	
2013-12-04	The End of Big: Media	https://theworld.org/stories/2013/12/04/end-big-media	
2013-12-04	Is China Becoming More Creative Than Us?	https://theworld.org/stories/2013/12/04/china-becoming-more-creative-us-2	
2013-12-04	Is China Becoming More Creative Than Us?	https://theworld.org/stories/2013/12/04/china-becoming-more-creative-us	
2013-11-27	Sal Khan: The Rise of Khan Academy	https://theworld.org/stories/2013/11/27/sal-khan-rise-khan-academy-2	
2013-11-27	Sal Khan: The Rise of Khan Academy	https://theworld.org/stories/2013/11/27/sal-khan-rise-khan-academy	
2013-11-27	Sal Khan: The Education Revolution	https://theworld.org/stories/2013/11/27/sal-khan-education-revolution-2	
2013-11-27	Sal Khan: The Education Revolution	https://theworld.org/stories/2013/11/27/sal-khan-education-revolution	
2013-11-20	Gadget Spotlight: Diversions and Distractions	https://theworld.org/stories/2013/11/20/gadget-spotlight-diversions-and-distractions-2	
2013-11-20	Gadget Spotlight: Diversions and Distractions	https://theworld.org/stories/2013/11/20/gadget-spotlight-diversions-and-distractions	
2013-11-20	Are American Workers the Best?	https://theworld.org/stories/2013/11/20/are-american-workers-best-2	
2013-11-20	Are American Workers the Best?	https://theworld.org/stories/2013/11/20/are-american-workers-best	
2013-11-13	The End of the Suburbs?	https://theworld.org/stories/2013/11/13/end-suburbs-2	
2013-11-13	The End of the Suburbs?	https://theworld.org/stories/2013/11/13/end-suburbs	
2013-11-13	Morning Edition: Robots and Our Aging Population	https://theworld.org/stories/2013/11/13/morning-edition-robots-and-our-aging-population	
2013-11-06	Tech of the Future	https://theworld.org/stories/2013/11/06/tech-future-2	
2013-11-06	Tech of the Future	https://theworld.org/stories/2013/11/06/tech-future	
2013-11-06	Jeff Bezos and Extreme Competition	https://theworld.org/stories/2013/11/06/jeff-bezos-and-extreme-competition-2	
2013-11-06	Jeff Bezos and Extreme Competition	https://theworld.org/stories/2013/11/06/jeff-bezos-and-extreme-competition	
2013-11-06	Ed Rendell is Mad about Traffic	https://theworld.org/stories/2013/11/06/ed-rendell-mad-about-traffic-2	
2013-11-06	Ed Rendell is Mad about Traffic	https://theworld.org/stories/2013/11/06/ed-rendell-mad-about-traffic	
2013-11-06	Brad Stone Responds to MacKenzie Bezos	https://theworld.org/stories/2013/11/06/brad-stone-responds-mackenzie-bezos-2	
2013-11-06	Brad Stone Responds to MacKenzie Bezos	https://theworld.org/stories/2013/11/06/brad-stone-responds-mackenzie-bezos	
2013-10-30	The End of the Resume	https://theworld.org/stories/2013/10/30/end-resume-2	
2013-10-30	The End of the Resume	https://theworld.org/stories/2013/10/30/end-resume	
2013-10-30	Dan Pink’s Idea Economy	https://theworld.org/stories/2013/10/30/dan-pinks-idea-economy-2	
2013-10-30	Dan Pink’s Idea Economy	https://theworld.org/stories/2013/10/30/dan-pinks-idea-economy	
2013-10-23	Shifting Gears: Driverless Cars	https://theworld.org/stories/2013/10/23/shifting-gears-driverless-cars-2	
2013-10-23	Shifting Gears: Driverless Cars	https://theworld.org/stories/2013/10/23/shifting-gears-driverless-cars-2	
2013-10-23	Is U.S. Education Still Competitive?	https://theworld.org/stories/2013/10/23/us-education-still-competitive	
2013-10-17	The Rise of the Blockbuster	https://theworld.org/stories/2013/10/17/rise-blockbuster-2	
2013-10-17	The Rise of the Blockbuster	https://theworld.org/stories/2013/10/17/rise-blockbuster	
2013-10-17	New Tech with David Pogue	https://theworld.org/stories/2013/10/17/new-tech-david-pogue-2	
2013-10-17	New Tech with David Pogue	https://theworld.org/stories/2013/10/17/new-tech-david-pogue	
2013-10-10	Douglas Rushkoff: Present Shock and the Economy	https://theworld.org/stories/2013/10/10/douglas-rushkoff-present-shock-and-economy-2	
2013-10-10	Douglas Rushkoff: Present Shock and the Economy	https://theworld.org/stories/2013/10/10/douglas-rushkoff-present-shock-and-economy	
2013-10-10	Douglas Rushkoff: Present Shock and Entertainment	https://theworld.org/stories/2013/10/10/douglas-rushkoff-present-shock-and-entertainment-2	
2013-10-10	Douglas Rushkoff: Present Shock and Entertainment	https://theworld.org/stories/2013/10/10/douglas-rushkoff-present-shock-and-entertainment	
2013-10-03	Watson After Jeopardy!	https://theworld.org/stories/2013/10/03/watson-after-jeopardy-2	
2013-10-03	Watson After Jeopardy!	https://theworld.org/stories/2013/10/03/watson-after-jeopardy	
2013-10-03	Gadget Spotlight: Around the House	https://theworld.org/stories/2013/10/03/gadget-spotlight-around-house-2	
2013-10-03	Gadget Spotlight: Around the House	https://theworld.org/stories/2013/10/03/gadget-spotlight-around-house	
2013-09-26	Happy Money Special: Part 2	https://theworld.org/stories/2013/09/26/happy-money-special-part-2	
2013-09-26	Happy Money Special: Part 1	https://theworld.org/stories/2013/09/26/happy-money-special-part-1-2	
2013-09-26	Happy Money Special: Part 1	https://theworld.org/stories/2013/09/26/happy-money-special-part-1	
2013-09-18	Tavis Smiley: Full Interview	https://theworld.org/stories/2013/09/18/tavis-smiley-full-interview-0-2	
2013-09-18	Tavis Smiley: Full Interview	https://theworld.org/stories/2013/09/18/tavis-smiley-full-interview-0	
2013-09-18	Tavis Smiley on Risk Taking	https://theworld.org/stories/2013/09/18/tavis-smiley-risk-taking-0-2	
2013-09-18	Tavis Smiley on Risk Taking	https://theworld.org/stories/2013/09/18/tavis-smiley-risk-taking-0	
2013-09-18	Innovation and Obsession	https://theworld.org/stories/2013/09/18/innovation-and-obsession-0-2	
2013-09-18	Innovation and Obsession	https://theworld.org/stories/2013/09/18/innovation-and-obsession-0	
2013-09-18	A Brand of Her Own: Estee Lauder	https://theworld.org/stories/2013/09/18/brand-her-own-estee-lauder-2	
2013-09-18	A Brand of Her Own: Estee Lauder	https://theworld.org/stories/2013/09/18/brand-her-own-estee-lauder	
2013-09-11	Web Extra: Health Care	https://theworld.org/stories/2013/09/11/web-extra-health-care	
2013-09-11	The Cost of Health	https://theworld.org/stories/2013/09/11/cost-health	
2013-09-11	Rethinking the Prescription Pad	https://theworld.org/stories/2013/09/11/rethinking-prescription-pad-2	
2013-09-11	Rethinking the Prescription Pad	https://theworld.org/stories/2013/09/11/rethinking-prescription-pad	
2013-09-04	Future of Tech with Guy Kawasaki	https://theworld.org/stories/2013/09/04/future-tech-guy-kawasaki-2	
2013-09-04	Future of Tech with Guy Kawasaki	https://theworld.org/stories/2013/09/04/future-tech-guy-kawasaki	
2013-09-04	Future of TV with Brian Stelter	https://theworld.org/stories/2013/09/04/future-tv-brian-stelter	
2013-08-28	College 2.0 Labor Day Special: Part 2	https://theworld.org/stories/2013/08/28/college-20-labor-day-special-part-2-2	
2013-08-28	College 2.0 Labor Day Special: Part 2	https://theworld.org/stories/2013/08/28/college-20-labor-day-special-part-2	
2013-08-28	College 2.0 Labor Day Special: Part 1	https://theworld.org/stories/2013/08/28/college-20-labor-day-special-part-1	
2013-08-21	Our Carb Addiction?	https://theworld.org/stories/2013/08/21/our-carb-addiction-2	
2013-08-21	Our Carb Addiction?	https://theworld.org/stories/2013/08/21/our-carb-addiction	
2013-08-21	Food and Germs: Pollan and Velasquez-Manoff	https://theworld.org/stories/2013/08/21/food-and-germs-pollan-and-velasquez-manoff	
2013-08-21	Bubble Boy Syndrome: Web Extra	https://theworld.org/stories/2013/08/21/bubble-boy-syndrome-web-extra-2	
2013-08-21	Bubble Boy Syndrome: Web Extra	https://theworld.org/stories/2013/08/21/bubble-boy-syndrome-web-extra	
2013-08-14	The Kickstarter Phenomenon	https://theworld.org/stories/2013/08/14/kickstarter-phenomenon-2	
2013-08-14	The Kickstarter Phenomenon	https://theworld.org/stories/2013/08/14/kickstarter-phenomenon	
2013-08-14	Tesla: Inventor and Enigma	https://theworld.org/stories/2013/08/14/tesla-inventor-and-enigma-2	
2013-08-14	Tesla: Inventor and Enigma	https://theworld.org/stories/2013/08/14/tesla-inventor-and-enigma	
2013-08-07	My Perceptive Radio	https://theworld.org/stories/2013/08/07/my-perceptive-radio-2	
2013-08-07	My Perceptive Radio	https://theworld.org/stories/2013/08/07/my-perceptive-radio	
2013-08-07	Jeremy Rifkin: Web Extra	https://theworld.org/stories/2013/08/07/jeremy-rifkin-web-extra-2	
2013-08-07	Jeremy Rifkin: Web Extra	https://theworld.org/stories/2013/08/07/jeremy-rifkin-web-extra	
2013-08-07	Jeremy Rifkin: Power to the People	https://theworld.org/stories/2013/08/07/jeremy-rifkin-power-people-2	
2013-08-07	Jeremy Rifkin: Power to the People	https://theworld.org/stories/2013/08/07/jeremy-rifkin-power-people	
2013-08-07	Innovator Spotlight: Lars Albright	https://theworld.org/stories/2013/08/07/innovator-spotlight-lars-albright-2	
2013-08-07	Innovator Spotlight: Lars Albright	https://theworld.org/stories/2013/08/07/innovator-spotlight-lars-albright	
2013-07-31	Spotlight on Gadgets with Ben Saren	https://theworld.org/stories/2013/07/31/spotlight-gadgets-ben-saren	
2013-07-31	Godin Indicts Education	https://theworld.org/stories/2013/07/31/godin-indicts-education-2	
2013-07-31	Godin Indicts Education	https://theworld.org/stories/2013/07/31/godin-indicts-education	
2013-07-25	Our Multitasking Romance	https://theworld.org/stories/2013/07/25/our-multitasking-romance-0-3	
2013-07-25	Our Multitasking Romance	https://theworld.org/stories/2013/07/25/our-multitasking-romance-0-2	
2013-07-25	Alone Together	https://theworld.org/stories/2013/07/25/alone-together	
2013-07-17	The Vaccine Challenge	https://theworld.org/stories/2013/07/17/vaccine-challenge-2	
2013-07-17	The Vaccine Challenge	https://theworld.org/stories/2013/07/17/vaccine-challenge	
2013-07-17	Do Nice Guys Finish First?	https://theworld.org/stories/2013/07/17/do-nice-guys-finish-first-2	
2013-07-17	Do Nice Guys Finish First?	https://theworld.org/stories/2013/07/17/do-nice-guys-finish-first	
2013-07-10	Science of Happy Families: Part 2	https://theworld.org/stories/2013/07/10/science-happy-families-part-2-2	
2013-07-10	Science of Happy Families: Part 2	https://theworld.org/stories/2013/07/10/science-happy-families-part-2	
2013-07-10	Science of Happy Families: Part 1	https://theworld.org/stories/2013/07/10/science-happy-families-part-1-2	
2013-07-10	Science of Happy Families: Part 1	https://theworld.org/stories/2013/07/10/science-happy-families-part-1	
2013-06-26	Big Data Special: Part 1	https://theworld.org/stories/2013/06/26/big-data-special-part-1	
2013-06-20	College 2.0: Part 2	https://theworld.org/stories/2013/06/20/college-20-part-2	
2013-06-20	College 2.0: Part 1	https://theworld.org/stories/2013/06/20/college-20-part-1	
2013-06-12	The Population Problem	https://theworld.org/stories/2013/06/12/population-problem-2	
2013-06-12	The Population Problem	https://theworld.org/stories/2013/06/12/population-problem	
2013-06-12	Can Money Buy Happiness?	https://theworld.org/stories/2013/06/12/can-money-buy-happiness-2	
2013-06-12	Can Money Buy Happiness?	https://theworld.org/stories/2013/06/12/can-money-buy-happiness	
2013-06-05	The Weight Debate	https://theworld.org/stories/2013/06/05/weight-debate-2	
2013-06-05	The Weight Debate	https://theworld.org/stories/2013/06/05/weight-debate	
2013-06-05	Tapping Into Genius	https://theworld.org/stories/2013/06/05/tapping-genius-2	
2013-06-05	Tapping Into Genius	https://theworld.org/stories/2013/06/05/tapping-genius	
2013-05-30	Michio Kaku Predicts the Future	https://theworld.org/stories/2013/05/30/michio-kaku-predicts-future-2	
2013-05-30	Michio Kaku Predicts the Future	https://theworld.org/stories/2013/05/30/michio-kaku-predicts-future	
2013-05-30	Math, Science, and Reality TV	https://theworld.org/stories/2013/05/30/math-science-and-reality-tv	
2013-05-30	Does Age Help Innovators?	https://theworld.org/stories/2013/05/30/does-age-help-innovators-2	
2013-05-30	Does Age Help Innovators?	https://theworld.org/stories/2013/05/30/does-age-help-innovators	
2013-05-23	Robots Are Coming, Part 2	https://theworld.org/stories/2013/05/23/robots-are-coming-part-2	
2013-05-23	Robots Are Coming, Part 1	https://theworld.org/stories/2013/05/23/robots-are-coming-part-1-2	
2013-05-23	Robots Are Coming, Part 1	https://theworld.org/stories/2013/05/23/robots-are-coming-part-1	
2013-05-16	Your Genes: Patent Pending	https://theworld.org/stories/2013/05/16/your-genes-patent-pending	
2013-05-16	Paul Farmer’s Vision for Health	https://theworld.org/stories/2013/05/16/paul-farmers-vision-health	
2013-05-09	Rivalry: A Double-Edged Sword	https://theworld.org/stories/2013/05/09/rivalry-double-edged-sword-2	
2013-05-09	Rivalry: A Double-Edged Sword	https://theworld.org/stories/2013/05/09/rivalry-double-edged-sword	
2013-05-02	Dan Pink’s Idea Economy	https://theworld.org/stories/2013/05/02/dan-pinks-idea-economy-0-2	
2013-05-02	Dan Pink’s Idea Economy	https://theworld.org/stories/2013/05/02/dan-pinks-idea-economy-0	
2013-04-28	Innovation Spotlight: Colin Angle	https://theworld.org/stories/2013/04/28/innovation-spotlight-colin-angle-2	
2013-04-28	Innovation Spotlight: Colin Angle	https://theworld.org/stories/2013/04/28/innovation-spotlight-colin-angle	
2013-04-24	Sal Khan Reinvents Education	https://theworld.org/stories/2013/04/24/sal-khan-reinvents-education	
2013-04-18	The Power of Negative Thinking	https://theworld.org/stories/2013/04/18/power-negative-thinking-2	
2013-04-18	The Power of Negative Thinking	https://theworld.org/stories/2013/04/18/power-negative-thinking	
2013-04-18	Saving Humanity From Itself	https://theworld.org/stories/2013/04/18/saving-humanity-itself	
2013-04-11	How to Fund Innovation	https://theworld.org/stories/2013/04/11/how-fund-innovation-2	
2013-04-11	How to Fund Innovation	https://theworld.org/stories/2013/04/11/how-fund-innovation	
2013-04-11	Counterfeit Culture	https://theworld.org/stories/2013/04/11/counterfeit-culture-2	
2013-04-11	Counterfeit Culture	https://theworld.org/stories/2013/04/11/counterfeit-culture	
2013-04-04	Unorthodox Ways to Stem Crime	https://theworld.org/stories/2013/04/04/unorthodox-ways-stem-crime-2	
2013-04-04	Unorthodox Ways to Stem Crime	https://theworld.org/stories/2013/04/04/unorthodox-ways-stem-crime	
2013-04-04	Cook Like You’re A Modernist	https://theworld.org/stories/2013/04/04/cook-youre-modernist	
2013-03-28	Michael Sandel on America’s Commodification	https://theworld.org/stories/2013/03/28/michael-sandel-americas-commodification-2	
2013-03-28	Michael Sandel on America’s Commodification	https://theworld.org/stories/2013/03/28/michael-sandel-americas-commodification	
2013-03-21	The Future of Books	https://theworld.org/stories/2013/03/21/future-books-2	
2013-03-21	The Future of Books	https://theworld.org/stories/2013/03/21/future-books	
2013-03-21	Is America a Plutocracy?	https://theworld.org/stories/2013/03/21/america-plutocracy-2	
2013-03-21	Is America a Plutocracy?	https://theworld.org/stories/2013/03/21/america-plutocracy	
2013-03-14	University Presidents on the Future of College	https://theworld.org/stories/2013/03/14/university-presidents-future-college-2	
2013-03-14	University Presidents on the Future of College	https://theworld.org/stories/2013/03/14/university-presidents-future-college	
2013-03-14	Cyber College: Innovative or Detrimental?	https://theworld.org/stories/2013/03/14/cyber-college-innovative-or-detrimental	
2013-03-07	Web Extra: Women in Business	https://theworld.org/stories/2013/03/07/web-extra-women-business-2	
2013-03-07	Web Extra: Women in Business	https://theworld.org/stories/2013/03/07/web-extra-women-business	
2013-03-07	Jared Diamond: Lessons for Modern Society	https://theworld.org/stories/2013/03/07/jared-diamond-lessons-modern-society-2	
2013-03-07	Jared Diamond: Lessons for Modern Society	https://theworld.org/stories/2013/03/07/jared-diamond-lessons-modern-society	
2013-02-28	Learning from Lincoln	https://theworld.org/stories/2013/02/28/learning-lincoln-2	
2013-02-28	Learning from Lincoln	https://theworld.org/stories/2013/02/28/learning-lincoln	
2013-02-21	Why Kids Must Fail to Succeed	https://theworld.org/stories/2013/02/21/why-kids-must-fail-succeed	
2013-02-21	Robert Langer: Scientific Superman?	https://theworld.org/stories/2013/02/21/robert-langer-scientific-superman	
2013-02-14	How Big Data Changes Lives	https://theworld.org/stories/2013/02/14/how-big-data-changes-lives	
2013-02-14	Drones: The New Wave of Defense	https://theworld.org/stories/2013/02/14/drones-new-wave-defense	
2013-02-01	What’s Wrong with Cable?	https://theworld.org/stories/2013/02/01/whats-wrong-cable	
2013-02-01	The Evolution of Silicon Valley	https://theworld.org/stories/2013/02/01/evolution-silicon-valley	
2013-01-25	The Science of Stocks and Bonds	https://theworld.org/stories/2013/01/25/science-stocks-and-bonds	
2013-01-25	Can We Un-Corrupt Congress?	https://theworld.org/stories/2013/01/25/can-we-un-corrupt-congress	
2013-01-18	Seth Godin	https://theworld.org/stories/2013/01/18/seth-godin	
2013-01-18	New Year, New Gadgets	https://theworld.org/stories/2013/01/18/new-year-new-gadgets	
2013-01-11	Which State is Most Innovative?	https://theworld.org/stories/2013/01/11/which-state-most-innovative	
2013-01-11	The Future of Cash	https://theworld.org/stories/2013/01/11/future-cash	
2013-01-04	ZipCar. Let’s Make a List	https://theworld.org/stories/2013/01/04/zipcar-lets-make-list	
2012-12-21	The Future of Shopping	https://theworld.org/stories/2012/12/21/future-shopping	
2012-12-21	Smart (phone) Shopper	https://theworld.org/stories/2012/12/21/smart-phone-shopper-2	
2012-12-21	Smart (phone) Shopper	https://theworld.org/stories/2012/12/21/smart-phone-shopper	
2012-12-14	The New Plutocrats	https://theworld.org/stories/2012/12/14/new-plutocrats	
2012-12-14	The Future of Books	https://theworld.org/stories/2012/12/14/future-books-0-2	
2012-12-14	The Future of Books	https://theworld.org/stories/2012/12/14/future-books-0	
2012-12-07	“The Richer Sex”	https://theworld.org/stories/2012/12/07/richer-sex-2	
2012-12-07	“The Richer Sex”	https://theworld.org/stories/2012/12/07/richer-sex	
2012-12-07	The Art of Logos	https://theworld.org/stories/2012/12/07/art-logos-2	
2012-12-07	The Art of Logos	https://theworld.org/stories/2012/12/07/art-logos	
2012-11-30	The End of Polarization?	https://theworld.org/stories/2012/11/30/end-polarization-2	
2012-11-30	The End of Polarization?	https://theworld.org/stories/2012/11/30/end-polarization	
2012-11-30	New Nuclear	https://theworld.org/stories/2012/11/30/new-nuclear-2	
2012-11-30	New Nuclear	https://theworld.org/stories/2012/11/30/new-nuclear	
2012-11-23	Why Nations Fail	https://theworld.org/stories/2012/11/23/why-nations-fail-2	
2012-11-23	Why Nations Fail	https://theworld.org/stories/2012/11/23/why-nations-fail	
2012-11-23	Cook Like You’re A Modernist	https://theworld.org/stories/2012/11/23/cook-youre-modernist-0	
2012-11-16	Future of Food	https://theworld.org/stories/2012/11/16/future-food-2	
2012-11-16	Future of Food	https://theworld.org/stories/2012/11/16/future-food	
2012-11-16	Future of Clothing	https://theworld.org/stories/2012/11/16/future-clothing-2	
2012-11-16	Future of Clothing	https://theworld.org/stories/2012/11/16/future-clothing	
2012-11-09	The Science of Procrastination	https://theworld.org/stories/2012/11/09/science-procrastination-2	
2012-11-09	The Science of Procrastination	https://theworld.org/stories/2012/11/09/science-procrastination	
2012-11-02	Taking the Lead in Business Innovation	https://theworld.org/stories/2012/11/02/tech-trends-2	
2012-11-02	Taking the Lead in Business Innovation	https://theworld.org/stories/2012/11/02/tech-trends	
2012-11-02	Election Dysfunction	https://theworld.org/stories/2012/11/02/election-dysfunction-2	
2012-11-02	Election Dysfunction	https://theworld.org/stories/2012/11/02/election-dysfunction	
2012-10-26	Science of Food	https://theworld.org/stories/2012/10/26/science-food-2	
2012-10-26	Science of Food	https://theworld.org/stories/2012/10/26/science-food	
2012-10-26	Politics and Genes	https://theworld.org/stories/2012/10/26/politics-and-genes-2	
2012-10-26	Politics and Genes	https://theworld.org/stories/2012/10/26/politics-and-genes	
2012-10-19	Encore: Global Warming’s New Math, Part 1	https://theworld.org/stories/2012/10/19/encore-global-warmings-new-math-part-1	
2012-10-12	The Future of Digital Medicine	https://theworld.org/stories/2012/10/12/future-digital-medicine-2	
2012-10-12	The Future of Digital Medicine	https://theworld.org/stories/2012/10/12/future-digital-medicine	
2012-10-12	Funding Scientific and Medical Research	https://theworld.org/stories/2012/10/12/funding-scientific-and-medical-research	
2012-10-05	Violent Media and Kids	https://theworld.org/stories/2012/10/05/violent-media-and-kids-2	
2012-10-05	Violent Media and Kids	https://theworld.org/stories/2012/10/05/violent-media-and-kids	
2012-10-05	Innovations In Aging	https://theworld.org/stories/2012/10/05/innovations-aging-2	
2012-10-05	Innovations In Aging	https://theworld.org/stories/2012/10/05/innovations-aging	
2012-09-28	Magic and Science	https://theworld.org/stories/2012/09/28/magic-and-science-2	
2012-09-28	Magic and Science	https://theworld.org/stories/2012/09/28/magic-and-science-2	
2012-09-21	The Mobile Wave	https://theworld.org/stories/2012/09/21/encore-mobile-wave	
2012-09-14	‘No Labels’: Part 2	https://theworld.org/stories/2012/09/14/no-labels-part-2-2	
2012-09-14	‘No Labels’: Part 2	https://theworld.org/stories/2012/09/14/no-labels-part-2	
2012-09-07	‘No Labels’: Part 1	https://theworld.org/stories/2012/09/07/no-labels-part-1-2	
2012-09-07	‘No Labels’: Part 1	https://theworld.org/stories/2012/09/07/no-labels-part-1	
2012-09-07	Branding Tomorrow Today	https://theworld.org/stories/2012/09/07/rethinking-urban-violence	
2012-08-30	Encore: Too Many Workers In Math And Science?	https://theworld.org/stories/2012/08/30/encore-too-many-workers-math-and-science	
2012-08-30	Encore: Research On Internet Dating	https://theworld.org/stories/2012/08/30/encore-research-internet-dating-2	
2012-08-30	Encore: Research On Internet Dating	https://theworld.org/stories/2012/08/30/encore-research-internet-dating	
2012-08-24	Reimagine the City	https://theworld.org/stories/2012/08/24/reimagine-city-2	
2012-08-24	Reimagine the City	https://theworld.org/stories/2012/08/24/reimagine-city	
2012-08-24	Ethics in the Workplace	https://theworld.org/stories/2012/08/24/ethics-workplace-2	
2012-08-24	Ethics in the Workplace	https://theworld.org/stories/2012/08/24/ethics-workplace	
2012-08-17	Global Warming’s New Reality, Part 2	https://theworld.org/stories/2012/08/17/encore-global-warmings-new-math-part-2-2	
2012-08-17	Global Warming’s New Reality, Part 2	https://theworld.org/stories/2012/08/17/encore-global-warmings-new-math-part-2	
2012-08-17	Global Warming’s New Reality, Part 1	https://theworld.org/stories/2012/08/17/global-warmings-new-reality-part-1-2	
2012-08-17	Global Warming’s New Reality, Part 1	https://theworld.org/stories/2012/08/17/global-warmings-new-reality-part-1	
2012-08-10	Why Aren’t Women Getting to the Top?	https://theworld.org/stories/2012/08/10/why-arent-women-getting-top-2	
2012-08-10	Why Aren’t Women Getting to the Top?	https://theworld.org/stories/2012/08/10/why-arent-women-getting-top	
2012-08-10	The Myth of the Ethical Consumer	https://theworld.org/stories/2012/08/10/myth-ethical-consumer-2	
2012-08-10	The Myth of the Ethical Consumer	https://theworld.org/stories/2012/08/10/myth-ethical-consumer	
2012-08-03	From The Higgs Boson To The Mars Rover	https://theworld.org/stories/2012/08/03/higgs-boson-mars-rover-2	
2012-08-03	From The Higgs Boson To The Mars Rover	https://theworld.org/stories/2012/08/03/higgs-boson-mars-rover	
2012-08-03	Can You Spot “The Invisible Gorilla”?	https://theworld.org/stories/2012/08/03/can-you-spot-invisible-gorilla-2	
2012-08-03	Can You Spot “The Invisible Gorilla”?	https://theworld.org/stories/2012/08/03/can-you-spot-invisible-gorilla	
2012-07-27	The Jugaad Approach	https://theworld.org/stories/2012/07/27/jugaad-approach-2	
2012-07-27	The Jugaad Approach	https://theworld.org/stories/2012/07/27/jugaad-approach	
2012-07-20	Healthy Food In Schools	https://theworld.org/stories/2012/07/20/healthy-food-schools-2	
2012-07-20	Healthy Food In Schools	https://theworld.org/stories/2012/07/20/healthy-food-schools	
