rank_by_downloads	title	venue_note	pages	posted	last_revised	downloads	ssrn_abstract_id	ssrn_url	corpus_status
1	Why Prison?: An Economic Critique	Berkeley Journal of Criminal Law, 2017	61	2017-03-07	2020-09-03	6129	2928219	https://papers.ssrn.com/sol3/papers.cfm?abstract_id=2928219	abstract-only
2	The Law of Banksy: Who Owns Street Art?	University of Chicago Law Review, Vol. 83, No. 4, 2016	36	2016-01-07	2022-01-13	1866	2711789	https://papers.ssrn.com/sol3/papers.cfm?abstract_id=2711789	full-text (Chicago Unbound)
3	AI Rights for Human Safety	Virginia Law Review (forthcoming)	88	2024-08-13	2026-07-29	1791	4913167	https://papers.ssrn.com/sol3/papers.cfm?abstract_id=4913167	full-text (Virginia Law Review PDF)
4	AI Will Not Want to Self-Improve	U of Houston Law Center No. 2023-A-24	22	2023-05-13	2024-10-21	1023	4445706	https://papers.ssrn.com/sol3/papers.cfm?abstract_id=4445706	full-text (Lawfare white paper via DocumentCloud)
5	AI Outputs Are Not Protected Speech	Washington University Law Review, Forthcoming	71	2024-02-16	2024-08-31	997	4687558	https://papers.ssrn.com/sol3/papers.cfm?abstract_id=4687558	full-text (published Wash. U. L. Rev. 102:83 text, wustllawreview.org)
6	AI Rights for Economic Flourishing	Forthcoming, Boston College Law Review	65	2025-07-23	2026-06-01	753	5353214	https://papers.ssrn.com/sol3/papers.cfm?abstract_id=5353214	abstract-only
7	How to Count AIs: Individuation and Liability for AI Agents	Boston College L. Rev. (forthcoming)	64	2026-02-20	2026-06-03	437	6273198	https://papers.ssrn.com/sol3/papers.cfm?abstract_id=6273198	full-text (arXiv 2603.10028)
8	How to Stop an AI Arms Race		54	2025-07-30	2026-06-01	413	5369439	https://papers.ssrn.com/sol3/papers.cfm?abstract_id=5369439	abstract-only
9	Qualified Immunity as Gun Control	99 Notre Dame Law Review Reflection 93 (2023)	20	2023-07-18	2024-04-30	341	4500816	https://papers.ssrn.com/sol3/papers.cfm?abstract_id=4500816	full-text (Notre Dame Law Review PDF)
10	Big Data Affirmative Action	Northwestern University Law Review (Forthcoming)	75	2022-02-03	2022-05-09	312	4024623	https://papers.ssrn.com/sol3/papers.cfm?abstract_id=4024623	full-text (Northwestern Scholarly Commons)
11	Abolition by Algorithm	Michigan Law Review, Forthcoming	79	2024-09-06		310	4736099	https://papers.ssrn.com/sol3/papers.cfm?abstract_id=4736099	full-text (Michigan repository)
12	Artificially Intelligent Class Actions	Texas Law Review, Forthcoming	57	2021-02-05	2022-04-26	293	3750222	https://papers.ssrn.com/sol3/papers.cfm?abstract_id=3750222	full-text (texaslawreview.org)
13	Justices on Yachts: A Value Over Replacement Theory	97 Southern California Law Review Postscript 26 (2024)	18	2023-12-18	2024-04-03	288	4653228	https://papers.ssrn.com/sol3/papers.cfm?abstract_id=4653228	full-text (SCLR PDF)
14	Nullification in Abortion Prosecutions: An Equilibrium Theory	72 Duke Law Journal Online 41 (2022)	17	2022-06-02	2023-10-13	274	4116481	https://papers.ssrn.com/sol3/papers.cfm?abstract_id=4116481	full-text (Duke repository, PyMuPDF)
15	The Goose and the Gander: How Conservative Precedents Will Save Campus Affirmative Action	102 Texas Law Review 123 (2023)	31	2023-07-12	2024-01-19	261	4499540	https://papers.ssrn.com/sol3/papers.cfm?abstract_id=4499540	full-text (texaslawreview.org)
16	The Pigouvian Constitution	88 U. Chi. L. Rev. (Forthcoming 2021)	75	2021-02-05	2022-04-26	260	3750216	https://papers.ssrn.com/sol3/papers.cfm?abstract_id=3750216	full-text (lawreview.uchicago.edu)
17	The Federal-State Standing Gap	26 William & Mary Bill of Rights Journal 1155 (2018)	59	2017-08-24	2018-06-09	217	3023347	https://papers.ssrn.com/sol3/papers.cfm?abstract_id=3023347	full-text (W&M repository)
18	AI Is Not A Natural Monopoly	Minnesota Law Review Online (forthcoming)	25	2025-12-16	2026-02-01	202	5926043	https://papers.ssrn.com/sol3/papers.cfm?abstract_id=5926043	abstract-only
19	Small Arms Races	University of Chicago Law Review Online (2022)	15	2022-03-07	2022-06-06	177	4007572	https://papers.ssrn.com/sol3/papers.cfm?abstract_id=4007572	full-text (lawreviewblog.uchicago.edu)
20	AI Revealed Preferences		29	2026-05-21	2026-08-12	168	6798118	https://papers.ssrn.com/sol3/papers.cfm?abstract_id=6798118	abstract-only
21	AI Suffrage for Human Flourishing	Fordham Law Review (forthcoming 2026)	42	2026-03-31		127	6498678	https://papers.ssrn.com/sol3/papers.cfm?abstract_id=6498678	abstract-only
22	Post-Election Litigation and the Paradox of Voting	University of Chicago Law Review Online (2021)	24	2021-02-04	2021-04-17	125	3771587	https://papers.ssrn.com/sol3/papers.cfm?abstract_id=3771587	full-text (lawreviewblog.uchicago.edu)
23	Complex Algorithmic Law	University of Chicago Law Review Online, Mar. 9 2022	10	2022-03-10	2022-05-04	118	4008507	https://papers.ssrn.com/sol3/papers.cfm?abstract_id=4008507	full-text (lawreview.uchicago.edu)
24	Will Bruen Kill Cops?	Fordham L. Rev. Online (2024)	17	2024-07-31	2026-07-29	103	4909297	https://papers.ssrn.com/sol3/papers.cfm?abstract_id=4909297	full-text (Fordham PDF)
25	Principal Officers and the Function of Section 4 of the 25th Amendment	54 U.C. Davis L. Rev. Online 89 (2021)	15	2021-02-04	2024-12-19	77	3766303	https://papers.ssrn.com/sol3/papers.cfm?abstract_id=3766303	full-text (Wayback copy of UC Davis PDF)
26	Bostock and Conceptual Causation	YALE J. REG. Notice & Comment (July 22, 2020)	10	2022-01-26	2023-10-13	74	3976417	https://papers.ssrn.com/sol3/papers.cfm?abstract_id=3976417	full-text (yalejreg.com)
27	Ban Them All; Let the Courts Sort Them Out	Texas Law Review, Vol. 100, 2021	19	2022-03-11		69	4008503	https://papers.ssrn.com/sol3/papers.cfm?abstract_id=4008503	full-text (texaslawreview.org)
28	AI Nationalization	Under Submission	70		2026-08-12	4	7271999	https://papers.ssrn.com/sol3/cf_dev/AbsByAuth.cfm?per_id=2495884	abstract-only
