id	year	type	title	venue	doi	is_oa	cited	has_abstract	status	authors	pdf	landing
W7169764730	2026	article	NIH Data Sharing Challenge: A Composite S-Index	Figshare	https://doi.org/10.6084/m9.figshare.33038876	True	0	True	include	Daniel Hook; Kristi Holmes; Griffin M. Weber; Amy Brand; Katy Börner; Arjun Krishnan; John Inglis; Chonnettia Jones; Steinn Sigurðsson		https://doi.org/10.6084/m9.figshare.33038876
W7169784471	2026	article	NIH Data Sharing Challenge: A Composite S-Index	Figshare	https://doi.org/10.6084/m9.figshare.33038876.v1	True	0	True	duplicate of W7169764730	Daniel Hook; Kristi Holmes; Griffin M. Weber; Amy Brand; Katy Börner; Arjun Krishnan; John Inglis; Chonnettia Jones; Steinn Sigurðsson		https://doi.org/10.6084/m9.figshare.33038876.v1
W4401122306	2024	article	The future of open research policy should be evidence based	Proceedings of the National Academy of Sciences	https://doi.org/10.1073/pnas.2412688121	True	1	True	include	Phillip A. Sharp; William B. Bonvillian; Amy Brand; David Goldston; Michael Stebbins	https://www.pnas.org/doi/pdf/10.1073/pnas.2412688121	https://doi.org/10.1073/pnas.2412688121
W4392298602	2024	article	Recommendations for accelerating open preprint peer review to improve the culture of science	PLoS Biology	https://doi.org/10.1371/journal.pbio.3002502	True	24	True	include	Michele Avissar-Whiting; Frédérique Belliard; Stefano Bertozzi; Amy Brand; Katherine Brown; Géraldine Clément-Stoneham; Stephanie Dawson; G.K. Dey; Daniel Ecer; Scott Edmunds; Ashley Farley; Tara D. Fischer; Maryrose Franko; James S. Fraser; Kathryn Funk; Clarisse Gânier; Melissa Harrison; Anna Hatch; Haley F. Hazlett; Samantha Hindle; Daniel Hook; Phil Hurst; Sophien Kamoun; Robert Kiley; Michael M. Lacy; Marcel LaFlamme; Rebecca Lawrence; Thomas Lemberger; Maria Leptin; Elliott Lumb; Catriona MacCallum; Christopher Steven Marcum; Gabriele Marinello; Alex Mendonça; Sara E. Monaco; Kleber Neves; Damian Pattinson; Jessica Polka; Iratxe Puebla; Martyn Rittman; Stephen Royle; Daniela Saderi; Richard Sever; Kathleen Shearer; John E. Spiro; Bodo Stern; Dario Taraborelli; Ronald D. Vale; Claudia G. Vasquez; Ludo Waltman; Fiona M. Watt; Zara Y. Weinberg; Mark Williams	https://journals.plos.org/plosbiology/article/file?id=10.1371/journal.pbio.3002502&type=printable	https://doi.org/10.1371/journal.pbio.3002502
W4390047334	2023	article	The Future of Data in Research Publishing: From Nice to Have to Need to Have?	Harvard Data Science Review	https://doi.org/10.1162/99608f92.b73aae77	True	4	True	include	Christine L. Borgman; Amy Brand	https://assets.pubpub.org/thkb8ewb/Borgman & Brand (2023)_Just Accepted-11703181846530.pdf	https://doi.org/10.1162/99608f92.b73aae77
W4390772591	2023	article	Access to Science and Scholarship: Key Questions about the Future of Research Publishing		https://doi.org/10.21428/886fd9ae.9f3b7c87	True	1	True	include	William B. Bonvillian; Robert Desimone; Barbara Imperiali; David R. Karger; Clapperton Chakanetsa Mavhunga; Amy Brand; Nick Lindsay; Michael Stebbins	https://access-to-science.pubpub.org/pub/zqofn5h5/download/pdf	http://dx.doi.org/10.21428/886fd9ae.9f3b7c87
W4362634160	2023	preprint	Advancing the culture of peer review with preprints		https://doi.org/10.31219/osf.io/cht8p	True	13	True	include	Michele Avissar-Whiting; Frédérique Belliard; Stefano Bertozzi; Amy Brand; Katherine Brown; Géraldine Clément-Stoneham; Stephanie Dawson; G.K. Dey; Daniel Ecer; Scott Edmunds; Tara D. Fischer; Ashley Farley; Maryrose Franko; James S. Fraser; Kathryn Funk; Clarisse Gânier; Melissa Harrison; Anna Hatch; Haley F. Hazlett; Samantha Hindle; Daniel Hook; Phil Hurst; Sophien Kamoun; Robert Kiley; Michael M. Lacy; Marcel LaFlamme; Rebecca Lawrence; Thomas Lemberger; Maria Leptin; Elliott Lumb; Catriona MacCallum; Christopher Steven Marcum; Gabriele Marinello; Alex Mendonça; Sara E. Monaco; Kleber Neves; Damian Pattinson; Jessica Polka; Iratxe Puebla; Martyn Rittman; Stephen Royle; Daniela Saderi; Richard Sever; Kathleen Shearer; John E. Spiro; Bodo Stern; Dario Taraborelli; Ronald D. Vale; Claudia G. Vasquez; Ludo Waltman; Fiona M. Watt; Zara Y. Weinberg; Mark Williams	https://osf.io/cht8p/download	https://doi.org/10.31219/osf.io/cht8p
W4312089995	2022	article	Data blind: Universities lag in capturing and exploiting data	Science	https://doi.org/10.1126/science.add2734	True	5	True	include	Christine L. Borgman; Amy Brand	https://www.buckingham.ac.uk/wp-content/uploads/2021/03/The-Institute-for-Ethical-AI-in-Education-The-Ethical-Framework-for-AI-in-Education.pdf	https://doi.org/10.1126/science.add2734
W4290803127	2022	preprint	Playing catch-up in building an open research commons	arXiv (Cornell University)	https://doi.org/10.48550/arxiv.2208.04682	True	0	True	include	Philip E. Bourne; Vivien Bonazzi; Amy Brand; Bonnie Carroll; Ian Foster; Ramanathan V. Guha; R. J. Hanisch; Sallie Keller‐McNulty; Mary Lee Kennedy; Christine L. Kirkpatrick; Barend Mons; Sarah M. Nusser; Michael Stebbins; George Strawn; Alexander S. Szalay		https://doi.org/10.48550/arxiv.2208.04682
W4285385769	2022	article	Playing catch-up in building an open research commons	Science	https://doi.org/10.1126/science.abo5947	True	14	True	include	Philip E. Bourne; Vivien Bonazzi; Amy Brand; Bonnie Carroll; Ian Foster; Ramanathan V. Guha; R. J. Hanisch; Sallie Keller‐McNulty; Mary Lee Kennedy; Christine R. Kirkpatrick; Barend Mons; Sarah M. Nusser; Michael Stebbins; George Strawn; Alexander S. Szalay	https://arxiv.org/pdf/2208.04682	http://arxiv.org/abs/2208.04682
W4293201509	2022	book-chapter	Artificial Intelligence In The Academic Publishing Ecosystem	Against The Grain eBooks	https://doi.org/10.3998/mpub.12669942.ch3	False	0	True	include	James W. Weis; Amy Brand		
W4256316867	2021	book-chapter	CROSSREF: From Linking to Cross-Provider Search		https://doi.org/10.4324/9781315864389-14	False	1	True	include	Amy Brand		
W4416661286	2021	peer-review	Peer Review Report For: The case for an inclusive scholarly communication infrastructure for social sciences and humanities [version 1; peer review: 2 approved]		https://doi.org/10.5256/f1000research.29305.r77402	True	0	True	include	Amy Brand		https://doi.org/10.5256/f1000research.29305.r77402
W3083031106	2020	article	Knowledge Infrastructure and the Role of the University	Commonplace	https://doi.org/10.21428/6ffd8432.38919527	True	0	True	include	Amy Brand	https://commonplace.knowledgefutures.org/pub/bn24nbov/download/pdf	https://doi.org/10.21428/6ffd8432.38919527
W3048530412	2020	article	Coronavirus: time to re-imagine academic publishing	Nature	https://doi.org/10.1038/d41586-020-02330-4	True	12	False	include	Vilas Dhar; Amy Brand	https://www.nature.com/articles/d41586-020-02330-4.pdf	https://doi.org/10.1038/d41586-020-02330-4
W3115479423	2020	article	Knowledge infrastructure and the role of the university	Information Services & Use	https://doi.org/10.3233/isu-200084	True	2	True	include	Amy Brand	https://content.iospress.com:443/download/information-services-and-use/isu200084?id=information-services-and-use%2Fisu200084	https://doi.org/10.3233/isu-200084
W3021702894	2020	article	In pursuit of open science, open access is not enough	Science	https://doi.org/10.1126/science.aba3763	True	80	True	include	Claudio Aspesi; Amy Brand		https://hdl.handle.net/1721.1/128966
W3046559280	2020	other	NP2020_The Other I-Word: Infrastructure and the Future of Knowledge	Open MIND	https://doi.org/10.6084/m9.figshare.12093690.v1	True	0	True	include	Amy Brand		https://sched.co/YfFl
W2891908031	2018	article	Embracing change: The MIT Press and the future of university‐based publishing	Learned Publishing	https://doi.org/10.1002/leap.1171	True	5	True	include	Amy Brand	https://onlinelibrary.wiley.com/doi/pdfdirect/10.1002/leap.1171	https://doi.org/10.1002/leap.1171
W2791353415	2018	article	Committee: ORCID Privacy Committee	Figshare	https://doi.org/10.23640/07243.5984974.v1	True	0	True	include	ORCID; Bernard Rous; Micah Altman; Amy Brand; Geoffrey Bilder; Jackie Ewenstein; Martin Fenner; Lisa Schiff; Chris Shillum; Mike Taylor; Simeon Warner		https://doi.org/10.23640/07243.5984974.v1
W2727815292	2017	article	Recommendation of: ORCID Works Metadata Working Group	Figshare	https://doi.org/10.23640/07243.5153971.v1	True	0	True	include	ORCID; Laura Paglione; Richard Rodgers; Amy Brand; Kevin Dolby; Martin Fenner; Haak Laurel; Mark Henry; Andy Mabbett; Meredith McCusker; S. Mele; Catalina Wilmers; Heather Piwowar; Lisa Schiff; Chris Shillum; Taylor, Michael; Guðmundur Á. Þórisson; Tokizane, Soichi; Diego Ferreira Ucha; Elaine L. Westbrooks; David Weinberger		https://doi.org/10.23640/07243.5153971.v1
W2498971133	2016	article	What is Publishing? (1)	Open Scholarship Initiative Proceedings	https://doi.org/10.13021/g8j30m	True	0	True	include	Amy Brand; James Butcher; Meg Buzzi; Kathleen Fitzpatrick; Ann Gabriel; Rikk Mulligan; Vivian Siegel; Matt Spitzer; Jamie Vernon	https://journals.gmu.edu/index.php/osi/article/download/1739/1188	https://doi.org/10.13021/g8j30m
W4238412004	2016	article	Report from the "What is Publishing?" (1) Workgroup	Open Scholarship Initiative Proceedings	https://doi.org/10.13021/g84017	True	0	True	include	Amy Brand; James N. Butcher; Meg Buzzi; Kathleen Fitzpatrick; Ann Gabriel; Rikk Mulligan; Vivian Siegel; Matt Spitzer; Jamie Vernon	https://journals.gmu.edu/index.php/osi/article/download/1354/1177	https://doi.org/10.13021/g84017
W2552801151	2016	article	Demographics of scholarly publishing and communication professionals	Learned Publishing	https://doi.org/10.1002/leap.1017	True	20	True	include	Albert N. Greco; Robert M. Wharton; Amy Brand	https://onlinelibrary.wiley.com/doi/pdfdirect/10.1002/leap.1017	https://doi.org/10.1002/leap.1017
W2434173685	2016	article	Report from the "What is Publishing?" (1) Workgroup	Open Scholarship Initiative Proceedings	https://doi.org/10.13021/g8630h	True	0	True	duplicate of W4238412004	Amy Brand; James Butcher; Meg Buzzi; Kathleen Fitzpatrick; Ann Gabriel; Rikk Mulligan; Vivian Siegel; Matt Spitzer; Jamie Vernon		http://journals.gmu.edu/osi/article/download/1354/1177
W2265650535	2015	other	Publishing returns to the Academy	Open Access Server of the Woods Hole Scientific Community (Woods Hole Scientific Community)		False	0	True	include	Heather M. H. Goldstone; Susan Skomal; Michael Markie; Amy Brand; Joshua P. Gray		
W1997871319	2015	article	Beyond authorship: attribution, contribution, collaboration, and credit	Learned Publishing	https://doi.org/10.1087/20150211	True	675	True	include	Amy Brand; Liz Allen; Micah Altman; Marjorie Hlava; Jo Scott	https://onlinelibrary.wiley.com/doi/pdfdirect/10.1087/20150211	https://doi.org/10.1087/20150211
W4394298984	2015	dataset	Demographics and education of scholarly publishing professionals	Figshare	https://doi.org/10.6084/m9.figshare.1424476	True	0	True	include	Amy Brand; Albert N. Greco; Robert M. Wharton		https://doi.org/10.6084/m9.figshare.1424476
W2203688119	2015	dataset	Demographics and education of scholarly publishing professionals	Figshare	https://doi.org/10.6084/m9.figshare.1424476.v1	True	0	True	duplicate of W4394298984	Amy Brand; Greco Albert; Wharton Robert		https://doi.org/10.6084/m9.figshare.1424476.v1
W2256305528	2014	article	Conception of a Reliable Low Cost and Autonomous Explorative Hovercraft	Zenodo (CERN European Organization for Nuclear Research)	https://doi.org/10.5281/zenodo.2825810	True	1	True	excluded: wrong-person (hovercraft engineering)	S. Burgalat; L. Teilhac; Amy Brand; E. Chastel; M. Jumeline		https://zenodo.org/record/2825810
W1967829734	2014	article	Publishing: Credit where credit is due	Nature	https://doi.org/10.1038/508312a	True	365	False	include	Liz Allen; Jo Scott; Amy Brand; Marjorie M.K. Hlava; Micah Altman	https://www.nature.com/articles/508312a.pdf	https://doi.org/10.1038/508312a
W347812210	2014	article	Quién hizo qué	Dialnet (Universidad de la Rioja)		False	0	False	include	Liz Allen; Amy Brand; Jo Scott; Micah Altman; Marjorie M.K. Hlava		
W2105074198	2013	article	Faculty appointments and the record of scholarship	eLife	https://doi.org/10.7554/elife.00452	True	5	True	include	Amy Brand		https://doi.org/10.7554/elife.00452
W2185522899	2013	article	Faculty appointments and the record of scholarship Academic review committees would benefit from more details about the contributions made by individual researchers to papers with multiple authors, and also from more information about other types of scholarly communication.			False	0	False	duplicate of W2105074198	Amy Brand		
W2149869736	2011	article	Beyond mandate and repository, toward sustainable faculty self‐archiving	Learned Publishing	https://doi.org/10.1087/20120105	True	7	True	include	Amy Brand	https://onlinelibrary.wiley.com/doi/pdfdirect/10.1087/20120105	https://doi.org/10.1087/20120105
W2181143429	2008	article	Key issue	Serials The Journal for the Serials Community	https://doi.org/10.1629/2154	True	0	True	include	Amy Brand	http://serials.uksg.org/articles/10.1629/2154/galley/1329/download/	https://doi.org/10.1629/2154
W7134942848	2008	article	CrossCheck: Plagiarism Screening from CrossRef	Editorial Office News	https://doi.org/10.18243/eon/2008.1.6.3	False	0	True	include	Amy Brand		
W2037629467	2007	editorial	From the Editors - PLAGIARISM DETECTION	IEEE Transactions on Aerospace and Electronic Systems	https://doi.org/10.1109/taes.2007.4383576	False	0	False	include	Amy Brand		
W2061047292	2007	article	Ethische Kriterienberatung für Entscheidungsträger in Institutionen der öffentlichen Gesundheit zur Vorsorge einer Pandemie mit einem neuartigen Influenza A Virus	Das Gesundheitswesen	https://doi.org/10.1055/s-2007-981675	False	11	True	excluded: wrong-person (public health, Helmut Brand)	Peter Schröder‐Bäck; Helmut Brand; Marleen Schröter; Amy Brand		
W4410379293	2007	other	Crossref Author ID meeting		https://doi.org/10.64000/mz7md-r1m43	True	0	True	include	Amy Brand		https://doi.org/10.64000/mz7md-r1m43
W2047560944	2007	article	CrossRef: Towards the future	Journal of Information Processing and Management	https://doi.org/10.1241/johokanri.50.558	True	0	False	include	Amy Brand; Transl. Remi KUMAGAI	https://www.jstage.jst.go.jp/article/johokanri/50/9/50_9_558/_pdf	https://doi.org/10.1241/johokanri.50.558
W2016324777	2006	article	Mini-profile: a day in the life of a business development executive	Serials The Journal for the Serials Community	https://doi.org/10.1629/1983	True	0	True	include	Amy Brand	http://serials.uksg.org/articles/10.1629/1983/galley/903/download/	https://doi.org/10.1629/1983
W2330315792	2006	article	CROSSREF	The Serials Librarian	https://doi.org/10.1300/j123v50n01_11	True	1	True	include	Amy Brand	https://www.tandfonline.com/doi/pdf/10.1300/J123v50n01_11?needAccess=true	https://doi.org/10.1300/j123v50n01_11
W2051145108	2005	article	CrossRef: beyond journal reference linking	Serials The Journal for the Serials Community	https://doi.org/10.1629/18199	True	1	True	include	Amy Brand; Chuck Kosher		https://doi.org/10.1629/18199
W4244711633	2005	reference-entry	CrossRef		https://doi.org/10.1201/9781420068030.ch13	False	1	False	include	Amy Brand		
W4233846761	2004	article	CrossRef Search	Serials The Journal for the Serials Community	https://doi.org/10.1629/17291	True	0	True	pre-2005 (out of window, listed only)	Amy Brand	http://serials.uksg.org/articles/10.1629/17291/galley/811/download/	https://doi.org/10.1629/17291
W2042580649	2004	article	CrossRef and the research experience	Learned Publishing	https://doi.org/10.1087/095315104323159658	True	4	True	pre-2005 (out of window, listed only)	Amy Brand	https://onlinelibrary.wiley.com/doi/pdfdirect/10.1087/095315104323159658	https://doi.org/10.1087/095315104323159658
W4237733430	2004	article	Publishers Joining Forces through CrossRef	Serials Review	https://doi.org/10.1080/00987913.2004.10764869	False	1	True	pre-2005 (out of window, listed only)	Amy Brand		
W1974180108	2004	article	Publishers Joining Forces through CrossRef	Serials Review	https://doi.org/10.1016/j.serrev.2003.11.001	False	5	True	duplicate of W4237733430	Amy Brand		
W2035006990	2001	article	CrossRef Turns One	D-Lib Magazine	https://doi.org/10.1045/may2001-brand	True	10	False	pre-2005 (out of window, listed only)	Amy Brand		https://doi.org/10.1045/may2001-brand
W2730373912	2001	article	Representing Value as Digital Object: A Discussion of Transferability and Anonymity; Digital Library Initiatives of the Deutsche Forschungsgemeinschaft; CrossRef Turns One; Fermi National Accelerator Laboratory (Fermilab).	D-Lib Magazine		True	0	False	pre-2005 (out of window, listed only)	Robert E. Kahn; Patrice A. Lyons; Ewald Brahms; Amy Brand; Mieke van den Bergen		https://eric.ed.gov/?id=EJ633112
W2089684074	2000	article	Stiftungen - ein Instrument zur Umsetzung strategischer Ziele und Maßnahmen in Public Health	Das Gesundheitswesen	https://doi.org/10.1055/s-2000-10489	False	2	True	excluded: wrong-person (public health, Helmut Brand)	Amy Brand; Helmut Brand		
W4389141708	2023	report	The Case for Reform of Scientific Publishing	International Science Council	https://doi.org/10.24948/2023.14	True	0	False	include (found via raw_author_name sweep; not on the author profile)	Abdullah, Abrizah; Arunachalam, Subbiah; Babini, Dominique; Barbour, Michael; Bawa, Ahmed; Boulton, Geoffrey; Brand, Amy; Drury, Luke; Gatti, Rupert; Joseph, Heather; Owango, Joy; Qinglin, Wang	https://council.science/wp-content/uploads/2023/11/The-Case-for-Reform-for-Scientific-Publishing_2023.pdf	https://doi.org/10.24948/2023.14
