id	year	date	type	title	venue	doi	oa_status	is_oa	oa_url	cited	n_authors	author_pos	has_abstract
W7139117155	2026	2026-03-19	article	Agentic AI and the next intelligence explosion	Science	https://doi.org/10.1126/science.aeg1895	closed	False		4	3	3	True
W7117966739	2026	2026-01-02	article	LLMs achieve adult human performance on higher-order theory of mind tasks	Frontiers in Human Neuroscience	https://doi.org/10.3389/fnhum.2025.1633272	gold	True	https://public-pages-files-2025.frontiersin.org/journals/human-neuroscience/articles/10.3389/fnhum.2025.1633272/pdf	3	10	9	True
W4416445935	2026	2026-07-02	review	What Lives? A Meta-Analysis of Diverse Opinions on the Definition of Life	Biological Theory	https://doi.org/10.1007/s13752-026-00544-9	hybrid	True	https://link.springer.com/content/pdf/10.1007/s13752-026-00544-9.pdf	0	4	3	True
W7130535731	2026	2026-02-18	article	Multi-agent cooperation through in-context co-player inference	Open MIND	https://doi.org/10.48550/arxiv.2602.16301	green	True		0	7	5	True
W7130617483	2026	2026-02-18	preprint	Multi-agent cooperation through in-context co-player inference	arXiv (Cornell University)		green	True	https://arxiv.org/pdf/2602.16301	0	7	5	True
W7140346868	2026	2026-03-21	preprint	Agentic AI and the next intelligence explosion	arXiv (Cornell University)		green	True	https://arxiv.org/pdf/2603.20639	0	3	3	True
W7165403742	2026	2026-06-17	preprint	Can In-Context Learning Support Intrinsic Curiosity?	arXiv (Cornell University)	https://doi.org/10.48550/arxiv.2606.19476	green	True	https://doi.org/10.48550/arxiv.2606.19476	0	8	5	True
W7165424545	2026	2026-06-17	preprint	Can In-Context Learning Support Intrinsic Curiosity?	arXiv (Cornell University)		green	True	https://arxiv.org/pdf/2606.19476	0	8	5	True
W7167265539	2026	2026-07-01	preprint	BFF: Simple explanations for complex phenomena	arXiv (Cornell University)	https://doi.org/10.48550/arxiv.2607.01483	green	True	https://doi.org/10.48550/arxiv.2607.01483	0	5	4	True
W7167380584	2026	2026-07-01	preprint	BFF: Simple explanations for complex phenomena	arXiv (Cornell University)		green	True	https://arxiv.org/pdf/2607.01483	0	5	4	True
W7168138091	2026	2026-07-13	book-review	Rights for rivers and ice cream for all: top reads for the summer holidays	Nature	https://doi.org/10.1038/d41586-026-02152-w	closed	False		0	10	3	False
W7172523129	2026	2026-08-04	preprint	A game theory for foundation models shows new paths to rational cooperation through similarity inference	arXiv (Cornell University)	https://doi.org/10.48550/arxiv.2608.03958	green	True	https://doi.org/10.48550/arxiv.2608.03958	0	14	14	True
W7197053216	2026	2026-08-04	preprint	A game theory for foundation models shows new paths to rational cooperation through similarity inference	arXiv (Cornell University)		green	True	https://arxiv.org/pdf/2608.03958	0	14	14	True
W7124763227	2026	2026-01-15	preprint	Reasoning Models Generate Societies of Thought	arXiv (Cornell University)	https://doi.org/10.48550/arxiv.2601.10825	green	True	https://doi.org/10.48550/arxiv.2601.10825	0	5	4	True
W7124765548	2026	2026-01-16	article	The unreasonable effectiveness of pattern matching	Open MIND	https://doi.org/10.48550/arxiv.2601.11432	green	True		0	2	2	True
W7124817959	2026	2026-01-15	preprint	Reasoning Models Generate Societies of Thought	arXiv (Cornell University)		green	True	https://arxiv.org/pdf/2601.10825	0	5	4	True
W7124818067	2026	2026-01-16	preprint	The unreasonable effectiveness of pattern matching	arXiv (Cornell University)		green	True	https://arxiv.org/pdf/2601.11432	0	2	2	True
W7161138617	2026	2026-05-13	preprint	Formal Conjectures: An Open and Evolving Benchmark for Verified Discovery in Mathematics	arXiv (Cornell University)	https://doi.org/10.48550/arxiv.2605.13171	green	True	https://doi.org/10.48550/arxiv.2605.13171	0	11	10	True
W7161353735	2026	2026-05-13	preprint	Formal Conjectures: An Open and Evolving Benchmark for Verified Discovery in Mathematics	arXiv (Cornell University)		green	True	https://arxiv.org/pdf/2605.13171	0	11	10	True
W7140189475	2026	2026-03-21	preprint	Agentic AI and the next intelligence explosion	arXiv (Cornell University)	https://doi.org/10.48550/arxiv.2603.20639	green	True	https://doi.org/10.48550/arxiv.2603.20639	0	3	3	True
W7168328530	2026	2026-07-10	preprint	Co-evolution of self-replication and function in a digital primordial soup	arXiv (Cornell University)		green	True	https://arxiv.org/pdf/2607.09211	0	11	10	True
W7168157657	2026	2026-07-10	preprint	Co-evolution of self-replication and function in a digital primordial soup	arXiv (Cornell University)	https://doi.org/10.48550/arxiv.2607.09211	green	True	https://doi.org/10.48550/arxiv.2607.09211	0	11	10	True
W4406152279	2025	2025-01-08	article	Toward expert-level medical question answering with large language models	Nature Medicine	https://doi.org/10.1038/s41591-024-03423-7	hybrid	True	https://www.nature.com/articles/s41591-024-03423-7.pdf	841	35	23	True
W4416765017	2025	2025-11-22	preprint	Towards a future space-based, highly scalable AI infrastructure system design	arXiv (Cornell University)	https://doi.org/10.48550/arxiv.2511.19468	green	True	https://arxiv.org/pdf/2511.19468	6	9	1	True
W4410067888	2025	2025-05-04	article	What Is Intelligence?		https://doi.org/10.1162/anti.5czc	closed	False		3	1	1	True
W4416591581	2025	2025-11-24	article	What is the future of intelligence? The answer could lie in the story of its evolution	Nature	https://doi.org/10.1038/d41586-025-03857-0	closed	False		3	1	1	False
W4410067943	2025	2025-05-04	article	What Is Intelligence?		https://doi.org/10.1162/anti.5czb	closed	False		1	1	1	True
W4416943814	2025	2025-11-27	preprint	Embedded Universal Predictive Intelligence: a coherent framework for multi-agent learning	arXiv (Cornell University)	https://doi.org/10.48550/arxiv.2511.22226	green	True	https://arxiv.org/pdf/2511.22226	1	13	13	True
W4416076766	2025	2025-06-05	preprint	MesaNet: Sequence Modeling by Locally Optimal Test-Time Training	arXiv (Cornell University)	https://doi.org/10.48550/arxiv.2506.05233	green	True	https://arxiv.org/pdf/2506.05233	0	17	16	True
W7117251067	2025	2025-12-23	preprint	Emergent temporal abstractions in autoregressive models enable hierarchical reinforcement learning	arXiv (Cornell University)	https://doi.org/10.48550/arxiv.2512.20605	green	True	https://doi.org/10.48550/arxiv.2512.20605	0	15	13	True
W7117339992	2025	2025-12-23	preprint	Emergent temporal abstractions in autoregressive models enable hierarchical reinforcement learning	arXiv (Cornell University)		green	True	https://arxiv.org/pdf/2512.20605	0	15	13	True
W7160973064	2025	2025-04-01	other	Automatic generation of markers based on social interaction	University of Birmingham Research Portal (University of Birmingham)		green	True	https://patentimages.storage.googleapis.com/f1/ef/7e/14ddaca7445c5c/US12265580.pdf	0	4	4	True
W4414401055	2025	2025-01-01	article	‘What Is Intelligence?’: An excerpt	The Transmitter	https://doi.org/10.53053/aacc4729	closed	False		0	1	1	False
W4392044798	2024	2024-02-22	article	Towards Generalist Biomedical AI	NEJM AI	https://doi.org/10.1056/aioa2300138	closed	False		386	33	25	True
W4395686739	2024	2024-04-24	preprint	The Ethics of Advanced AI Assistants	arXiv (Cornell University)	https://doi.org/10.48550/arxiv.2404.16244	green	True	https://arxiv.org/pdf/2404.16244	50	57	55	True
W4399198286	2024	2024-05-29	preprint	LLMs achieve adult human performance on higher-order theory of mind tasks	arXiv (Cornell University)	https://doi.org/10.48550/arxiv.2405.18870	green	True	https://arxiv.org/pdf/2405.18870	17	10	9	True
W4402683378	2024	2024-01-01	conference-paper	Can LLMs get help from other LLMs without revealing private information?		https://doi.org/10.18653/v1/2024.privatenlp-1.12	gold	True	https://aclanthology.org/2024.privatenlp-1.12.pdf	5	5	5	True
W4404355701	2024	2024-11-01	preprint	Can LLMs make trade-offs involving stipulated pain and pleasure states?	arXiv (Cornell University)	https://doi.org/10.48550/arxiv.2411.02432	green	True	https://arxiv.org/pdf/2411.02432	3	10	9	True
W4400141836	2024	2024-06-27	preprint	Computational Life: How Well-formed, Self-replicating Programs Emerge from Simple Interaction	arXiv (Cornell University)	https://doi.org/10.48550/arxiv.2406.19108	green	True	https://arxiv.org/pdf/2406.19108	2	8	1	True
W4391165741	2024	2024-01-01	other	Good Technology Is Cooperative		https://doi.org/10.5040/9781350399990.0007	closed	False		0	1	1	False
W4393924368	2024	2024-04-01	preprint	Can LLMs get help from other LLMs without revealing private information?	arXiv (Cornell University)	https://doi.org/10.48550/arxiv.2404.01041	green	True	https://arxiv.org/pdf/2404.01041	0	5	5	True
W4404307041	2024	2024-10-24	preprint	Multi-agent cooperation through learning-aware policy gradients	arXiv (Cornell University)	https://doi.org/10.48550/arxiv.2410.18636	green	True	https://arxiv.org/pdf/2410.18636	0	9	8	True
W4405493468	2024	2024-12-17	book-chapter	The Birth and Rebirth of AI	The MIT Press eBooks	https://doi.org/10.7551/mitpress/14962.003.0003	closed	False		0	1	1	False
W4384071683	2023	2023-07-12	article	Large language models encode clinical knowledge	Nature	https://doi.org/10.1038/s41586-023-06291-2	hybrid	True	https://www.nature.com/articles/s41586-023-06291-2.pdf	3542	32	20	True
W4377009978	2023	2023-05-16	preprint	Towards Expert-Level Medical Question Answering with Large Language Models	arXiv (Cornell University)	https://doi.org/10.48550/arxiv.2305.09617	green	True	https://arxiv.org/pdf/2305.09617	335	31	19	True
W4385307867	2023	2023-07-27	erratum	Publisher Correction: Large language models encode clinical knowledge	Nature	https://doi.org/10.1038/s41586-023-06455-0	hybrid	True	https://www.nature.com/articles/s41586-023-06455-0.pdf	97	32	20	True
W4385328225	2023	2023-07-26	preprint	Towards Generalist Biomedical AI	arXiv (Cornell University)	https://doi.org/10.48550/arxiv.2307.14334	green	True	https://arxiv.org/pdf/2307.14334	28	32	24	True
W4389950585	2023	2023-12-19	article	Engaging engineering teams through moral imagination: a bottom-up approach for responsible innovation and ethical culture change in technology companies	AI and Ethics	https://doi.org/10.1007/s43681-023-00381-7	hybrid	True	https://link.springer.com/content/pdf/10.1007/s43681-023-00381-7.pdf	13	8	8	True
W4386721561	2023	2023-09-11	preprint	Uncovering mesa-optimization algorithms in Transformers	arXiv (Cornell University)	https://doi.org/10.48550/arxiv.2309.05858	green	True	https://arxiv.org/pdf/2309.05858	5	12	9	True
W4388932749	2023	2023-10-05	book-chapter	Physiognomy in the Age of AI		https://doi.org/10.1093/oso/9780192889898.003.0013	gold	True	https://doi.org/10.1093/oso/9780192889898.003.0013	4	3	1	True
W4380558586	2023	2023-06-12	preprint	Engaging Engineering Teams Through Moral Imagination: A Bottom-Up Approach for Responsible Innovation and Ethical Culture Change in Technology Companies	arXiv (Cornell University)	https://doi.org/10.48550/arxiv.2306.06901	green	True	https://arxiv.org/pdf/2306.06901	1	8	8	True
W4389974749	2023	2023-12-18	preprint	Social Learning: Towards Collaborative Learning with Large Language Models	arXiv (Cornell University)	https://doi.org/10.48550/arxiv.2312.11441	green	True	https://arxiv.org/pdf/2312.11441	0	6	6	True
W4226399820	2022	2022-01-20	preprint	LaMDA: Language Models for Dialog Applications	arXiv (Cornell University)	https://doi.org/10.48550/arxiv.2201.08239	green	True	https://arxiv.org/pdf/2201.08239	707	60	56	True
W4313197536	2022	2022-12-26	preprint	Large Language Models Encode Clinical Knowledge	arXiv (Cornell University)	https://doi.org/10.48550/arxiv.2212.13138	green	True	https://arxiv.org/pdf/2212.13138	261	30	18	True
W4225479391	2022	2022-01-01	article	Do Large Language Models Understand Us?	Daedalus	https://doi.org/10.1162/daed_a_01909	hybrid	True	https://direct.mit.edu/daed/article-pdf/151/2/183/2060575/daed_a_01909.pdf	152	1	1	True
W4292753736	2022	2022-08-19	preprint	Federated Select: A Primitive for Communication- and Memory-Efficient Federated Learning	arXiv (Cornell University)	https://doi.org/10.48550/arxiv.2208.09432	green	True	https://arxiv.org/pdf/2208.09432	3	5	5	True
W3159024029	2021	2021-04-29	article	Recommendations for Responsible Development and Application of Neurotechnologies	Neuroethics	https://doi.org/10.1007/s12152-021-09468-6	bronze	True	https://link.springer.com/content/pdf/10.1007/s12152-021-09468-6.pdf	219	23	5	True
W3197552266	2021	2021-09-07	article	Privacy-first health research with federated learning	npj Digital Medicine	https://doi.org/10.1038/s41746-021-00489-2	gold	True	https://www.nature.com/articles/s41746-021-00489-2.pdf	201	18	16	True
W3178336997	2021	2021-07-14	preprint	A Field Guide to Federated Optimization	arXiv (Cornell University)	https://doi.org/10.48550/arxiv.2107.06917	green	True	https://arxiv.org/pdf/2107.06917	167	53	6	True
W3191804539	2021	2021-08-01	conference-paper	UIBert: Learning Generic Multimodal Representations for UI Understanding		https://doi.org/10.24963/ijcai.2021/235	gold	True	https://www.ijcai.org/proceedings/2021/0235.pdf	19	7	7	True
W3154346432	2021	2021-04-10	preprint	Meta-Learning Bidirectional Update Rules	arXiv (Cornell University)	https://doi.org/10.48550/arxiv.2104.04657	green	True	https://arxiv.org/pdf/2104.04657	2	7	7	True
W3183631962	2021	2021-07-29	preprint	UIBert: Learning Generic Multimodal Representations for UI Understanding	arXiv (Cornell University)	https://doi.org/10.48550/arxiv.2107.13731	green	True	https://arxiv.org/pdf/2107.13731	2	7	7	True
W3048809440	2020	2020-08-11	preprint	Image segmentation via Cellular Automata	arXiv (Cornell University)	https://doi.org/10.48550/arxiv.2008.04965	green	True	https://arxiv.org/pdf/2008.04965	9	6	6	True
W3177399839	2020	2020-12-22	preprint	ActionBert: Leveraging User Actions for Semantic Understanding of User Interfaces	arXiv (Cornell University)	https://doi.org/10.48550/arxiv.2012.12350	green	True	https://arxiv.org/pdf/2012.12350	1	10	10	True
W2986692543	2019	2019-11-15	preprint	Generative Models for Effective ML on Private, Decentralized Datasets	arXiv (Cornell University)	https://doi.org/10.48550/arxiv.1911.06679	green	True	https://arxiv.org/pdf/1911.06679	43	8	8	True
W2951863394	2019	2019-01-01	article	Intelligent suggestions for actions during voice calls			closed	False		0	7	4	False
W2913724121	2018	2018-12-01	conference-abstract	Decentralized Machine Learning		https://doi.org/10.1109/bigdata.2018.8622078	closed	False		2	1	1	True
W2767945620	2017	2017-11-01	article	Four ethical priorities for neurotechnologies and AI	Nature	https://doi.org/10.1038/551159a	bronze	True	https://www.nature.com/articles/551159a.pdf	638	25	3	False
W2757467360	2017	2017-09-29	article	Art in the Age of Machine Intelligence	Arts	https://doi.org/10.3390/arts6040018	gold	True	https://www.mdpi.com/2076-0752/6/4/18/pdf?version=1509955414	44	1	1	True
W2770078645	2017	2017-11-29	preprint	Now Playing: Continuous low-power music recognition	arXiv (Cornell University)	https://doi.org/10.48550/arxiv.1711.10958	green	True	https://arxiv.org/pdf/1711.10958	21	11	1	True
W4318619660	2016	2016-02-17	preprint	Communication-Efficient Learning of Deep Networks from Decentralized\n Data	arXiv (Cornell University)	https://doi.org/10.48550/arxiv.1602.05629	green	True	https://arxiv.org/pdf/1602.05629	5645	5	5	True
W2541884796	2016	2016-02-17	preprint	Communication-Efficient Learning of Deep Networks from Decentralized Data	arXiv (Cornell University)	https://doi.org/10.48550/arxiv.1602.05629	green	True	https://arxiv.org/pdf/1602.05629	5180	5	5	True
W2283463896	2016	2016-02-17	preprint	Federated Learning of Deep Networks using Model Averaging	arXiv (Cornell University)		green	True	https://arxiv.org/pdf/1602.05629v1	984	4	4	True
W2244057747	2015	2015-11-05	conference-abstract	Machine Intelligence and Human Intelligence		https://doi.org/10.1145/2807442.2814655	closed	False		0	1	1	True
W2043177810	2012	2012-08-12	conference-paper	Transparent user models for personalization		https://doi.org/10.1145/2339530.2339639	closed	False		21	5	5	True
W1996954534	2007	2007-10-30	article	Single Neuron Computation: From Dynamical System to Feature Detector	Neural Computation	https://doi.org/10.1162/neco.2007.19.12.3133	closed	False		59	3	2	True
W2950898233	2006	2006-12-13	preprint	Single neuron computation: from dynamical system to feature detector	arXiv (Cornell University)	https://doi.org/10.48550/arxiv.q-bio/0612025	green	True	https://arxiv.org/pdf/q-bio/0612025	2	3	2	True
W2119533571	2003	2003-07-16	article	Computation in a Single Neuron: Hodgkin and Huxley Revisited	Neural Computation	https://doi.org/10.1162/08997660360675017	closed	False		165	3	1	True
W2125617977	2003	2003-07-16	article	What Causes a Neuron to Spike?	Neural Computation	https://doi.org/10.1162/08997660360675044	closed	False		125	2	1	True
W2950669776	2003	2003-01-09	preprint	What causes a neuron to spike?	arXiv (Cornell University)	https://doi.org/10.48550/arxiv.physics/0301014	green	True	https://arxiv.org/pdf/physics/0301014	1	2	1	True
W2950645683	2002	2002-12-31	preprint	Computation in a single neuron: Hodgkin and Huxley revisited	arXiv (Cornell University)	https://doi.org/10.48550/arxiv.physics/0212113	green	True	https://arxiv.org/pdf/physics/0212113	0	3	1	True
W1511397260	2001	2001-06-28	article	Archaeology of type	Nature	https://doi.org/10.1038/35082698	bronze	True	https://www.nature.com/articles/35082698.pdf	4	2	1	False
W2108674742	2000	2000-01-01	article	What Can a Single Neuron Compute	neural information processing systems		closed	False		26	3	1	True
W1981995596	1998	1998-08-03	article	Response regulator output in bacterial chemotaxis	The EMBO Journal	https://doi.org/10.1093/emboj/17.15.4238	bronze	True	https://onlinelibrary.wiley.com/doi/pdfdirect/10.1093/emboj/17.15.4238	232	7	4	False
W7113960904			article	What is intelligence? lessons from AI about evolution, computing, and minds			closed	False		0	1	1	True
