section	kind	title	meta	url	status	dossier_file
Features	Read	Why was life inevitably born?	DISTANCE.media	https://distance.media/article/20260325000603/	fetched	by/2026--distance-media-alife2025-keynote-japanese.md
Features	Read	Interview: Why AI is “as human as it gets”, according to Google’s Blaise Agüera y Arcas	E+T Magazine	https://eandt.theiet.org/2026/03/13/interview-blaise-aguera-y-arcas-vp-and-fellow-google-cto-technology-and-science	not-fetched	
Features	Read	A Conversation with Blaise Agüera y Arcas: On Intelligence, Life, and the Future of AI	MIT Poggio Lab	https://poggio-lab.mit.edu/blogsupdates/interview-blaise-aguera-y-arcas	fetched	by/2026--poggio-lab-mit-interview.md
Features	Read	Is AI really ‘intelligent’? This philosopher says yes	The Conversation	https://theconversation.com/is-ai-really-intelligent-this-philosopher-says-yes-271721	fetched	about/2026--conversation-is-ai-really-intelligent-review.md
Features	Read	How does artificial intelligence think? The big surprise is that it ‘intuits’	EL PAÍS	https://english.elpais.com/technology/2026-01-31/how-does-artificial-intelligence-think-the-big-surprise-is-that-it-intuits.html	fetched	about/2026--elpais-english-how-does-ai-think.md
Features	Read	Blaise Agüera: “AI demonstrates that to create intelligence you don’t need ‘fairy dust,’ but rather larger models”	EL PAÍS	https://elpais.com/tecnologia/2025-12-27/blaise-aguera-la-ia-demuestra-que-para-crear-inteligencia-no-hace-falta-polvo-de-hadas-sino-modelos-mas-grandes.html	fetched	by/2025--elpais-entrevista-ia-inteligencia.md
Features	Read	Google researcher Blaise Agüera y Arcas: “Because of AI, ‘we’ will mean something different in a century”	De Tijd	https://www.tijd.be/ondernemen/technologie/google-onderzoeker-blaise-aguera-y-arcas-door-ai-zal-we-over-een-eeuw-iets-anders-betekenen/10644818.html	not-fetched	
Features	Read	Artificiality Book Awards 2025 plus a working library of past must-reads	Artificiality	https://journal.artificialityinstitute.org/artificiality-book-awards-2025/	fetched	about/2025--artificiality-book-awards-2025.md
Features	Read	Vishal Shanker Mathur picks his favourite read of 2025	Hindustan Times	https://www.hindustantimes.com/books/vishal-shanker-mathur-picks-his-favourite-read-of-2025-101766750915989.html	fetched	about/2025--hindustantimes-favourite-read-of-2025.md
Features	Read	My Top 3 Books of 2025	The Stranger	https://www.thestranger.com/books/2025/12/22/80381822/my-top-3-books-of-2025	fetched	about/2025--stranger-my-top-3-books-of-2025.md
Features	Read	Google fellow: AI doesn’t pretend to be intelligent. It is.	Big Think	https://bigthink.com/books/blaise-aguera-y-arcas/	fetched	by/2025--bigthink-ai-doesnt-pretend-to-be-intelligent.md
Features	Read	Is There Anything “Artificial” About Artificial Intelligence?	The Los Angeles Review of Books	https://lareviewofbooks.org/article/is-there-anything-artificial-about-artificial-intelligence/	fetched	about/2026--larb-is-there-anything-artificial-about-ai.md
Features	Read	The 82 Books That Top Business Leaders Couldn’t Put Down	Bloomberg	https://www.bloomberg.com/features/2025-best-books/	fetched	about/2025--bloomberg-82-books-top-business-leaders.md
Features	Read	Best books of 2025: Environment, Science and Technology	Financial Times	https://www.ft.com/content/af555e42-198c-45aa-adb8-3f21b1cb83c0	not-fetched	
Features	Read	Blaise Agüera y Arcas, the Google Researcher Questioning Machine Intelligence	Le Monde	https://www.lemonde.fr/economie/article/2025/11/14/blaise-aguera-y-arcas-le-chercheur-de-google-qui-s-interroge-sur-l-intelligence-des-machines_6653359_3234.html	not-fetched	
Features	Read	Is the essence of life computational?	Financial Times	https://www.ft.com/content/c2ebbbf7-09bd-493e-b021-e7bad04f8fa7	not-fetched	
Features	Read	Google’s silently leading cancer research, and decoding AI’s intersections	Neural Dispatch / Hindustan Times	https://httechnology.substack.com/p/neural-dispatch-googles-silently	fetched	about/2025--neural-dispatch-google-cancer-research-ai-intersections.md
Features	Read	What Isn’t Intelligence?	The Los Angeles Review of Books	https://lareviewofbooks.org/article/what-isnt-intelligence/	fetched	about/2025--larb-what-isnt-intelligence.md
Features	Read	The Daily Heller: Is Artificial Intelligence Truly Artificial?	Print Magazine	https://www.printmag.com/daily-heller/the-daily-heller-is-artificial-truly-artificial/	fetched	by/2025--printmag-daily-heller-is-artificial-truly-artificial.md
Features	Read	Thinking about AI in only negative terms seems a bit crazy to me	Télérama	https://www.telerama.fr/debats-reportages/penser-l-ia-en-termes-uniquement-negatifs-me-semble-un-peu-fou-entretien-avec-blaise-aguera-y-arcas-vice-president-de-google-research-7024296.php?	not-fetched	
Features	Read	Seattle’s Top AI Scientist Programs the Origins of Life	The Stranger	https://www.thestranger.com/books/2024/12/27/79845300/seattles-top-ai-scientist-programs-the-origins-of-life?	fetched	about/2024--stranger-seattles-top-ai-scientist-origins-of-life.md
Features	Read	Beyond the Brain	Atlantic Re:think	https://www.theatlantic.com/sponsored/google/beyond-the-brain/3944/	fetched	by/2025--atlantic-rethink-beyond-the-brain-interview.md
Features	Read	Life evolves. So do minerals. How about everything else?	Science	https://www.science.org/content/article/life-evolves-so-do-minerals-how-about-everything-else	fetched	about/2024--science-news-life-evolves-so-do-minerals.md
Features	Read	Is AI Really an Existential Threat to Humanity?	Mother Jones	https://www.motherjones.com/politics/2024/07/is-ai-really-an-existential-threat-to-humanity-interview-blaise-arcas/?utm_medium=social&utm_source=linktree&utm_campaign=is+ai+really+an+existential+threat+to+humanity%3F+%7C+mother+jones	fetched	by/2024--motherjones-is-ai-really-an-existential-threat.md
Features	Read	The Frontier Interview: Blaise Agüera y Arcas, “Who Are We Now?”	Frontier Magazine	https://magazine.frontier.is/the-frontier-interview-blaise-aguera-y-arcas-who-are-we-now/	fetched	by/2023--frontier-magazine-interview-who-are-we-now.md
Features	Read	The Daily Heller: The Ultimate Identity Crisis	Print Magazine	https://www.printmag.com/daily-heller/the-daily-heller-the-ultimate-identity-crisis/	fetched	by/2023--printmag-daily-heller-ultimate-identity-crisis.md
Features	Read	Who Are We Now? — an ‘engrossing and startling movie show’ of identity in America today	Financial Times	https://www.ft.com/content/4359b85b-c7bb-4548-bf0a-541e4143da13?	not-fetched	
Features	Read	Do Not Fear AI, Says Seattle-Based AI Expert and Philosopher Blaise Agüera y Arcas	The Stranger	https://www.thestranger.com/books/2023/12/18/79307254/do-not-fear-ai-says-seattle-based-ai-expert-and-philosopher-blaise-aguera-y-arcas	fetched	about/2023--stranger-do-not-fear-ai-profile.md
Features	Read	This author dispels the myth of ‘AI gaydar’	LGBTQ Nation	https://www.lgbtqnation.com/2023/11/this-author-dispels-the-myth-of-ai-gaydar/	not-fetched	
Features	Read	What New Data Reveals About Our Sex Lives	Psychology Today	https://www.psychologytoday.com/us/blog/the-elusive-brain/202311/what-does-data-tell-us-about-american-sex-lives	fetched	about/2023--psychologytoday-what-new-data-reveals-about-our-sex-lives.md
Podcasts	Listen	Should A.I. Move to Space?	Freakonomics Radio	https://freakonomics.com/podcast/should-a-i-move-to-space/	fetched	by/2026--freakonomics-should-ai-move-to-space.md
Podcasts	Listen	Our Machines Evolved From Us (with Blaise Agüera y Arcas and Carlo Rovelli)	Futurology	https://youtu.be/tDccIoz-SFI?si=fytMcntM9EfoLkx6	noted-in-video-md	
Podcasts	Listen	The Next Leap For Intelligence	Where The Internet Lives	https://datacenters.google/podcast/the-next-leap-for-intelligence/	noted-in-video-md	
Podcasts	Listen	Blaise Agüera y Arcas: why AI really is intelligent	Babbage	https://www.economist.com/podcasts/2025/11/26/blaise-aguera-y-arcas-why-ai-really-is-intelligent	noted-in-video-md	
Podcasts	Listen	AGI Symbiosis and the Arrow of Intelligence	The Trajectory with Dan Faggella	https://youtu.be/mAtjedPGmME?si=RmTlNiNM-n9EAs4s	noted-in-video-md	
Podcasts	Listen	Blaise Agüera y Arcas: What is Intelligence?	Closer To Truth	https://www.youtube.com/watch?v=qqhEEovtKgw	noted-in-video-md	
Podcasts	Listen	Google Researcher Shows Life  “Emerges From Code”	Machine Learning Street Talk	https://www.youtube.com/watch?v=rMSEqJ_4EBk	noted-in-video-md	
Podcasts	Listen	Can Machines Really Feel Joy or Is It Just Code?	Into The Impossible	https://youtu.be/h2egH3mVNRY?si=68EXMMNEYQMPAclP	noted-in-video-md	
Podcasts	Listen	Blaise Agüera y Arcas on AI, Consciousness, and the Concept of Intelligence	Responsible AI from The AI Forum	https://youtu.be/Rdx9zAwhnXg?si=RYDW_wDvauypmXeu	noted-in-video-md	
Podcasts	Listen	What AI can teach us about evolution, computing and the mind	KPCW Cool Science Radio	https://www.kpcw.org/show/cool-science-radio/2025-07-31/what-ai-can-teach-us-about-evolution-computing-and-the-mind	noted-in-video-md	
Podcasts	Listen	Can the artificial really be 'intelligent'? This researcher wants us to think bigger	KUOW Soundside	https://www.kuow.org/stories/can-the-artificial-really-be-intelligent-this-rese	noted-in-video-md	
Podcasts	Listen	Blaise Agüera y Arcas and Michael Levin: The Computational Foundations of Life and Intelligence	Artificiality	https://artificialityinstitute.org/blaise-aguera-y-arcas-and-michael-levin-the-computational-foundations-of-life-and-intelligence/?utm_medium=social&utm_source=linktree&utm_campaign=artificiality%3A+the+computational+foundations+of+life+and+intelligence	noted-in-video-md	
Podcasts	Listen	What Is Life? Round 2 with Blaise Agüera y Arcas	Invisible Machines	https://open.spotify.com/episode/52ulpacj0xEsy12giFiqL9?si=CMHwl2grRs62P3GJk_gbpw	noted-in-video-md	
Podcasts	Listen	Interspecies Thinking: AI and collective intelligence	Interspecies Future	https://open.spotify.com/episode/3q54wqlMGvAxOqaEhrCdbH?si=xVqrkBngQcK2nbMPRXPETg	noted-in-video-md	
Podcasts	Listen	LIFE	Disintegrator	https://open.spotify.com/episode/4f6Hhy2XMWIsawDmGBUMPH?si=V6aJ0VYcS32G4_vHjEkqAw	noted-in-video-md	
Podcasts	Listen	Blaise Agüera y Arcas on the Emergence of Replication and Computation	Sean Carroll's Mindscape Podcast	https://www.preposterousuniverse.com/podcast/2024/08/19/286-blaise-aguera-y-arcas-on-the-emergence-of-replication-and-computation/	fetched	by/2024--mindscape-286-emergence-of-replication-and-computation.md
Podcasts	Listen	What is artificial general intelligence?	Babbage	https://www.economist.com/podcasts/2024/09/04/what-is-artificial-general-intelligence?utm_campaign=shared_article	noted-in-video-md	
Podcasts	Listen	Are Our Tools Becoming Part of Us?	People I (Mostly) Admire	https://freakonomics.com/podcast/are-our-tools-becoming-part-of-us/	fetched	by/2024--people-i-mostly-admire-are-our-tools-becoming-part-of-us.md
Podcasts	Listen	The Data, The Divide, and The Future: A Conversation with Blaise Agüera y Arcas	Signal with Mory & Melissa	https://podcasts.apple.com/us/podcast/the-data-the-divide-and-the-future-a/id1600566734?i=1000645276345	noted-in-video-md	
Podcasts	Listen	Identity and Collective Intelligence	Invisible Machines	https://open.spotify.com/episode/4scx2QspGNqfKA6L6nZiCp?si=V1Pvs3xnTvS2v-9L63GE-A	noted-in-video-md	
Podcasts	Listen	Sex & Politics #22: Blaise Agüera y Arcas	Savage Lovecast	https://savage.love/lovecast/2023/08/24/sex-politics-22-blaise-aguera-y-arcas/	noted-in-video-md	
Podcasts	Listen	Will AI achieve consciousness?	Babbage	https://www.economist.com/podcasts/2022/08/16/will-ai-achieve-consciousness?utm_medium=social-media.content.np&utm_source=twitter&utm_campaign=editorial-social&utm_content=discovery.content	noted-in-video-md	
Podcasts	Listen	Debunking Myths in Technology: Intelligence, Survival, Sexuality with Blaise Agüera y Arcas	The Good Robot	https://open.spotify.com/episode/4Cs7tBUnEsxPmMrZ18Baar?si=zVAu9jCCQZeLo1yLVrxqNg	noted-in-video-md	
Podcasts	Listen	AI, Movable Type, & Federated Learning, with Blaise Agüera y Arcas	Carnegie Council Podcasts	https://carnegiecouncil.org/media/series/aiei/20220119-ai-movable-type-federated-learning-blaise-aguera-y-arcas	fetched	by/2022--carnegie-council-ai-movable-type-federated-learning.md
Podcasts	Listen	Social Intelligence with Blaise Agüera y Arcas	The TWIML AI Podcast	https://twimlai.com/podcast/twimlai/social-intelligence-blaise-aguera-y-arcas/	noted-in-video-md	
Podcasts	Listen	Daniel Dennett on the Evolution of the Mind, Consciousness and AI	Intelligence Squared	https://www.intelligencesquared.com/events/daniel-dennett-on-the-evolution-of-the-mind-consciousness-and-ai/	noted-in-video-md	
Podcasts	Listen	With Google powerhouse, Blaise Agüera y Arcas.	Savage Lovecast	https://savage.love/lovecast/2017/11/28/with-google-powerhouse-blaise-aguera-y-arcas/#.WsqqgmaZPBI	noted-in-video-md	
Podcasts	Listen	The Sex Robots are Coming!!!	Savage Lovecast Magnum	https://savage.love/lovecast/2016/11/22/the-sex-robots-are-coming/#.WD3sO6IrLBI	noted-in-video-md	
Essays & Op-Eds	Read	Agentic AI and the next intelligence explosion	By Blaise Agüera y Arcas, Benjamin Bratton and James Evans / Science | March 2026	https://www.science.org/doi/10.1126/science.aeg1895	fetched	by/2026--agentic-ai-next-intelligence-explosion.md
Essays & Op-Eds	Read	The Silicon Interior	By Blaise Agüera y Arcas, Benjamin Bratton and James Evans / Antikythera Substack | February 2026	https://antikythera.substack.com/p/the-silicon-interior	fetched	by/2026--antikythera-the-silicon-interior.md
Essays & Op-Eds	Read	What is the future of intelligence? The answer could lie in the story of its evolution	By Blaise Agüera y Arcas / Nature	https://www.nature.com/articles/d41586-025-03857-0	fetched	by/2025--nature-future-of-intelligence-evolution.md
Essays & Op-Eds	Read	Is Life a Form of Computation?	By Blaise Agüera y Arcas / The MIT Press Reader | September 2025	https://thereader.mitpress.mit.edu/is-life-a-form-of-computation/	fetched	by/2025--mitpress-reader-is-life-a-form-of-computation.md
Essays & Op-Eds	Read	Consciousness Across Three Worldviews	By Swami Sarvapriyananda, Blaise Agüera y Arcas and Carlo Rovelli / Noema Magazine | September 2025	https://www.noemamag.com/consciousness-across-three-worldviews/	fetched	by/2025--noema-consciousness-across-three-worldviews.md
Essays & Op-Eds	Read	Life, Intelligence, and Consciousness: A Functional Perspective	by Blaise Agüera y Arcas / Long Now Ideas | August 2025	https://longnow.org/ideas/life-intelligence-consciousness/	fetched	by/2025--longnow-life-intelligence-consciousness.md
Essays & Op-Eds	Read	AI Is Evolving — And Changing Our Understanding Of Intelligence	By Blaise Agüera y Arcas and James Manyika / Noema Magazine | April 2025	https://www.noemamag.com/ai-is-evolving-and-changing-our-understanding-of-intelligence/	fetched	by/2025--noema-ai-is-evolving-changing-understanding-intelligence.md
Essays & Op-Eds	Read	In the Beginning, There Was Computation	By Blaise Agüera y Arcas / Nautilus | August 2024	https://nautil.us/in-the-beginning-there-was-computation-787023/	fetched	by/2024--nautilus-in-the-beginning-there-was-computation.md
Essays & Op-Eds	Read	Our attitudes towards AI reveal how we really feel about human intelligence	By Blaise Agüera y Arcas / The Guardian | July 2024	https://www.theguardian.com/technology/article/2024/jul/03/ai-human-intelligence	fetched	by/2024--guardian-attitudes-towards-ai-human-intelligence.md
Essays & Op-Eds	Read	Artificial General Intelligence Is Already Here	By Blaise Agüera y Arcas and Peter Norvig / Noema Magazine | October 2023	https://www.noemamag.com/artificial-general-intelligence-is-already-here/	fetched	by/2023--noema-agi-is-already-here.md
Essays & Op-Eds	Read	Fears about AI’s existential risk are overdone, says a group of experts	By Blaise Agüera y Arcas / The Economist | July 2023	https://www.economist.com/by-invitation/2023/07/21/fears-about-ais-existential-risk-are-overdone-says-a-group-of-experts	fetched	by/2023--economist-fears-about-ai-existential-risk-overdone.md
Essays & Op-Eds	Read	The Illusion Of AI’s Existential Risk	By Blake Richards, Blaise Agüera y Arcas, Guillaume Lajoie and Dhanya Sridhar / Noema Magazine | July 2023	https://www.noemamag.com/the-illusion-of-ais-existential-risk/	fetched	by/2023--noema-illusion-of-ai-existential-risk.md
Essays & Op-Eds	Read	1011 theses on the concept of nonhuman intelligence	By Blaise Agüera y Arcas / Medium | September 2022	https://medium.com/@blaisea/1011-theses-on-the-concept-of-nonhuman-intelligence-7a4cf78d06e7	fetched	by/2022--medium-1011-theses-nonhuman-intelligence.md
Essays & Op-Eds	Read	Can machines learn how to behave?	By Blaise Agüera y Arcas / Medium | August 2022	https://medium.com/@blaisea/can-machines-learn-how-to-behave-42a02a57fadb	fetched	by/2022--medium-can-machines-learn-how-to-behave.md
Essays & Op-Eds	Read	The Model Is The Message	By Blaise Agüera y Arcas / Noema Magazine | July 2022	https://www.noemamag.com/the-model-is-the-message/	fetched	by/2022--noema-the-model-is-the-message.md
Essays & Op-Eds	Read	Artificial neural networks are making strides towards consciousness, according to Blaise Agüera y Arcas	By Blaise Agüera y Arcas / The Economist | June 2022	https://www.economist.com/by-invitation/2022/09/02/artificial-neural-networks-are-making-strides-towards-consciousness-according-to-blaise-aguera-y-arcas	not-fetched	
Essays & Op-Eds	Read	Do large language models understand us?	By Blaise Agüera y Arcas / Medium | December 2021	https://medium.com/@blaisea/do-large-language-models-understand-us-6f881d6d8e75	fetched	by/2021--medium-do-large-language-models-understand-us.md
Essays & Op-Eds	Read	Do algorithms reveal sexual orientation or just expose our stereotypes?	By Blaise Agüera y Arcas / Medium | January 2018	https://medium.com/@blaisea/do-algorithms-reveal-sexual-orientation-or-just-expose-our-stereotypes-d998fafdf477	fetched	by/2018--medium-do-algorithms-reveal-sexual-orientation.md
Essays & Op-Eds	Read	Physiognomy’s New Clothes	By Blaise Agüera y Arcas, Margaret Mitchell and Alexander Todorov / Medium | May 2017	https://medium.com/@blaisea/physiognomys-new-clothes-f2d4b59fdd6a	fetched	by/2017--medium-physiognomys-new-clothes.md
Essays & Op-Eds	Read	Art in the Age of Machine Intelligence	By Blaise Agüera y Arcas / Medium | February 2016	https://medium.com/artists-and-machine-intelligence/what-is-ami-ccd936394a83	fetched	by/2016--medium-art-in-the-age-of-machine-intelligence.md
