openalex_id	year	type	title	venue	doi	authors	oa_status	has_abstract	oa_url
W4298221090	1980	article	Psychoanalytic Politics: Freud's French Revolution	The Journal of Interdisciplinary History	https://doi.org/10.2307/203005	Robert L. Hoffman; Sherry Turkle	closed	False	
W2052534332	1980	article	Psychoanalytic Politics: Freud's French Revolution.	Social Forces	https://doi.org/10.2307/2578043	Jack Dash Harris; Sherry Turkle	closed	False	
W2056348780	1980	article	Computer as roschach	Society	https://doi.org/10.1007/bf02700055	Sherry Turkle	closed	False	
W2323459401	1980	article	Psychoanalytic Politics: Freud's French Revolution.	Contemporary Sociology A Journal of Reviews	https://doi.org/10.2307/2064278	Jerome Rabow; Sherry Turkle	closed	False	
W4240300337	1980	book-review	Book reviews	Theory and Society	https://doi.org/10.1007/bf00148358	Randall Collins; Robert McAulay; Sherry Turkle; Peter Beilharz	closed	False	
W2322016625	1980	article	Sociology of Knowledge	Political Psychology	https://doi.org/10.2307/3790975	Carl Pletsch; Sherry Turkle	closed	False	
W2912362145	1980	report	COMPUTERS AND PEOPLE: PERSONAL COMPUTATION	DSpace@MIT (Massachusetts Institute of Technology)		Sherry Turkle	green	True	https://dspace.mit.edu/bitstream/1721.1/149530/1/MIT-LCS-TR-249.pdf
W38219480	1980	article	Personal Computaion and Personal Meanings.	IFIP Congress		Sherry Turkle	closed	False	
W2801706447	1981	article	The New Philosophy and the Agony of Structuralism: Enter the Trojan Horse	Chicago Review	https://doi.org/10.2307/25305031	Sherry Turkle	closed	False	
W1976131243	1982	article	The Subjective Computer: A Study in the Psychology of Personal Computation	Social Studies of Science	https://doi.org/10.1177/030631282012002001	Sherry Turkle	closed	True	
W2321315333	1982	article	Psychoanalytic Politics: Freud's French Revolution	The Antioch Review	https://doi.org/10.2307/4611114	Dianne F. Sadoff; Sherry Turkle	closed	False	
W1522348266	1982	other	Psychoanalytic Politics: Jacques Lacan and Freud's French Revolution		https://doi.org/10.7551/mitpress/14367.001.0001	Sherry Turkle	closed	True	
W617705635	1982	book	La France freudienne	B. Grasset eBooks		Sherry Turkle; Yvonne Tenenbaum	closed	False	
W2290364805	1982	article	“MON ONCLE DE MARIENBAD:” SOCIOBIOLOGY COMES TO THE LAND OF THE STRUCTURALISTS	Contemporary French Civilization	https://doi.org/10.3828/cfc.1981-1982.6.1-2.005	Sherry Turkle	closed	False	
W2264655747	1983	article	L'ordinateur subjectif	DSpace (Centre National De La Recherche Scientifique)		Sherry Turkle	green	True	http://hdl.handle.net/2042/30900
W261863726	1984	article	El segundo yo: las computadoras y el espíritu humano	Dialnet (Universidad de la Rioja)		Sherry Turkle; Lidia Espinosa de Matheu; Horacio C. Reggini	closed	False	
W2626906955	1985	article	Second Self: Computers and the Human Spirit			Sherry Turkle	closed	False	
W2333107475	1985	article	Culture and Computers	American Quarterly	https://doi.org/10.2307/2712584	Joseph J. Corn; Jay David Bolter; Sherry Turkle	closed	False	
W2332521904	1985	article	The New Mind that is Not Yet a Mind	Contemporary Sociology A Journal of Reviews	https://doi.org/10.2307/2069162	Peter Lyman; Sherry Turkle	closed	False	
W2070269012	1986	article	The Second Self: Computers and the Human Spirit	Technology and Culture	https://doi.org/10.2307/3105353	Bonnie Kaplan; Sherry Turkle	closed	True	
W2095014448	1986	book-review	Book Reviews : The Second Self: Computers and the Human Spirit	Social Science Microcomputer Review	https://doi.org/10.1177/089443938600400229	Sherry Turkle	closed	True	
W2796537935	1986	article	Where Is Silicon Culture?	The Canadian Journal of Sociology	https://doi.org/10.2307/3340448	Ronald Schwartz; Everett M. Rogers; Judith K. Larsen; Michael Shallis; Sherry Turkle	diamond	False	https://doi.org/10.2307/3340448
W2311668619	1989	book	Artificial intelligence and psychoanalysis: a new alliance	Oxford University Press eBooks		Sherry Turkle	closed	True	
W1981807900	1990	article	Epistemological Pluralism: Styles and Voices within the Computer Culture	Signs	https://doi.org/10.1086/494648	Sherry Turkle; Seymour Papert	closed	False	
W21817695	1990	book-chapter	Style as Substance in Educational Computing		https://doi.org/10.1007/978-1-4757-4328-9_9	Sherry Turkle	closed	False	
W263658465	1990	book	Culture and Commentary : An Eighties Perspective	Smithsonian Institution eBooks		Kathy Halbreich; Maurice Culot; Vijak Mahdavi; Michael M. Thomas; Sherry Turkle; Simon Watney; Bernardo Nadal-Giard	closed	True	
W3135754424	1991	book-chapter	11. Romantic Reactions: Paradoxical Responses to the Computer Presence		https://doi.org/10.1525/9780520313118-014	Sherry Turkle	closed	False	
W1985161107	1992	article	Epistemological Pluralism and the Revaluation of the Concrete.	The Journal of Mathematical Behavior		Sherry Turkle; Seymour Papert	closed	False	
W2043541395	1992	article	Epistemological Pluralism: Styles and Voices Within the Computer Culture	Humanistic Mathematics Network Journal	https://doi.org/10.5642/hmnj.199201.07.08	Sherry Turkle; Seymour Papert	bronze	True	https://scholarship.claremont.edu/cgi/viewcontent.cgi?article=1094&context=hmnj
W17792743	1993	article	Styles and Voices	for the learning of mathematics		Sherry Turkle; Seymour Papert	closed	True	
W2015060504	1994	article	Constructions and reconstructions of self in virtual reality: Playing in the MUDs	Mind Culture and Activity	https://doi.org/10.1080/10749039409524667	Sherry Turkle	closed	True	
W3888233	1994	book	Hackers: loving the machine for itself	McGraw-Hill, Inc. eBooks		Sherry Turkle	closed	False	
W175167418	1995	book	Life on the Screen			Sherry Turkle	closed	False	
W1906375638	1995	article	Ghosts in the Machine	The Sciences	https://doi.org/10.1002/j.2326-1951.1995.tb03214.x	Sherry Turkle	closed	False	
W2488426723	1996	book-chapter	Parallel Lives: Working on Identity in Virtual Space		https://doi.org/10.4135/9781483327488.n10	Sherry Turkle	closed	False	
W2921130695	1996	article	Identidad en Internet	Dialnet (Universidad de la Rioja)		Sherry Turkle	closed	False	
W2487318799	1996	book-chapter	Künstliche Intelligenz und Psychoanalyse: eine neue Wahlverwandtschaft	Computerkultur	https://doi.org/10.1007/978-3-7091-9389-1_11	Sherry Turkle	closed	False	
W4253663493	1996	article	MUDdy Waters	The Women s Review of Books	https://doi.org/10.2307/4022424	J. Z. Grover; Sherry Turkle	closed	False	
W1495038747	1997	article	Life on the Screen: Identity in the Age of the Internet			Sherry Turkle	closed	True	
W2025558248	1997	article	Multiple Subjectivity and Virtual Community at the End of the Freudian Century	Sociological Inquiry	https://doi.org/10.1111/j.1475-682x.1997.tb00430.x	Sherry Turkle	closed	False	
W2619575480	1997	article	La vida en la pantalla: la construcción de la identidad en la era Internet	Dialnet (Universidad de la Rioja)		Sherry Turkle	closed	False	
W3135221146	1997	article	Computational Technologies and Images of the Self	Social Research: An International Quarterly		Sherry Turkle	closed	False	
W4253176960	1997	article	The Road to Utopia and Dystopia on the Information Highway	Contemporary Sociology A Journal of Reviews	https://doi.org/10.2307/2655085	Barry Wellman; William J. Mitchell; Harold Rheingold; Mark Slouka; Clifford Stoll; Allucquére Rosanne Stone; Sherry Turkle	closed	False	
W118890485	1997	book-chapter	Growing Up in the Culture of Simulation		https://doi.org/10.1007/978-1-4612-0685-9_7	Sherry Turkle	closed	False	
W3121202666	1998	article	Leben im Netz: Identitaet in Zeiten des Internet			Sherry Turkle; Thorsten Schmidt	closed	False	
W215862351	1998	article	Repensar la identidad de la comunidad virtual	El Paseante		Sherry Turkle	closed	False	
W4388337007	1998	book-chapter	Tinysex and Gender Trouble		https://doi.org/10.1093/oso/9780192892706.003.092	Sherry Turkle	closed	True	
W2314461353	1999	article	Cyberspace and Identity	Contemporary Sociology A Journal of Reviews	https://doi.org/10.2307/2655534	Sherry Turkle	closed	True	
W3106329555	2001	reference-entry	Human–Computer Interface	Elsevier eBooks	https://doi.org/10.1016/b0-08-043076-7/04333-3	Sherry Turkle	closed	False	
W75985105	2001	reference-entry	Virtual Reality, Psychology of	Elsevier eBooks	https://doi.org/10.1016/b0-08-043076-7/01426-1	Sherry Turkle	closed	False	
W1966827568	2003	article	From Powerful Ideas to PowerPoint	Convergence The International Journal of Research into New Media Technologies	https://doi.org/10.1177/135485650300900204	Sherry Turkle	closed	True	
W2033806064	2003	article	L'écran fragmenté	Sociétés	https://doi.org/10.3917/soc.079.0017	Sherry Turkle	bronze	True	https://www.cairn.info/load_pdf.php?ID_ARTICLE=SOC_079_0017&download=1
W119374320	2003	book-chapter	Expanding Human Cognition and Communication		https://doi.org/10.1007/978-94-017-0359-8_3	Jim Spohrer; Brian M. Pierce; Cherry A. Murray; Reginald G. Golledge; Robert E. Horn; Sherry Turkle; G. Yonas; Jessica Glicken Turnley; Jordan Pollack; Rudy Burger; Warren Robinett; Larry T. Wilson; William Sims Bainbridge; Javier Cantón; P. Kuekes; Jack M. Loomis; Peter Penz	closed	False	
W2212383174	2003	other	Technology and human vulnerability. A conversation with MIT's Sherry Turkle.	PubMed		Sherry Turkle	closed	True	
W4249290450	2003	book-chapter	Internet Interviewing		https://doi.org/10.4135/9781412984492.n12	Timo O. Alanko; Markku Kojo; Mika Liljeberg; Kimmo Raatikainen; Eric Anders; K. Aoki; A. Aycock; N. Buchignani; D. Bachmann; John Elfrink; Gary S. Vazzana; Maria Bannert; Paul Roland Arbinger; Nancy K. Baym; C. L. Bennett; Amy Bruckman; Byron Burkhalter; Jeffrey Е. Cohen; Pete Comley; Ross Coomber; Sarah Correll; Mick P. Couper; John D. Blair; Travis Triplett; John W. Creswell; R. H. Cutler; B. H. Davis; Jordan Brewer; Lynette C. Daws; Vitaly Dubrovsky; Sara Kiesler; Beheruz N. Sethna; Gillian A. Dunne; Nigel Fielding; Rachel M. Lee; Andrea Fontana; James H. Frey; Thomas Gaiser; Jolene Galegher; Lee Sproull; Sara Kiesler; Linda Garton; Caroline Haythornthwaite; Barry Wellman; W. Lawrence Gates; Myra Florence Giese; L. Gjestland; Kai Hahn; Linda Hantrais; M. N. Sen; Claire Hewson; D. Laurent; Carl Vogel; Peter Hodkinson; S. Horn; C. M. Kehoe; James E. Pitkow; A. Kennedy; Sara Kiesler; Jane Siegel; Treasure McGuire; Peter Kollock; Mike Smith; Cheris Kramarae; J. Kramer; Richard A. Krueger; M. Lea; Robert Spears; Rachel M. Lee; C. M. Mann; Fiona A. Stewart; Kara Matheson; Tim May; Margaret McLaughlin; Karen A. Osborne; Cora Smith; Rajesh Mehta; Eugene Sivadas; Miranda A. Moore; David L. Morgan; Karen L. Murphy; Michael Collins; David Moffat Myers; H. O Connor; Clare Madge; Lee D. Parker; Michelle Parks; Katherine Floyd; Andrew S. Patrick; Amanda Black; Tara Whalen; R. D. Reid; Ronald E. Rice; David A. Case; Anne Ryen; Debra T. Silverman; L. Sala; Guillermo Fanghänel Salmón; D. Schaefer; D. A. Dillman	closed	False	
W647685697	2003	book	스크린 위의 삶 = Life on the screen : identity in the age of the internet	민음사 eBooks		Sherry Turkle; 유식 최	closed	False	
W4233174645	2003	book-chapter	Virtuality and Its Discontents	The MIT Press eBooks	https://doi.org/10.7551/mitpress/7252.003.0021	Sherry Turkle	closed	False	
W1587873409	2004	article	Computational reticence: why women fear the intimate machine		https://doi.org/10.4324/9780203221938-6	Sherry Turkle	closed	True	
W1976587059	2004	article	Whither Psychoanalysis in Computer Culture?	Psychoanalytic Psychology	https://doi.org/10.1037/0736-9735.21.1.16	Sherry Turkle	closed	True	
W379515992	2004	article	HBR Articles 技術進歩は人間の心をどう変えたか IT社会の心理学	Diamondハーバード・ビジネス・レビュー		Sherry Turkle; 美紀 飯岡	closed	False	
W4238931540	2005	book	The Second Self	The MIT Press eBooks	https://doi.org/10.7551/mitpress/6115.001.0001	Sherry Turkle	closed	True	
W2548878807	2005	article	Adolescence and Identity: Finding Yourself in the Machine			Sherry Turkle	closed	True	
W2533612781	2005	article	Child Programmers: The First Generation			Sherry Turkle	closed	False	
W2536592601	2005	article	The New Philosophers of Artificial Intelligence: A Culture with Global Aspirations			Sherry Turkle	closed	True	
W2540856177	2005	article	The New Computer Cultures: The Mechanization of the Mind			Sherry Turkle	closed	False	
W2542294563	2005	article	Appendixes B: Children's Psychological Discourse: Methods and Data Summary			Sherry Turkle	closed	True	
W2543293622	2005	article	Epilogue (2004): Changing the Subject and Finding the Object			Sherry Turkle	closed	True	
W2544943908	2005	article	Appendixes A: On Method: A Sociology of Sciences of Mind			Sherry Turkle	closed	False	
W2546468804	2005	article	Child Philosophers: Are Smart Machines Alive?			Sherry Turkle	closed	True	
W2548296667	2005	article	Growing Up with Computers: The Animation of the Machine			Sherry Turkle	closed	False	
W2549447458	2005	article	Into a New Age			Sherry Turkle	closed	False	
W4244506259	2005	dataset	Relational artifacts and life-practice sociabilities: What "counts" as alive-enough to matter?	PsycEXTRA Dataset	https://doi.org/10.1037/e633942013-017	Sherry Turkle	closed	False	
W2155502425	2006	conference-paper	A sociable robot to encourage social interaction among the elderly		https://doi.org/10.1109/robot.2006.1642311	Cory D. Kidd; Will Taggart; Sherry Turkle	closed	True	
W1982887619	2006	article	Relational artifacts with children and elders: the complexities of cybercompanionship	Connection Science	https://doi.org/10.1080/09540090600868912	Sherry Turkle; Will Taggart; Cory D. Kidd; Olivia Dasté	bronze	True	https://www.tandfonline.com/doi/pdf/10.1080/09540090600868912?needAccess=true
W185356498	2006	article	Relational Artifacts/Children/Elders : The Complexities of CyberCompanions	Medical Entomology and Zoology		Sherry Turkle	closed	True	
W2060440455	2006	article	I'll have to ask my friends	The New Scientist	https://doi.org/10.1016/s0262-4079(06)60501-0	Liz Else; Sherry Turkle	closed	False	
W1968697026	2007	article	Authenticity in the age of digital companions	Interaction Studies Social Behaviour and Communication in Biological and Artificial Systems	https://doi.org/10.1075/is.8.3.11tur	Sherry Turkle	closed	True	
W1988196642	2007	article	The secret power of things we hold dear	The New Scientist	https://doi.org/10.1016/s0262-4079(07)61446-8	Sherry Turkle	closed	False	
W2482246634	2007	book-chapter	Ich bin Wir? (2001)	Cultural studies	https://doi.org/10.14361/9783839403396-046	Sherry Turkle	closed	False	
W1586086741	2007	article	MAS.962 Autism Theory and Technology, Spring 2007			Cynthia Breazeal; Rana el Kaliouby; Rosalind W. Picard; Sherry Turkle	closed	False	
W4232554054	2007	book-chapter	Ich bin Wir? (2001)	transcript Verlag eBooks	https://doi.org/10.1515/9783839403396-046	Sherry Turkle	closed	False	
W4235249586	2008	book-chapter	Always-On/Always-On-You: The Tethered Self	The MIT Press eBooks	https://doi.org/10.7551/mitpress/9780262113120.003.0010	Sherry Turkle	closed	True	
W2237011500	2008	article	Always-on/Always-on-you: The Thetered Self			Sherry Turkle	closed	False	
W174569433	2008	article	The Inner History of Devices			Sherry Turkle	closed	True	
W565177869	2008	article	Falling for science : objects in mind			Sherry Turkle	closed	True	
W2415529169	2008	article	Falling for Science: Objects in Mind (Representation and Mind Series)			Sherry Turkle	closed	True	
W2547364075	2008	article	The Visible Human			Sherry Turkle	closed	False	
W2554992916	2008	article	The Dialysis Machine			Sherry Turkle	closed	False	
W2539643016	2008	article	Through Clinical Practice			Sherry Turkle	closed	True	
W2543140353	2008	article	The World Wide Web			Sherry Turkle	closed	False	
W2545087027	2008	article	Reading the Inner History of Devices			Sherry Turkle	closed	False	
W2548737200	2008	article	The Prosthetic Eye			Sherry Turkle	closed	True	
W51452500	2008	article	A Passion for Objects.	The chronicle of higher education		Sherry Turkle	closed	False	
W4381547784	2008	book-chapter	Always-On/Always-On-You: The Tethered Self	The MIT Press eBooks	https://doi.org/10.7551/mitpress/7445.003.0013	Sherry Turkle	closed	False	
W1667686981	2008	article	Fronteiras do real e do virtual	Revista FAMECOS	https://doi.org/10.15448/1980-3729.1999.11.3057	Sherry Turkle Federico Casalegno	diamond	True	https://revistaseletronicas.pucrs.br/ojs/index.php/revistafamecos/article/download/3057/2335
W4299961274	2009	book	Simulation and Its Discontents	The MIT Press eBooks	https://doi.org/10.7551/mitpress/8200.001.0001	Sherry Turkle	closed	True	
W2201662438	2009	book	Simulation and Its Discontents: Simplicity: Design, Technology, Business, Life	The MIT Press eBooks		Sherry Turkle	closed	True	
W2937563969	2009	article	La vita nascosta degli oggetti tecnologici			Sherry Turkle	closed	False	
W2547813422	2010	book-chapter	In good company?	Natural language processing	https://doi.org/10.1075/nlp.8.03tur	Sherry Turkle	closed	True	
W2983851385	2010	article	In good company			Sherry Turkle	closed	True	
W4416477241	2010	article	Computerspiele als evokative Objekte. Von Projektionsflächen zu relationalen Artefakten	WestEnd	https://doi.org/10.5771/1860-2177-2010-2-62	Sherry Turkle	closed	False	
W1562091962	2011	article	The Tethered Self: Technology Reinvents Intimacy and Solitude	Continuing higher education review		Sherry Turkle	closed	True	
W1607867388	2011	book-chapter	Authenticity in the Age of Digital Companions	Cambridge University Press eBooks	https://doi.org/10.1017/cbo9780511978036.008	Sherry Turkle	closed	True	
W2008237873	2011	article	Don't be seduced by sociable machines	The New Scientist	https://doi.org/10.1016/s0262-4079(11)60101-2	Sherry Turkle	closed	False	
W2955475463	2011	article	Il disagio della simulazione			Sherry Turkle	closed	False	
W4233605114	2011	dataset	Cyber Intimacy &amp; Cyber Solitude, presented at the Psychotherapy Networker Symposium, March 25, 2011, Washington, DC	PsycEXTRA Dataset	https://doi.org/10.1037/e563272012-001	Sherry Turkle	closed	False	
W2592876863	2012	dataset	Sherry Turkle: Connected, but alone?	PsycEXTRA Dataset	https://doi.org/10.1037/e547002012-001	Sherry Turkle	closed	False	
W4256537603	2013	book-chapter	Faut-il avoir peur des écrans ?	Doin eBooks	https://doi.org/10.3917/jle.huerr.2013.01.0133	Sherry Turkle; Lise Haddouk; Hélène Poirier	closed	False	
W2282778843	2014	article	En buena compañía	Letras libres		Sherry Turkle	closed	False	
W2565172026	2016	article	In Tribute to John Forrester (1949–2015)	American imago	https://doi.org/10.1353/aim.2016.0026	Maud Ellmann; Sherry Turkle; Daniel Pick	closed	True	
W4234016734	2016	book-chapter	8. Object Lessons	New York University Press eBooks	https://doi.org/10.18574/nyu/9780814741405.003.0009	Sherry Turkle	closed	False	
W27882467	2017	book-chapter	How Computers Change the Way We Think		https://doi.org/10.4324/9781351154161-1	Sherry Turkle	closed	True	
W2608060296	2017	article	Afterword: Reclaiming Psychoanalysis: Sherry Turkle in Conversation With the Editors	Psychoanalytic Perspectives	https://doi.org/10.1080/1551806x.2017.1304122	Sherry Turkle; Todd Essig; Gillian Isaacs Russell	closed	True	
W2963734156	2017	book-chapter	Empathy machines		https://doi.org/10.4324/9781315159683-3	Sherry Turkle	closed	True	
W2792620864	2018	article	Rivendicare la psicoanalisi. Sherry Turkle dialoga con gli editori	PSICOANALISI	https://doi.org/10.3280/psi2017-002008	Sherry Turkle; Todd Essing; Gillian Isaacs Russel	closed	False	
W2887532584	2018	article	« En parlant aux machines, nous perdons notre humanité »	Hermès	https://doi.org/10.3917/herm.080.0230	Sherry Turkle; Françoise Wirth	bronze	True	https://www.cairn.info/load_pdf.php?ID_ARTICLE=HERM_080_0230&download=1
W3130270056	2018	article	« En parlant aux machines, nous perdons notre humanité » (entretien)	DSpace (Centre National De La Recherche Scientifique)		Sherry Turkle	closed	False	
W4239291000	2018	other	Foreword		https://doi.org/10.7551/mitpress/10503.003.0001	Sherry Turkle	closed	False	
W2969623502	2019	article	Empathie-Maschinen	PSYCHE	https://doi.org/10.21706/ps-73-9-726	Sherry Turkle	closed	True	
W3081942917	2019	book-chapter	5. The Fellowship of the Microchip: Global Technologies as Evocative Objects		https://doi.org/10.1525/9780520930964-007	Sherry Turkle	closed	False	
W3080181123	2020	book-chapter	A Nascent Robotics Culture: New Complicities for Companionship		https://doi.org/10.4324/9781003074991-12	Sherry Turkle	closed	True	
W4244664881	2020	book-chapter	2. Symbol and Festival in the French Student Uprising (May-June 1968)	Cornell University Press eBooks	https://doi.org/10.7591/9781501737268-006	Sherry Roxanne Turkle	closed	False	
W3195908005	2021	book	The Empathy Diaries: A Memoir			Sherry Turkle	closed	False	
W3202422034	2021	book-chapter	The Year of Not Living Thickly	Princeton University Press eBooks	https://doi.org/10.1515/9780691230955-012	Sherry Turkle	closed	False	
W4205373131	2021	book-chapter	THE YEAR OF NOT LIVING THICKLY	Princeton University Press eBooks	https://doi.org/10.2307/j.ctv1ks0cb1.14	Sherry Turkle	closed	False	
W7127570533	2021	other	Postmodern Stress Disorder: Rewired for Violence?		https://doi.org/10.5040/9798216423508.ch-10	Sigmund Freud; Freud Sigmund; S. Turkle; Sherry Turkle	closed	False	
W4284994022	2022	article	Living the In-Between with Victor Turner's The Ritual Process: The Ritual Process: Structure and Anti-Structure, Victor Turner	Social research	https://doi.org/10.1353/sor.2022.0034	Sherry Turkle	closed	True	
W4367314974	2023	book-chapter	Always-On/Always-on-You: The Tethered Self		https://doi.org/10.4324/9781003320609-64	Sherry Turkle	closed	True	
W4410652060	2023	other	The empathy gap		https://doi.org/10.5040/9798881817862.ch-24	Sherry Turkle	closed	False	
W4390147558	2023	article	Lacan: A Second Chance In America, November 1975	Journal of the American Psychoanalytic Association	https://doi.org/10.1177/00030651231212137	Sherry Turkle	closed	False	
W4392214699	2024	book	Psychoanalytic Politics	The MIT Press eBooks	https://doi.org/10.7551/mitpress/14367.001.0001	Sherry Turkle	bronze	True	https://direct.mit.edu/books/monograph/5803/bookpreview-pdf/2462450
W4393129193	2024	book-chapter	Romantic Reactions:		https://doi.org/10.2307/jj.13167945.16	Sherry Turkle	closed	False	
W4396906142	2024	book-chapter	TANGLING WITH FREUD IN A POST-FREUDIAN WORLD	Princeton University Press eBooks	https://doi.org/10.2307/jj.8784657.19	Sherry Turkle	closed	False	
W4396962532	2024	book-chapter	TANGLING WITH FREUD IN A POST-FREUDIAN WORLD	Princeton University Press eBooks	https://doi.org/10.1515/9780691242446-017	Sherry Turkle	closed	False	
W4393229435	2024	article	Who Do We Become When We Talk to Machines?		https://doi.org/10.21428/e4baedd9.caa10d84	Sherry Turkle	gold	True	https://mit-genai.pubpub.org/pub/uawlth3j/download/pdf
W4407152917	2025	book-chapter	Who Do We Become When We Talk to Machines?	Frontiers in artificial intelligence and applications	https://doi.org/10.3233/faia241477	Sherry Turkle	closed	False	
