openalex_id	year	type	title	venue	doi	oa_status	cited_by_count
W7139117155	2026	article	Agentic AI and the next intelligence explosion	Science	https://doi.org/10.1126/science.aeg1895	closed	4
W7127308595	2026	book	The Stack	The MIT Press eBooks	https://doi.org/10.7551/mitpress/16135.001.0001	bronze	0
W7140189475	2026	preprint	Agentic AI and the next intelligence explosion	arXiv (Cornell University)	https://doi.org/10.48550/arxiv.2603.20639	green	0
W7140346868	2026	preprint	Agentic AI and the next intelligence explosion	arXiv (Cornell University)		green	0
W7165111317	2026	book-review	The Stack: On Software and Sovereignty by Benjamin H. Bratton	Technology|Architecture + Design	https://doi.org/10.1080/24751448.2026.2638733	closed	0
W4410067949	2025	article	After Alignment		https://doi.org/10.1162/anti.5czy	closed	1
W4410067960	2025	article	A Speculative Philosophy of Planetary Computation		https://doi.org/10.1162/anti.5cze	closed	1
W4410067916	2025	article	For a General Theory of Simulations		https://doi.org/10.1162/anti.5czz	closed	0
W4410067928	2025	article	57 Ideas on Cognitive Infrastructures: Synthetic Intelligence in the Wild		https://doi.org/10.1162/anti.5czh	closed	0
W4410067933	2025	article	Antikythera		https://doi.org/10.1162/anti.5cz9	closed	0
W4416374155	2025	article	The Noocene: Computation and Cosmology from Antikythera to AI		https://doi.org/10.1162/anti.5d05	closed	0
W4416374198	2025	article	Planetary Sapience Symposium		https://doi.org/10.1162/anti.5d0a	closed	0
W4416374201	2025	article	Hemispherical Stacks		https://doi.org/10.1162/anti.5d06	closed	0
W4281899246	2022	book-chapter	The Terraforming	RIBA Publishing eBooks	https://doi.org/10.4324/9781003297338-4	closed	1
W3126579370	2021	article	AI urbanism: a design framework for governance, program, and platform cognition	AI & Society	https://doi.org/10.1007/s00146-020-01121-9	closed	29
W4200065956	2021	article	« Nouvel ordre du monde »	Multitudes	https://doi.org/10.3917/mult.085.0085	green	3
W4200190883	2021	article	O antropolizie. Tłum. Jakub Wolak	Praktyka Teoretyczna	https://doi.org/10.14746/prt.2021.3.8	diamond	1
W4200325333	2021	article	La Couche sensorielle	Critique d’art	https://doi.org/10.4000/critiquedart.85295	bronze	0
W4417007238	2021	book-chapter	Le métabolisme artificiel	Presses universitaires de Paris Nanterre eBooks	https://doi.org/10.4000/159wg	bronze	0
W4417007242	2021	book-chapter	L’automation comme écologie	Presses universitaires de Paris Nanterre eBooks	https://doi.org/10.4000/159we	closed	0
W4417007251	2021	book	La Terraformation 2019	Presses universitaires de Paris Nanterre eBooks	https://doi.org/10.4000/159wi	green	0
W4417007258	2021	book-chapter	Préface : La terraformation	Presses universitaires de Paris Nanterre eBooks	https://doi.org/10.4000/159wb	closed	0
W4417007260	2021	book-chapter	Le plan artificiel	Presses universitaires de Paris Nanterre eBooks	https://doi.org/10.4000/159wd	closed	0
W4417007266	2021	book-chapter	L’arche russe, le parc russe	Presses universitaires de Paris Nanterre eBooks	https://doi.org/10.4000/159wk	closed	0
W4417007277	2021	book-chapter	Planetarnost	Presses universitaires de Paris Nanterre eBooks	https://doi.org/10.4000/159wh	closed	0
W4417007279	2021	book-chapter	L’étoile noire	Presses universitaires de Paris Nanterre eBooks	https://doi.org/10.4000/159wc	closed	0
W4417007280	2021	book-chapter	Le régime : All your Base	Presses universitaires de Paris Nanterre eBooks	https://doi.org/10.4000/159wf	closed	0
W4417007283	2021	book-chapter	Ours	Presses universitaires de Paris Nanterre eBooks	https://doi.org/10.4000/159wl	closed	0
W2908614904	2019	article	Further Trace Effects of the Post‐Anthropocene	Architectural Design	https://doi.org/10.1002/ad.2382	closed	14
W4253980278	2019	book-chapter	Épigraphe		https://doi.org/10.4000/books.ugaeditions.11977	closed	1
W3015633678	2019	book	Le Stack		https://doi.org/10.4000/books.ugaeditions.11872	closed	3
W3015307286	2019	book-chapter	Le Stack à venir		https://doi.org/10.4000/books.ugaeditions.12002	gold	0
W3015682900	2019	book-chapter	Le Stack noir		https://doi.org/10.4000/books.ugaeditions.12007	gold	0
W3016062778	2019	book-chapter	Plateforme et Stack, modèle et machine		https://doi.org/10.4000/books.ugaeditions.11992	gold	0
W3016137084	2019	book-chapter	Le nomos du Cloud		https://doi.org/10.4000/books.ugaeditions.11987	closed	0
W4234874615	2019	book-chapter	Crédits		https://doi.org/10.4000/books.ugaeditions.11962	closed	0
W4234907676	2019	book-chapter	Glossaire		https://doi.org/10.4000/books.ugaeditions.12012	closed	0
W4246714374	2019	paratext	Remerciements		https://doi.org/10.4000/books.ugaeditions.11957	closed	0
W4246892922	2019	book-chapter	Préface		https://doi.org/10.4000/books.ugaeditions.11967	closed	0
W4252257884	2019	book-chapter	Introduction		https://doi.org/10.4000/books.ugaeditions.11982	gold	0
W4253212888	2018	book-chapter	On Anthropolysis	University of Minnesota Press eBooks	https://doi.org/10.5749/j.ctt1zctt3b.46	closed	1
W3108624808	2017	book	The New Normal			closed	1
W2969204580	2017	article	The New Normative interview	Volume !		closed	0
W2406607025	2016	article	The Stack: On Software and Sovereignty	Project Muse (Johns Hopkins University)		closed	788
W4230627604	2016	book	The Stack	The MIT Press eBooks	https://doi.org/10.7551/mitpress/9780262029575.001.0001	closed	541
W2523387914	2016	book-chapter	The Black Stack	The MIT Press eBooks	https://doi.org/10.7551/mitpress/9780262029575.003.0011	closed	13
W2552183778	2016	article	Bad Mood: On Design and ‘Empathy’	Architectural Design	https://doi.org/10.1002/ad.2117	closed	3
W2522510330	2016	book-chapter	Platform and Stack, Model and Machine	The MIT Press eBooks	https://doi.org/10.7551/mitpress/9780262029575.003.0003	closed	2
W2521107098	2016	book-chapter	The Nomos of the Cloud	The MIT Press eBooks	https://doi.org/10.7551/mitpress/9780262029575.003.0002	closed	1
W2521416023	2016	book-chapter	The Stack to Come	The MIT Press eBooks	https://doi.org/10.7551/mitpress/9780262029575.003.0010	closed	1
W4238718473	2016	book-chapter	Interface Layer	The MIT Press eBooks	https://doi.org/10.7551/mitpress/9780262029575.003.0008	closed	1
W4251493930	2016	book-chapter	Introduction	The MIT Press eBooks	https://doi.org/10.7551/mitpress/9780262029575.003.0001	closed	1
W4255160696	2016	book-chapter	Earth Layer	The MIT Press eBooks	https://doi.org/10.7551/mitpress/9780262029575.003.0004	closed	1
W2566452714	2016	article	On Automation in The Stack	Volume !		closed	0
W2606891586	2016	article	An accidental megastructure	Volume !		closed	0
W4243464136	2016	book-chapter	Address Layer	The MIT Press eBooks	https://doi.org/10.7551/mitpress/9780262029575.003.0007	closed	0
W4246017191	2016	book-chapter	User Layer	The MIT Press eBooks	https://doi.org/10.7551/mitpress/9780262029575.003.0009	closed	0
W4246724301	2016	book-chapter	Cloud Layer	The MIT Press eBooks	https://doi.org/10.7551/mitpress/9780262029575.003.0005	closed	0
W4250045438	2016	book-chapter	City Layer	The MIT Press eBooks	https://doi.org/10.7551/mitpress/9780262029575.003.0006	closed	0
W2942422094	2015	book-chapter	Outing Artificial Intelligence. Reckoning with Turing Tests	MEDIAREP	https://doi.org/10.25969/mediarep/1282	green	18
W2492055256	2015	book-chapter	Cloud Megastructures and Platform Utopias	Palgrave Macmillan US eBooks	https://doi.org/10.1057/9781137414182_2	closed	4
W4240204227	2015	book-chapter	Cloud Megastructures and Platform Utopias	Palgrave Macmillan eBooks	https://doi.org/10.1057/9781137414182.0008	closed	1
W3008685574	2015	other	Parametricist architecture would be a good idea		https://doi.org/10.5040/9781474256230.ch-005	closed	0
W4253594797	2014	book-chapter	On Apps and Elementary Forms of Interfacial Life: Object, Image, Superimposition	The MIT Press eBooks	https://doi.org/10.7551/mitpress/9820.003.0006	closed	6
W3036050798	2014	article	Benjamin Bratton — The Stack: Design and Geopolitics in the Age of Planetary-Scale Computing			closed	1
W2517859213	2014	article	A conversation with: Benjamin H. Bratton	Journal of Landscape Architecture		closed	0
W4242925324	2013	book-chapter	11. What We Do is Secrete: On Virilio, Planetarity and Data Visualisation	Edinburgh University Press eBooks	https://doi.org/10.1515/9780748654468-014	closed	1
W4410045592	2012	book-chapter	Root the Earth	Punctum Books	https://doi.org/10.21983/p3.0017.1.04	closed	0
W6722785	2011	article	Deep Address, The Cloud, The Stack			closed	0
W2146886091	2009	article	On Geoscapes and the Google Caliphate	Theory Culture & Society	https://doi.org/10.1177/0263276409349826	closed	22
W4254937671	2009	article	iPhone City	Architectural Design	https://doi.org/10.1002/ad.923	closed	12
W2037338070	2008	article	FEATUREWhat do we mean by "Program"?	interactions	https://doi.org/10.1145/1353782.1353785	closed	9
W2164889530	2007	article	Notes on Designing Surficial Elegance	Architectural Design	https://doi.org/10.1002/ad.403	closed	0
W2083974446	2006	article	Treatment 1: Notes from an Informal Discussion on Interinstitutional Design Research and Image Production	Architectural Design	https://doi.org/10.1002/ad.332	closed	0
W2978673318	2002	article	Accounting for Pervasive Computing. (Features)	Comparative technology transfer and society		closed	0
W4293095787	2002	article	Accounting for Pervasive Computing	Afterimage	https://doi.org/10.1525/aft.2002.30.1.13	closed	0
W2050299187	1997	book-review	Book Reviews : The Closed World: Computers and the Politics of Discourse in Cold War America. Paul N. Edwards. Cambridge, MA: MIT Press, 1996. 440 pp., $40.00 (hardcover	Social Science Computer Review	https://doi.org/10.1177/089443939701500412	closed	0
W1969405851	1985	article	A comparison of four empathy instruments in simulated patient-medical student interactions	Academic Medicine	https://doi.org/10.1097/00001888-198507000-00006	closed	39
