openalex_id	year	type	title	venue	doi	cited_by	is_oa	oa_url	has_fulltext
W7155081596	2026	article	Are Scientists Naïve Humans?	Computational Brain & Behavior	https://doi.org/10.1007/s42113-026-00296-6	0	no		no
W7126223431	2026	article	Augmenting large language models with psychologically grounded models of causal reasoning for planning under uncertainty	Frontiers in Artificial Intelligence	https://doi.org/10.3389/frai.2025.1730614	1	yes	https://public-pages-files-2025.frontiersin.org/journals/artificial-intelligence/articles/10.3389/frai.2025.1730614/pdf	yes
W7125699916	2026	article	Do We Appeal to the Knowledge of Our Political Rivals?	Cognitive Science	https://doi.org/10.1111/cogs.70177	0	no		no
W7125910357	2026	peer-review	Review of: "Free Will: Reality and Perception"		https://doi.org/10.32388/bwh0k3	0	yes	https://www.qeios.com/read/BWH0K3/pdf	yes
W4410571508	2025	article	A comparison of methods to elicit causal structure	Frontiers in Cognition	https://doi.org/10.3389/fcogn.2025.1544387	1	yes	https://www.frontiersin.org/journals/cognition/articles/10.3389/fcogn.2025.1544387/pdf	yes
W4415208754	2025	article	Effects of scarcity on women’s cognitive ability to manage mental health and substance use after prison release	Scientific Reports	https://doi.org/10.1038/s41598-025-19736-7	1	yes	https://www.nature.com/articles/s41598-025-19736-7.pdf	yes
W7154628539	2025	other	Label Entrenchment Heuristic in Political Communities	Underline Science Inc.	https://doi.org/10.48448/dd6t-rp86	0	yes	https://doi.org/10.48448/dd6t-rp86	no
W4413925202	2025	conference-paper	Robot Planning Under Uncertainty for Object Assembly and Troubleshooting Using Human Causal Models		https://doi.org/10.1109/icra55743.2025.11128040	1	no		no
W4410538623	2025	book	The Cost of Conviction	The MIT Press eBooks	https://doi.org/10.7551/mitpress/15359.001.0001	0	no		no
W7116346218	2025	article	Zero-sum bias in politicized problem solving	Cognition	https://doi.org/10.1016/j.cognition.2025.106408	1	yes	https://doi.org/10.1016/j.cognition.2025.106408	no
W4404133726	2024	conference-paper	Invited: Using Causal Information to Enable More Efficient Robot Operation		https://doi.org/10.1145/3649329.3663514	2	yes	https://doi.org/10.1145/3649329.3663514	no
W4401176186	2024	article	Kahneman in Quotes and Reflections	Psychological Inquiry	https://doi.org/10.1080/1047840x.2024.2366813	0	yes	https://durham-repository.worktribe.com/output/3105617	no
W4399431802	2024	preprint	Kahneman in quotes and reflections		https://doi.org/10.31234/osf.io/m4c7f	0	yes	https://osf.io/m4c7f/download	no
W4411031153	2024	preprint	Kahneman in quotes and reflections		https://doi.org/10.31234/osf.io/m4c7f_v1	0	yes	https://osf.io/m4c7f_v1/download	yes
W4392717060	2024	article	Radical Collective Intelligence and the Reimagining of Cognitive Science	Topics in Cognitive Science	https://doi.org/10.1111/tops.12727	5	yes	https://onlinelibrary.wiley.com/doi/pdfdirect/10.1111/tops.12727	yes
W4401910897	2024	preprint	Sacred Investments: The Influence of Framing on Investment Decisions	SSRN Electronic Journal	https://doi.org/10.2139/ssrn.4938388	0	yes	http://doi.org/10.2139/ssrn.4938388	no
W4385752257	2023	article	Communities of Knowledge in Trouble	Perspectives on Psychological Science	https://doi.org/10.1177/17456916231187997	3	no		no
W4353085455	2023	article	Deepfakes: Vehicles for Radicalization, Not Persuasion	Current Directions in Psychological Science	https://doi.org/10.1177/09637214231161321	15	no		no
W4384993297	2023	article	Not so simple! Causal mechanisms increase preference for complex explanations	Cognition	https://doi.org/10.1016/j.cognition.2023.105551	10	yes	https://discovery.ucl.ac.uk/10174595/1/Not%20so%20simple%20-%20Zemla%20et%20al%202023.pdf	yes
W4214519545	2022	conference-abstract	Anecdotes Ushered in Marijuana Legalization: A Machine Learning-aided Big Data Analysis of Reddit Discourse (2008-2019)		https://doi.org/10.26828/cannabis.2022.01.000.11	0	yes	https://doi.org/10.26828/cannabis.2022.01.000.11	no
W4220722273	2022	book-chapter	Causal Bayes Nets as Psychological Theory	ACM eBooks	https://doi.org/10.1145/3501714.3501758	0	no		no
W4280541851	2022	article	Causal reasoning without mechanism	PLoS ONE	https://doi.org/10.1371/journal.pone.0268219	7	yes	https://journals.plos.org/plosone/article/file?id=10.1371/journal.pone.0268219&type=printable	yes
W4319992063	2022	preprint	Gathering Strength, Gathering Storms: The One Hundred Year Study on Artificial Intelligence (AI100) 2021 Study Panel Report	arXiv (Cornell University)	https://doi.org/10.48550/arxiv.2210.15767	142	yes	https://arxiv.org/pdf/2210.15767	yes
W4229049635	2022	article	Is political extremism supported by an illusion of understanding?	Cognition	https://doi.org/10.1016/j.cognition.2022.105146	15	no		no
W4285987574	2022	article	Knowledge overconfidence is associated with anti-consensus views on controversial scientific issues	Science Advances	https://doi.org/10.1126/sciadv.abo0038	82	yes	https://www.science.org/doi/pdf/10.1126/sciadv.abo0038?download=true	yes
W4285255838	2022	preprint	Not so Simple! Mechanisms Increase Preference for Complex Explanations	SSRN Electronic Journal	https://doi.org/10.2139/ssrn.4130789	3	yes	https://doi.org/10.2139/ssrn.4130789	no
W4308834130	2022	conference-paper	Problematic and Persistent Post-Secondary Program Performance Preconceptions		https://doi.org/10.1145/3564721.3564722	1	no		no
W4293229186	2022	article	Some collaborations just are not worth it. Comment on Clark et al.	Journal of Applied Research in Memory and Cognition	https://doi.org/10.1037/mac0000008	0	no		no
W4229456609	2022	article	Strategy games to improve environmental policymaking	Nature Sustainability	https://doi.org/10.1038/s41893-022-00881-0	48	yes	https://www.nature.com/articles/s41893-022-00881-0.pdf	yes
W3212565391	2021	preprint	A Novel Corpus of Discourse Structure in Humans and Computers	arXiv (Cornell University)	https://doi.org/10.48550/arxiv.2111.05940	0	yes	https://arxiv.org/pdf/2111.05940	yes
W3136371975	2021	article	Are voters influenced by the results of a consensus conference?	Behavioural Public Policy	https://doi.org/10.1017/bpp.2021.2	6	yes	https://www.cambridge.org/core/services/aop-cambridge-core/content/view/F918F261199863D47FE4F2A7934AD0D8/S2398063X21000026a.pdf/div-class-title-are-voters-influenced-by-the-results-of-a-consensus-conference-div.pdf	no
W3193565221	2021	preprint	Before the Next COP: How to Stop Missing our Environmental Policy Targets	Preprints.org	https://doi.org/10.20944/preprints202108.0326.v1	0	yes	https://www.preprints.org/manuscript/202108.0326/v1/download	yes
W3184514595	2021	article	Can computers tell a story? Discourse Structure in Computer-generated Text and Humans	eScholarship (California Digital Library)		0	yes	https://escholarship.org/uc/item/2276k59j	no
W3136201440	2021	article	Choices We Make in Times of Crisis	Sustainability	https://doi.org/10.3390/su13063578	13	yes	https://www.mdpi.com/2071-1050/13/6/3578/pdf?version=1616581798	yes
W3162579636	2021	article	Cognitive Neuroscience Meets the Community of Knowledge	Frontiers in Systems Neuroscience	https://doi.org/10.3389/fnsys.2021.675127	27	yes	https://www.frontiersin.org/articles/10.3389/fnsys.2021.675127/pdf	yes
W4247182420	2021	preprint	Cognitive Neuroscience Meets the Community of Knowledge		https://doi.org/10.31234/osf.io/vsf73	4	yes	https://doi.org/10.31234/osf.io/vsf73	no
W4409656945	2021	preprint	Cognitive Neuroscience Meets the Community of Knowledge		https://doi.org/10.31234/osf.io/vsf73_v1	0	yes	https://doi.org/10.31234/osf.io/vsf73_v1	no
W3168489428	2021	article	Evidence against risk as a motivating driver of COVID-19 preventive behaviors in the United States	Journal of Health Psychology	https://doi.org/10.1177/13591053211024726	15	no		no
W3214004402	2021	article	How Do We Believe?	Topics in Cognitive Science	https://doi.org/10.1111/tops.12580	12	yes	https://onlinelibrary.wiley.com/doi/pdfdirect/10.1111/tops.12580	yes
W3157154514	2021	article	How People Judge Institutional Corruption	OpenCommons at University of Connecticut (University of Connecticut)		1	yes	https://opencommons.uconn.edu/cgi/viewcontent.cgi?article=1445&context=law_review	no
W3186332754	2021	article	Narratives of Consensus: a Decade of Reddit Discourse on Marijuana Legalization	eScholarship (California Digital Library)		0	yes	https://escholarship.org/uc/item/6cs7m36w	no
W3158964620	2021	article	Regular and random judgements are not two sides of the same coin: Both representativeness and encoding play a role in randomness perception	Psychonomic Bulletin & Review	https://doi.org/10.3758/s13423-021-01934-9	7	yes	https://link.springer.com/content/pdf/10.3758/s13423-021-01934-9.pdf	yes
W3186586812	2021	article	The Anatomy of Discourse: Linguistic Predictors of Narrative and Argument Quality	eScholarship (California Digital Library)		0	yes	https://escholarship.org/uc/item/9gv973m7	no
W3207617488	2021	preprint	Using Human-Guided Causal Knowledge for More Generalized Robot Task Planning	arXiv (Cornell University)	https://doi.org/10.48550/arxiv.2110.04664	0	yes	https://arxiv.org/pdf/2110.04664	no
W3209616086	2021	article	Walking the party line: The growing role of political ideology in shaping health behavior in the United States	SSM - Population Health	https://doi.org/10.1016/j.ssmph.2021.100950	42	yes	https://www.sciencedirect.com/science/article/pii/S2352827321002251/pdf	yes
W3137252091	2021	article	Why we simulate: A commentary on Lustick and Tetlock 2021	Futures & Foresight Science	https://doi.org/10.1002/ffo2.82	0	no		no
W3177378479	2020	conference-abstract	Centrality and Property Induction	Psychology Press eBooks	https://doi.org/10.4324/9781410603494-152	0	yes	https://escholarship.org/content/qt1552b40p/qt1552b40p.pdf?t=sh6qib	yes
W3133527316	2020	article	Evidence for a Community of Knowledge Across Culture.	eScholarship (California Digital Library)		1	no		no
W3084421758	2020	article	How others drive our sense of understanding of policies	Behavioural Public Policy	https://doi.org/10.1017/bpp.2020.40	19	yes	https://www.cambridge.org/core/services/aop-cambridge-core/content/view/3AC030D64B59647AE1F0DA2321E67B0A/S2398063X20000408a.pdf/div-class-title-how-others-drive-our-sense-of-understanding-of-policies-div.pdf	no
W7167992584	2020	preprint	Materials	Open MIND		0	no		no
W3162157708	2020	preprint	Not so simple! Mechanisms increase preference for complex explanations		https://doi.org/10.31234/osf.io/jbn5f	3	yes	https://doi.org/10.31234/osf.io/jbn5f	no
W4409669909	2020	preprint	Not so simple! Mechanisms increase preference for complex explanations		https://doi.org/10.31234/osf.io/jbn5f_v1	0	yes	https://osf.io/jbn5f_v1/download	yes
W3095961031	2020	preprint	To Bend the Curve of Terrestrial Biodiversity, Place Agency Centre Stage	Preprints.org	https://doi.org/10.20944/preprints202010.0609.v1	1	yes	https://www.preprints.org/manuscript/202010.0609/v1/download	yes
W3034936925	2020	book-chapter	Two systems for thinking with a community		https://doi.org/10.4324/9781315111902-7	6	no		no
W4234000501	2019	book-chapter	Are Humans Intuitive Philosophers?		https://doi.org/10.1093/oso/9780190860974.003.0012	7	no		no
W2974442412	2019	preprint	Are Humans Intuitive Philosophers?		https://doi.org/10.31234/osf.io/c4xwa	1	yes	https://doi.org/10.31234/osf.io/c4xwa	no
W4242314266	2019	preprint	Community Appeal: Explanation without Information		https://doi.org/10.31234/osf.io/8hqmk	6	no		no
W7160736950	2019	preprint	Community Appeal: Explanation without Information	OSF Preprints (OSF Preprints)		0	no		no
W2979058375	2019	article	Consequential Consensus: A Decade of Online Discourse about Same-sex Marriage.	eScholarship (California Digital Library)		0	no		no
W2768823886	2019	conference-paper	Counterfactual Undoing in Deterministic Causal Reasoning		https://doi.org/10.4324/9781315782379-177	12	yes	https://escholarship.org/content/qt0wx8s5js/qt0wx8s5js.pdf	yes
W4232712225	2019	article	Do People Care About Evidence?	American Scientist	https://doi.org/10.1511/2020.108.1.55	0	no		no
W3087941220	2019	conference-abstract	Experimental examination of fear and judgement for long-term earthquake forecast	The Proceedings of the Annual Convention of the Japanese Psychological Association	https://doi.org/10.4992/pacjpa.83.0_1c-081	1	yes	https://www.jstage.jst.go.jp/article/pacjpa/83/0/83_1C-081/_pdf	yes
W2971284148	2019	article	Individual Representation in a Community of Knowledge	Trends in Cognitive Sciences	https://doi.org/10.1016/j.tics.2019.07.011	90	no		no
W2781599834	2019	conference-paper	Learning Causal Structure		https://doi.org/10.4324/9781315782379-132	47	yes	https://api.taylorfrancis.com/content/chapters/edit/download?identifierName=doi&identifierValue=10.4324/9781315782379-132&type=chapterpdf	yes
W2957606809	2019	article	Managing evidence in food safety and nutrition	EFSA Journal	https://doi.org/10.2903/j.efsa.2019.e170704	14	yes	https://efsa.onlinelibrary.wiley.com/doi/pdfdirect/10.2903/j.efsa.2019.e170704	yes
W4234231735	2019	preprint	Think of the Consequences: A Decade of Discourse about Same-Sex Marriage		https://doi.org/10.31234/osf.io/c7r54	1	yes	https://doi.org/10.31234/osf.io/c7r54	no
W2921535952	2019	article	Think of the consequences: A decade of discourse about same-sex marriage	Behavior Research Methods	https://doi.org/10.3758/s13428-019-01215-3	10	yes	https://link.springer.com/content/pdf/10.3758/s13428-019-01215-3.pdf	yes
W2920889693	2019	article	Thought as a determinant of political opinion	Cognition	https://doi.org/10.1016/j.cognition.2019.02.014	19	no		no
W4238128424	2019	preprint	Two Systems for Thinking with a Community: Outsourcing versus Collaboration		https://doi.org/10.31234/osf.io/yc8wq	5	yes	https://doi.org/10.31234/osf.io/yc8wq	no
W3163311216	2019	preprint	Values and Consequences: Frames for Korean Reunification		https://doi.org/10.31234/osf.io/cb2up	0	yes	https://doi.org/10.31234/osf.io/cb2up	no
W3134791737	2019	preprint	What Gives a Diagnostic Label Value? Common Use Over Informativeness		https://doi.org/10.31234/osf.io/er6ku	4	yes	https://doi.org/10.31234/osf.io/er6ku	no
W2979735506	2019	article	Wir denken, also bin ich			0	no		no
W2890687379	2018	article	Community appeal: Explanation without information.	Journal of Experimental Psychology General	https://doi.org/10.1037/xge0000478	27	no		no
W2977466940	2018	article	Explaining Without Information: The Role of Label Entrenchment	eScholarship (California Digital Library)	https://doi.org/10.13140/rg.2.2.32127.87204	0	yes	https://doi.org/10.13140/rg.2.2.32127.87204	no
W2905407570	2018	preprint	Label Entrenchment and Categorical Explanation	OSF Preprints (OSF Preprints)		0	no		no
W2898476515	2018	book	Opinion Forming in the Digital Age	ePrints Soton (University of Southampton)	https://doi.org/10.5281/zenodo.1468575	6	yes	https://eprints.soton.ac.uk/426304/1/Opinion_Forming_in_the_Digital_Age_Public_Recommendations_v1.0.pdf	yes
W2909403178	2018	article	Opinion forming in the digital age: Fake news, echo chambers and populism - Key themes, concerns & recommendations for European research and innovation			0	no		no
W2900772528	2018	article	Reasoning as Collaboration	The American Journal of Psychology	https://doi.org/10.5406/amerjpsyc.131.4.0493	4	no		no
W2791544114	2018	article	The science of fake news	Science	https://doi.org/10.1126/science.aao2998	3907	yes	https://arxiv.org/pdf/2307.07903	yes
W2580700355	2017	article	Causal Models Drive Preference between Drugs that Treat a Focal versus Multiple Symptoms	Journal of Behavioral Decision Making	https://doi.org/10.1002/bdm.1999	5	yes	https://onlinelibrary.wiley.com/doi/pdfdirect/10.1002/bdm.1999	yes
W2612251407	2017	article	Concreteness and abstraction in everyday explanation	Psychonomic Bulletin & Review	https://doi.org/10.3758/s13423-017-1299-3	32	yes	https://link.springer.com/content/pdf/10.3758/s13423-017-1299-3.pdf	yes
W2593050976	2017	article	Evaluating everyday explanations	Psychonomic Bulletin & Review	https://doi.org/10.3758/s13423-017-1258-z	129	yes	https://link.springer.com/content/pdf/10.3758/s13423-017-1258-z.pdf	yes
W2786338309	2017	article	Reasons and the "Motivated Reasoning Effect".	Cognitive Science		0	no		no
W2377825920	2016	article	Analytical Style Predicts Religious and Teleological Belief	Journal of Investigative Medicine	https://doi.org/10.1136/jim-2016-000080.22	1	yes	https://jim.bmj.com/content/jim/64/3/808.2.full.pdf	no
W2787429866	2016	article	Analytical Thinking Predicts Less Teleological Reasoning and Religious Belief.	eScholarship (California Digital Library)		14	no		no
W2499437992	2016	other	Causal Models and Screening‐Off		https://doi.org/10.1002/9781118661666.ch31	1	no		no
W2462504294	2016	article	Introducing a fund for open-access fees	Cognition	https://doi.org/10.1016/j.cognition.2016.06.014	0	no		no
W2561237330	2016	article	Known Unknowns: A Critical Determinant of Confidence and Calibration	Management Science	https://doi.org/10.1287/mnsc.2016.2580	63	no		no
W2613220525	2016	book-chapter	The Basic Assumptions of Intuitive Belief: Laws, Determinism, and Free Will	The MIT Press eBooks	https://doi.org/10.7551/mitpress/10100.003.0012	1	no		no
W2524005976	2016	article	Your Understanding Is My Understanding	Psychological Science	https://doi.org/10.1177/0956797616662271	90	no		no
W2027492053	2015	editorial	Editorial response to "Representation of women in Cognition"	Cognition	https://doi.org/10.1016/j.cognition.2015.04.011	0	no		no
W2906908365	2015	dissertation	Known Unknowns in Judgment and Choice: (509992015-226)	eScholarship (California Digital Library)		0	yes	https://escholarship.org/content/qt0hj5c9s5/qt0hj5c9s5.pdf?t=orsk0g	no
W2105949713	2014	article	Categorical induction from uncertain premises: Jeffrey's doesn't completely rule	Thinking & Reasoning	https://doi.org/10.1080/13546783.2014.884510	11	no		no
W2087610412	2014	article	Causal explanation in the face of contradiction	Memory & Cognition	https://doi.org/10.3758/s13421-013-0389-3	19	no		no
W2295104723	2014	conference-paper	Causal interactions		https://doi.org/10.1145/2556288.2557216	6	no		no
W2098627973	2014	article	Causality in Thought	Annual Review of Psychology	https://doi.org/10.1146/annurev-psych-010814-015135	190	yes	https://www.annualreviews.org/doi/pdf/10.1146/annurev-psych-010814-015135	yes
W2049476056	2014	article	Comments on Quantum Probability Theory	Topics in Cognitive Science	https://doi.org/10.1111/tops.12072	2	yes	https://onlinelibrary.wiley.com/doi/pdfdirect/10.1111/tops.12072	no
W2399976338	2014	article	Conditions for Backtracking with Counterfactual Conditionals.	eScholarship (California Digital Library)		4	yes	https://escholarship.org/uc/item/9k6037d3	yes
W4240744257	2014	dataset	Known Unknowns Determine Confidence and Calibration	PsycEXTRA Dataset	https://doi.org/10.1037/e573552014-078	0	no		no
W2466485726	2014	dataset	Known Unknowns in Judgment and Choice	PsycEXTRA Dataset	https://doi.org/10.1037/e509992015-226	1	no		no
W2090102915	2014	article	Opening editorial: The changing face of Cognition	Cognition	https://doi.org/10.1016/j.cognition.2014.11.004	15	no		no
W2909782035	2014	article	Two systems of reasoning: An update.			55	no		no
W2041388813	2013	editorial	Counterfactuals and Causal Models: Introduction to the Special Issue	Cognitive Science	https://doi.org/10.1111/cogs.12064	11	yes	https://onlinelibrary.wiley.com/doi/pdfdirect/10.1111/cogs.12064	no
W2071178021	2013	article	Effects of subliminal hints on insight problem solving	Psychonomic Bulletin & Review	https://doi.org/10.3758/s13423-013-0389-0	33	yes	https://link.springer.com/content/pdf/10.3758%2Fs13423-013-0389-0.pdf	yes
W2053353917	2013	article	Effort denial in self-deception	Organizational Behavior and Human Decision Processes	https://doi.org/10.1016/j.obhdp.2013.10.013	20	no		no
W2030824723	2013	article	Mechanistic beliefs determine adherence to the Markov property in causal reasoning	Cognitive Psychology	https://doi.org/10.1016/j.cogpsych.2013.09.002	60	no		no
W2161788906	2013	article	Political Extremism Is Supported by an Illusion of Understanding	Psychological Science	https://doi.org/10.1177/0956797612464058	376	no		no
W2017118325	2013	article	Refining the dual‐system theory of choice	Journal of Consumer Psychology	https://doi.org/10.1016/j.jcps.2013.04.006	26	no		no
W2017932778	2013	article	Risk judgment in Obsessive–Compulsive Disorder: Testing a dual-systems account	Journal of Obsessive-Compulsive and Related Disorders	https://doi.org/10.1016/j.jocrd.2013.08.002	3	no		no
W2088338807	2012	article	A Causal Model of Intentionality Judgment	Mind & Language	https://doi.org/10.1111/j.1468-0017.2012.01439.x	30	no		no
W4230006746	2012	dataset	A Causal Model of Intentionality Judgment	PsycEXTRA Dataset	https://doi.org/10.1037/e511832013-029	4	no		no
W2107174604	2012	article	Explanation Fiends and Foes: How Mechanistic Detail Determines Understanding and Preference	Journal of Consumer Research	https://doi.org/10.1086/667782	90	no		no
W1496687497	2012	article	Non‐Bayesian Inference: Causal Structure Trumps Correlation	Cognitive Science	https://doi.org/10.1111/j.1551-6709.2012.01262.x	33	yes	https://onlinelibrary.wiley.com/doi/pdfdirect/10.1111/j.1551-6709.2012.01262.x	yes
W4237318195	2012	dataset	Political Extremism is Supported by an Illusion of Understanding	PsycEXTRA Dataset	https://doi.org/10.1037/e519682015-069	46	no		no
W2082749917	2012	article	The Causal Structure of Utility Conditionals	Cognitive Science	https://doi.org/10.1111/cogs.12014	17	yes	https://onlinelibrary.wiley.com/doi/pdfdirect/10.1111/cogs.12014	yes
W1560940196	2011	article	An illusion of control modulates the reluctance to tempt fate	Judgment and Decision Making	https://doi.org/10.1017/s1930297500002692	4	yes	https://www.cambridge.org/core/services/aop-cambridge-core/content/view/091A337F6C0ECA2B4CB545C75D79A77F/S1930297500002692a.pdf/div-class-title-an-illusion-of-control-modulates-the-reluctance-to-tempt-fate-div.pdf	yes
W2003045494	2011	article	Asymmetries in predictive and diagnostic reasoning.	Journal of Experimental Psychology General	https://doi.org/10.1037/a0022100	95	no		no
W66282468	2011	book-chapter	Counterfactual and generative accounts of causal attribution	Oxford University Press eBooks	https://doi.org/10.1093/acprof:oso/9780199574131.003.0009	2	no		no
W2165746955	2011	article	Don't throw out the Bayes with the bathwater	Behavioral and Brain Sciences	https://doi.org/10.1017/s0140525x11000264	4	no		no
W2576968409	2011	article	Effects of unrecognized hints and metacognitive control in insight problem solving	eScholarship (California Digital Library)		0	yes	https://escholarship.org/uc/item/71v7j9tw	no
W1590830080	2011	article	Human representation and reasoning about complex causal systems	Information Knowledge Systems Management	https://doi.org/10.3233/iks-2012-0187	8	no		no
W2579113466	2011	article	On Counterfactuals and Cognitive Science: Rumlhart Prize Symposium in Honor of Judea Pearl.	eScholarship (California Digital Library)		0	yes	https://escholarship.org/uc/item/3mf9k7n8	yes
W1995369057	2011	article	The Meaning of Cause and Prevent: The Role of Causal Mechanism	Mind & Language	https://doi.org/10.1111/j.1468-0017.2010.01409.x	101	no		no
W2134950383	2011	article	When good evidence goes bad: The weak evidence effect in judgment and decision-making	Cognition	https://doi.org/10.1016/j.cognition.2011.01.013	41	no		no
W4255258409	2010	dataset	A causal model of intentionality judgment	PsycEXTRA Dataset	https://doi.org/10.1037/e520592012-142	0	no		no
W2070765796	2010	article	Causality in Solving Economic Problems	The Journal of Problem Solving	https://doi.org/10.7771/1932-6246.1081	7	yes	https://docs.lib.purdue.edu/cgi/viewcontent.cgi?article=1081&context=jps	yes
W2169298256	2010	article	Neglect of Alternative Causes in Predictive but Not Diagnostic Reasoning	Psychological Science	https://doi.org/10.1177/0956797610361430	84	no		no
W2003925494	2010	article	Self-deception requires vagueness	Cognition	https://doi.org/10.1016/j.cognition.2009.12.017	69	no		no
W1558220512	2010	article	Similarity judgments reflect both language and cross-language tendencies: Evidence from two semantic domains	eScholarship (California Digital Library)		6	yes	https://escholarship.org/uc/item/25k5z6wt	yes
W2011539057	2010	article	Two systems of reasoning: architecture and relation to emotion	Wiley Interdisciplinary Reviews Cognitive Science	https://doi.org/10.1002/wcs.34	72	no		no
W2055614993	2009	article	A Causal Model Theory of the Meaning of <i>Cause</i>, <i>Enable</i>, and <i>Prevent</i>	Cognitive Science	https://doi.org/10.1111/j.1551-6709.2008.01002.x	58	yes	https://onlinelibrary.wiley.com/doi/pdfdirect/10.1111/j.1551-6709.2008.01002.x	yes
W1767411471	2009	article	Causal Models: How People Think About the World and Its Alternatives		https://doi.org/10.1093/acprof:oso/9780195183115.001.0001	463	no		no
W2036230099	2009	article	Causal learning with local computations.	Journal of Experimental Psychology Learning Memory and Cognition	https://doi.org/10.1037/a0014928	103	no		no
W75339092	2009	book-chapter	Chapter 1 Causal Models	The Psychology of learning and motivation/The psychology of learning and motivation	https://doi.org/10.1016/s0079-7421(08)00401-5	28	no		no
W2088744066	2009	article	Decision makers conceive of their choices as interventions.	Journal of Experimental Psychology General	https://doi.org/10.1037/a0014585	94	yes	https://resolver.sub.uni-goettingen.de/purl?gro-2/17507	no
W182553510	2009	paratext	Subject Index to Volume 33			0	no		no
W2626766740	2009	article	Using Reaction Times to Compare Two Models of Randomness Perception	eScholarship (California Digital Library)		2	yes	https://escholarship.org/uc/item/5235b655	no
W4256273919	2009	conference-abstract	因果に関する知識の構造	The Proceedings of the Annual Convention of the Japanese Psychological Association	https://doi.org/10.4992/pacjpa.73.0_sl004	0	yes	https://www.jstage.jst.go.jp/article/pacjpa/73/0/73_SL004/_pdf	no
W2898757580	2009	conference-abstract	思考・推論研究の広がりとその問題点	The Proceedings of the Annual Convention of the Japanese Psychological Association	https://doi.org/10.4992/pacjpa.73.0_s007	0	yes	https://www.jstage.jst.go.jp/article/pacjpa/73/0/73_S007/_pdf	no
W142502493	2008	article	Causal Models of Decision Making: Choice as Intervention			8	no		no
W41213125	2008	conference-paper	Do Causal Beliefs Influence the Hot-Hand and the Gambler's Fallacy?	Florence Research (University of Florence)		7	no		no
W2498293584	2008	book-chapter	The value of rational analysis:		https://doi.org/10.1093/acprof:oso/9780199216093.003.0021	4	no		no
W1488286096	2008	article	The value of rational analysis: An assessment of causal reasoning and learning			10	no		no
W2586287827	2008	article	Understanding Why: The cognitive science of explanation	eScholarship (California Digital Library)		1	yes	https://escholarship.org/uc/item/1tg3m6zb	yes
W2253844753	2008	book-chapter	When Explanations Compete: The Role of Explanatory Coherence on Judgments of Likelihood	Cambridge University Press eBooks	https://doi.org/10.1017/cbo9780511814273.020	5	no		no
W106416641	2007	book-chapter	Artifact Categorization: The Good, the Bad, and the Ugly		https://doi.org/10.1093/oso/9780199250981.003.0006	52	no		no
W2026941875	2007	article	Base-rate respect: From ecological rationality to dual processes	Behavioral and Brain Sciences	https://doi.org/10.1017/s0140525x07001653	414	no		no
W2056919992	2007	article	Base-rate respect: From statistical formats to cognitive structures	Behavioral and Brain Sciences	https://doi.org/10.1017/s0140525x07001963	18	no		no
W1511739467	2007	book-chapter	Beyond Covariation		https://doi.org/10.1093/acprof:oso/9780195176803.003.0011	201	no		no
W2057882807	2007	book-chapter	Causal Reasoning Through Intervention		https://doi.org/10.1093/acprof:oso/9780195176803.003.0007	111	no		no
W165880022	2007	article	Causal beliefs influence the perception of temporal order	eScholarship (California Digital Library)		5	yes	https://escholarship.org/uc/item/58k5n9mz	yes
W2071601588	2007	article	Iffy beliefs: Conditional thinking and belief change	Memory & Cognition	https://doi.org/10.3758/bf03192937	7	yes	https://link.springer.com/content/pdf/10.3758/BF03192937.pdf	yes
W2037380073	2007	article	More than words, but still not categorization	Cognition	https://doi.org/10.1016/j.cognition.2007.07.004	7	no		no
W4235329942	2006	dataset	A causal model of the meaning of cause, enable, and prevent	PsycEXTRA Dataset	https://doi.org/10.1037/e527352012-102	0	no		no
W2109697742	2006	article	Category essence or essentially pragmatic? Creator’s intention in naming and what’s really what	Cognition	https://doi.org/10.1016/j.cognition.2006.10.001	44	no		no
W4246532948	2006	dataset	Category-based induction as causal inference: A test of normative principles	PsycEXTRA Dataset	https://doi.org/10.1037/e527352012-103	0	no		no
W2617316271	2006	article	Causal vs. Evidential Decision Making in Newcomb's Paradox	eScholarship (California Digital Library)		1	yes	https://escholarship.org/uc/item/2rx0r7vw	yes
W2041186114	2006	article	The causal psycho-logic of choice	Trends in Cognitive Sciences	https://doi.org/10.1016/j.tics.2006.07.001	82	no		no
W1985061620	2006	article	The probability of causal conditionals	Cognitive Psychology	https://doi.org/10.1016/j.cogpsych.2006.05.002	229	yes	https://durham-repository.worktribe.com/output/1572719	no
W2049047769	2006	article	Time as a guide to cause.	Journal of Experimental Psychology Learning Memory and Cognition	https://doi.org/10.1037/0278-7393.32.3.451	160	no		no
W2477344204	2005	book-chapter	Agency and the Role of Causation in Mental Life		https://doi.org/10.1093/acprof:oso/9780195183115.003.0001	0	no		no
W2055910307	2005	article	Avoiding foolish consistency	Behavioral and Brain Sciences	https://doi.org/10.1017/s0140525x05430010	5	no		no
W4244870574	2005	book-chapter	Categorical Induction		https://doi.org/10.1093/acprof:oso/9780195183115.003.0010	0	no		no
W4255836055	2005	book-chapter	Causal Learning		https://doi.org/10.1093/acprof:oso/9780195183115.003.0012	0	no		no
W4211210448	2005	book	Causal Models		https://doi.org/10.1093/acprof:oso/9780195183115.001.0001	352	no		no
W4243770767	2005	book-chapter	Causal Models		https://doi.org/10.1093/acprof:oso/9780195183115.003.0004	1	no		no
W2486662110	2005	book-chapter	Causality and Conceptual Structure		https://doi.org/10.1093/acprof:oso/9780195183115.003.0009	0	no		no
W2498648538	2005	book-chapter	Conclusion: Causation in the Mind		https://doi.org/10.1093/acprof:oso/9780195183115.003.0013	0	no		no
W2491169749	2005	book-chapter	Decision Making via Causal Consequences		https://doi.org/10.1093/acprof:oso/9780195183115.003.0007	0	no		no
W2108032050	2005	article	Do We “do”?	Cognitive Science	https://doi.org/10.1207/s15516709cog2901_2	205	no		no
W2769550956	2005	article	Hierarchical Preferences in a Broad-Coverage Lexical Taxonomy	eScholarship (California Digital Library)		3	yes	https://escholarship.org/uc/item/9j8221x8	yes
W2140189630	2005	article	How bilinguals solve the naming problem☆	Journal of Memory and Language	https://doi.org/10.1016/j.jml.2005.02.004	229	yes	https://www.sciencedirect.com/science/article/pii/S0749596X05000240	yes
W1483466337	2005	reference-entry	Inductive Reasoning, Psychology of	Encyclopedia of Cognitive Science	https://doi.org/10.1002/0470018860.s00552	0	no		no
W2589105272	2005	article	Learning Symbolic Inferences with Neural Networks	eScholarship (California Digital Library)		17	yes	https://escholarship.org/uc/item/5109x58n	yes
W2485110179	2005	book-chapter	Locating Causal Structure in Language		https://doi.org/10.1093/acprof:oso/9780195183115.003.0011	0	no		no
W2767624795	2005	article	Newcomb's Problem as Cognitive Illusion	eScholarship (California Digital Library)		3	yes	https://escholarship.org/uc/item/1k86m0jx	yes
W2496020016	2005	book-chapter	Observation Versus Action		https://doi.org/10.1093/acprof:oso/9780195183115.003.0005	0	no		no
W2499112244	2005	book-chapter	Reasoning About Causation		https://doi.org/10.1093/acprof:oso/9780195183115.003.0006	0	no		no
W36329710	2005	paratext	Subject Index to Volume 29			0	no		no
W2483866263	2005	book-chapter	The Information Is in the Invariants		https://doi.org/10.1093/acprof:oso/9780195183115.003.0002	1	no		no
W1635854582	2005	book-chapter	The Problem of Induction	UCL Discovery (University College London)		128	no		no
W2480273651	2005	book-chapter	The Psychology of Judgment: Causality Is Pervasive		https://doi.org/10.1093/acprof:oso/9780195183115.003.0008	0	no		no
W2492768569	2005	book-chapter	What Is a Cause?		https://doi.org/10.1093/acprof:oso/9780195183115.003.0003	0	no		no
W2153689360	2004	article	Assessing the Causal Structure of Function.	Journal of Experimental Psychology General	https://doi.org/10.1037/0096-3445.133.4.601	97	no		no
W2021107394	2004	article	Causal models frame interpretation of mathematical equations	Psychonomic Bulletin & Review	https://doi.org/10.3758/bf03196743	30	yes	https://link.springer.com/content/pdf/10.3758/BF03196743.pdf	yes
W2087819515	2004	article	Conversation and convention: Enduring influences on name choice for common objects	Memory & Cognition	https://doi.org/10.3758/bf03206325	29	yes	https://link.springer.com/content/pdf/10.3758/BF03206325.pdf	yes
W4239325513	2004	article	Feature centrality and property induction	Cognitive Science	https://doi.org/10.1207/s15516709cog2801_2	28	yes	https://onlinelibrary.wiley.com/doi/pdfdirect/10.1207/s15516709cog2801_2	no
W1636898547	2004	other	Inside and Outside Probability Judgment		https://doi.org/10.1002/9780470752937.ch8	26	no		no
W2523764841	2004	article	Linguistic diversity and the bilingual lexicon: The Belgian Story	eScholarship (California Digital Library)		1	yes	https://escholarship.org/uc/item/8f4262qb	yes
W2583699399	2004	article	Revising Causal Beliefs	eScholarship (California Digital Library)		14	yes	https://escholarship.org/uc/item/6vk9g665	yes
W2047669279	2004	article	The Advantage of Timely Intervention.	Journal of Experimental Psychology Learning Memory and Cognition	https://doi.org/10.1037/0278-7393.30.4.856	272	no		no
W2300325443	2004	book-chapter	The HIPE Theory of Function		https://doi.org/10.1093/acprof:oso/9780199264339.003.0009	41	no		no
W2185310309	2004	book-chapter	The allocation system: Using signal detection processes to regulate representations in a multimodular mind	Psychology Press eBooks	https://doi.org/10.4324/9780203641606-7	1	no		no
W2100056117	2004	article	Typical Versus Atypical Unpacking and Superadditive Probability Judgment.	Journal of Experimental Psychology Learning Memory and Cognition	https://doi.org/10.1037/0278-7393.30.3.573	110	no		no
W2007917921	2003	article	Artifacts are not ascribed essences, nor are they treated as belonging to kinds	Language and Cognitive Processes	https://doi.org/10.1080/01690960344000035	122	no		no
W4239993761	2003	article	Artifacts are not ascribed essences, nor are they treated as belonging to kinds	Language and Cognitive Processes	https://doi.org/10.1080/769813548	1	no		no
W1605984571	2003	book-chapter	Causal Invariance in Reasoning and Learning	The Psychology of learning and motivation/The psychology of learning and motivation	https://doi.org/10.1016/s0079-7421(03)44009-7	20	no		no
W2767466731	2003	article	Causal Models can be Used to Predict Base-Rate Neglect	eScholarship (California Digital Library)		3	yes	https://escholarship.org/uc/item/1px5b0rw	yes
W2039395668	2003	article	Frequency illusions and other fallacies	Organizational Behavior and Human Decision Processes	https://doi.org/10.1016/s0749-5978(03)00021-9	220	no		no
W2526117388	2003	article	Linguistic categorization and similarity judgments in Dutch-speaking, French-speaking and bilingual Belgians			0	no		no
W2519875477	2003	article	Linguistic diversity and object naming by Dutch-speaking, French-speaking and bilingual Belgians			0	no		no
W2067834461	2003	article	Linguistic diversity and object naming by non-native speakers of English	Bilingualism Language and Cognition	https://doi.org/10.1017/s1366728903001020	123	no		no
W2118064674	2003	book-chapter	Speaking versus Thinking about Objects and Actions	The MIT Press eBooks	https://doi.org/10.7551/mitpress/4117.003.0011	71	no		no
W1998032198	2003	article	Universality and language specificity in object naming	Journal of Memory and Language	https://doi.org/10.1016/s0749-596x(03)00021-4	144	no		no
W4231947614	2003	dataset	Unpacking Implicit Probability Judgment	PsycEXTRA Dataset	https://doi.org/10.1037/e683332011-044	1	no		no
W4235613682	2002	book-chapter	Feature-Based Induction	The MIT Press eBooks	https://doi.org/10.7551/mitpress/1888.003.0037	1	no		no
W2620416922	2002	article	Learning Causal Structure - eScholarship	Proceedings of the Annual Meeting of the Cognitive Science Society		0	no		no
W2095887746	2002	article	Physicians’ Judgments of Survival After Medical Management and Mortality Risk Reduction Due to Revascularization Procedures for Patients With Coronary Artery Disease	CHEST Journal	https://doi.org/10.1378/chest.122.1.122	29	no		no
W2065648003	2002	article	Recent exposure affects artifact naming	Memory & Cognition	https://doi.org/10.3758/bf03196425	10	yes	https://link.springer.com/content/pdf/10.3758/BF03196425.pdf	yes
W1741613994	2002	book-chapter	Two Systems of Reasoning	Cambridge University Press eBooks	https://doi.org/10.1017/cbo9780511808098.024	394	no		no
W105561383	2001	book-chapter	Categorization versus similarity: the case of container names		https://doi.org/10.1093/acprof:oso/9780198506287.003.0005	40	no		no
W2624418574	2001	article	Judging the Probability of Representative and Unrepresentative Unpackings	eScholarship (California Digital Library)		5	yes	https://escholarship.org/uc/item/6b21p9br	yes
W4247206826	2001	dataset	Motion events in language and cognition	PsycEXTRA Dataset	https://doi.org/10.1037/e537102012-568	38	no		no
W33348636	2001	article	On the Evaluation of If p then q Conditionals	eScholarship (California Digital Library)		27	yes	https://escholarship.org/uc/item/87f7c704	yes
W1943667209	2001	book-chapter	Taxonomizing Induction	Cambridge University Press eBooks	https://doi.org/10.1017/cbo9780511619304.014	4	no		no
W2040841116	2000	article	Perspective effects in nondeontic versions of the Wason selection task	Memory & Cognition	https://doi.org/10.3758/bf03198555	17	yes	https://link.springer.com/content/pdf/10.3758/BF03198555.pdf	yes
W1989663063	2000	article	Reasoning versus text processing in the Wason selection task: A nondeontic perspective on perspective effects	Memory & Cognition	https://doi.org/10.3758/bf03209354	33	yes	https://link.springer.com/content/pdf/10.3758/BF03209354.pdf	yes
W1966634408	1999	article	Feature centrality: Naming versus imagining	Memory & Cognition	https://doi.org/10.3758/bf03211546	25	yes	https://link.springer.com/content/pdf/10.3758/BF03211546.pdf	yes
W2010520586	1999	article	Knowing versus Naming: Similarity and the Linguistic Categorization of Artifacts	Journal of Memory and Language	https://doi.org/10.1006/jmla.1998.2593	408	no		no
W4256514242	1999	book	The Nature of Cognition	The MIT Press eBooks	https://doi.org/10.7551/mitpress/4877.001.0001	45	no		no
W2125046706	1998	article	Categorical Inference Is Not a Tree: The Myth of Inheritance Hierarchies	Cognitive Psychology	https://doi.org/10.1006/cogp.1997.0672	241	no		no
W2060327084	1998	article	Feature Centrality and Conceptual Coherence	Cognitive Science	https://doi.org/10.1207/s15516709cog2202_2	321	no		no
W4255402329	1998	article	Feature centrality and conceptual coherence	Cognitive Science	https://doi.org/10.1016/s0364-0213(99)80039-1	81	yes	https://onlinelibrary.wiley.com/doi/pdfdirect/10.1207/s15516709cog2202_2	yes
W403636135	1998	article	Similarity and symbols in human thinking			61	no		no
W2136844541	1998	article	Similarity as an explanatory construct	Cognition	https://doi.org/10.1016/s0010-0277(97)00048-6	117	no		no
W2097412868	1997	article	Explanatory Coherence and the Induction of Properties	Thinking & Reasoning	https://doi.org/10.1080/135467897394374	56	no		no
W3163399787	1997	article	The Relation of Similarity to Naming: Chinese versus American Conceptions of Bottles and Jars.	eScholarship (California Digital Library)		5	no		no
W4239202797	1997	dataset	Two senses of feature centrality: Conceptual and naming	PsycEXTRA Dataset	https://doi.org/10.1037/e536982012-186	0	no		no
W2007779155	1996	article	Is deontic reasoning special?	Psychological Review	https://doi.org/10.1037/0033-295x.103.2.374	67	no		no
W4247229988	1996	article	Is deontic reasoning special?	Psychological Review	https://doi.org/10.1037//0033-295x.103.2.374	5	no		no
W2121001250	1996	article	The empirical case for two systems of reasoning.	Psychological Bulletin	https://doi.org/10.1037/0033-2909.119.1.3	3687	no		no
W4230689127	1996	article	The empirical case for two systems of reasoning.	Psychological Bulletin	https://doi.org/10.1037//0033-2909.119.1.3	330	no		no
W2082955551	1996	article	The probative value of simultaneous contradictory belief: Reply to Gigerenzer and Regier (1996).	Psychological Bulletin	https://doi.org/10.1037/0033-2909.119.1.27	12	no		no
W4253020004	1996	article	The probative value of simultaneous contradictory belief: Reply to Gigerenzer and Regier (1996).	Psychological Bulletin	https://doi.org/10.1037//0033-2909.119.1.27	0	no		no
W2022147167	1994	article	Progress within the bounds of memory	Behavioral and Brain Sciences	https://doi.org/10.1017/s0140525x0003658x	0	no		no
W2090346526	1994	article	Similarity- versus rule-based categorization	Memory & Cognition	https://doi.org/10.3758/bf03200864	206	yes	https://link.springer.com/content/pdf/10.3758/BF03200864.pdf	yes
W2150460834	1994	article	When explanations compete: the role of explanatory coherence on judgements of likelihood	Cognition	https://doi.org/10.1016/0010-0277(94)90002-7	127	no		no
W2049144945	1993	article	Do simple associations lead to systematic reasoning?	Behavioral and Brain Sciences	https://doi.org/10.1017/s0140525x00031162	6	no		no
W2027994268	1993	article	Feature-Based Induction	Cognitive Psychology	https://doi.org/10.1006/cogp.1993.1006	502	yes	https://hdl.handle.net/2027.42/30872	no
W2092888137	1992	article	What does evolution tell us about age preferences?	Behavioral and Brain Sciences	https://doi.org/10.1017/s0140525x00067819	1	no		no
W2022953346	1991	article	Congruency effects in part-list cuing inhibition.	Journal of Experimental Psychology Learning Memory and Cognition	https://doi.org/10.1037/0278-7393.17.5.974	55	no		no
W4247715794	1991	article	Congruency effects in part-list cuing inhibition.	Journal of Experimental Psychology Learning Memory and Cognition	https://doi.org/10.1037//0278-7393.17.5.974	6	no		no
W2126443616	1991	article	Part-set cuing inhibition in category-instance and reason generation	Bulletin of the Psychonomic Society	https://doi.org/10.3758/bf03335216	13	yes	https://link.springer.com/content/pdf/10.3758/BF03335216.pdf	yes
W1989376093	1988	article	Forgetting in primed fragment completion.	Journal of Experimental Psychology Learning Memory and Cognition	https://doi.org/10.1037/0278-7393.14.2.223	189	no		no
W4255546600	1988	article	Forgetting in primed fragment completion.	Journal of Experimental Psychology Learning Memory and Cognition	https://doi.org/10.1037//0278-7393.14.2.223	38	no		no
W2066092359	1988	article	Mate selection in the service of human evolution	Journal of Social and Biological Systems	https://doi.org/10.1016/0140-1750(88)90083-8	64	no		no
