date	category	title	henryfarrell_net_url	primary_external_url	other_urls	blurb_chars
2026-08-10	essay,public-writing	Does Silicon Valley Dream of Philip K. Dick?	https://henryfarrell.net/does-silicon-valley-dream-of-philip-k-dick/	https://www.ft.com/content/bdcf7729-3b03-49ec-82fb-b5773fdaa990		576
2026-02-06	interview	The Most Important Foreign Policy Speech in Years	https://henryfarrell.net/the-most-important-foreign-policy-speech-in-years/	https://www.nytimes.com/2026/01/27/opinion/ezra-klein-podcast-henry-farrell.html		848
2025-10-15	essay,public-writing	How Civil Society Can Beat Trumpism: NYT	https://henryfarrell.net/nyt-how-civil-society-can-beat-trumpism/	https://www.nytimes.com/2025/10/08/opinion/trump-universities-compact-civil-society.html		767
2025-08-22	essay,public-writing	The Weaponized World Economy: Cover story for Foreign Affairs	https://henryfarrell.net/the-weaponized-world-economy-cover-story-for-foreign-affair/	https://www.foreignaffairs.com/united-states/weaponized-world-economy-farrell-newman		1165
2025-07-17	essay,public-writing	The Enshittification of American Power	https://henryfarrell.net/the-enshittification-of-american-power/	https://www.wired.com/story/tiktok-platforms-cory-doctorow/	https://www.wired.com/story/enshittification-of-american-power/	1547
2025-07-12	academic-article,academic-writing	AI as Governance	https://henryfarrell.net/ai-as-governance-2/			1013
2025-05-24	essay	Crypto is a threat to the US Financial System	https://henryfarrell.net/crypto-is-a-threat-to-the-us-financial-system/	https://www.youtube.com/watch?v=3DYEnch-2is	https://www.nytimes.com/2025/05/23/opinion/trump-crypto-stablecoin.html	1162
2025-05-01	essay	The Abundance Debate We’re Not Having	https://henryfarrell.net/the-abundance-debate-were-not-having/	https://www.combinationsmag.com/the-abundance-debate-were-not-having/		914
2025-04-20	essay,public-writing,review	Reining in Our Tech God-Emperors	https://henryfarrell.net/reining-in-our-tech-god-emperors/			185
2025-04-03	essay	The Brewing Transatlantic Tech War	https://henryfarrell.net/the-brewing-transatlantic-tech-war/	https://www.foreignaffairs.com/united-states/brewing-transatlantic-tech-war		294
2025-04-02	essay	The Reactionary Right is Not a Monolith	https://henryfarrell.net/the-reactionary-right-is-not-a-monolith/	https://www.presidency.ucsb.edu/documents/remarks-the-vice-president-the-american-dynamism-summit	https://www.cato-unbound.org/2013/05/10/clark-ruper/death-fusionism/	1390
2025-03-13	academic-article	Large AI models are cultural and social technologies	https://henryfarrell.net/large-ai-models-are-cultural-and-social-technologies/	https://www.science.org/stoken/author-tokens/ST-2495/full		27284
2025-02-27	interview	The Silicon Valley canon and malformed publics: Podcast with Max Read and John Ganz	https://henryfarrell.net/the-silicon-valley-canon-and-malformed-publics-podcast-with-max-read-and-john-ganz/	https://maxread.substack.com/p/the-silicon-valley-canon-and-malformed		647
2025-02-21	essay	Silicon Valley’s Reading List Reveals Its Political Ambitions	https://henryfarrell.net/silicon-valleys-reading-list-reveals-its-political-ambitions/	https://paulgraham.com/cities.html	https://www.bloomberg.com/news/articles/2025-02-21/to-understand-doge-look-to-the-tech-industry-s-reading-list?srnd=phx-weekend_2	671
2025-02-17	essay	This Is How Trump Will Smash the Machine of U.S. Economic Power	https://henryfarrell.net/this-is-how-trump-will-smash-the-machine-of-u-s-economic-power/	https://www.nytimes.com/2025/02/17/opinion/trump-economic-security-crypto.html		640
2025-01-22	essay	Count the Costs of Cutting Technological Ties with China	https://henryfarrell.net/count-the-costs-of-cutting-technological-ties-with-china/	https://acf.sais.jhu.edu/assets/files/SAIS_GCRatH_Farrell.pdf		569
2025-01-09	academic-article	AI as Governance	https://henryfarrell.net/ai-as-governance/	https://www.annualreviews.org/content/journals/polisci		83
2024-09-19	essay	America Should Think Twice Before Replacing Sanctions with Tariffs – with Abraham Newman	https://henryfarrell.net/america-should-think-twice-before-replacing-sanctions-with-tariffs-and-abraham-newman/	https://www.ft.com/content/8d84f669-5c8a-4bf6-8e24-5474076f214a		252
2024-09-04	essay	Large Language Models Will Upend Human Rituals – with Marion Fourcade	https://henryfarrell.net/large-language-models-will-upend-human-rituals-with-marion-fourcade/	https://www.economist.com/by-invitation/2024/09/04/large-language-models-will-upend-human-rituals		480
2024-08-01	essay	No Exit Opportunities: Business Models and Political Thought in Silicon Valley	https://henryfarrell.net/no-exit-opportunities-business-models-and-political-thought-in-silicon-valley/	https://americanaffairsjournal.org/2024/08/no-exit-opportunities-business-models-and-political-thought-in-silicon-valley/		1995
2024-06-11	academic-article	Henry Farrell Talks to Kim Stanley Robinson	https://henryfarrell.net/henry-farrell-talks-to-kim-stanley-robinson/	https://vector-bsfa.com/2024/06/11/henry-farrell-talks-to-kim-stanley-robinson/	https://vector-bsfa.com/2024/06/11/henry-farrell-talks-to-kim-stanley-robinson/	9045
2024-05-22	essay	Consulting Firms Have Stumbled Into a Geopolitical Minefield – with Abraham Newman	https://henryfarrell.net/consulting-firms-have-stumbled-into-a-geopolitical-minefield-with-abraham-newman/	https://foreignpolicy.com/2024/05/22/consulting-firms-business-data-regulation-china-mckinsey/		982
2024-03-15	academic-article	Bias, Skew and Search Engines Suffice to Explain Online Toxicity – with Cosma Shalizi	https://henryfarrell.net/bias-skew-and-search-engines-suffice-to-explain-online-toxicity/	https://www.dropbox.com/scl/fi/bsubehcbqmnfyva5uqw5u/skew-acm-tex-format-v2-2023-08-22.pdf?rlkey=ato742s7g07xey85mxs3o8anb&amp;dl=0	https://www.dropbox.com/scl/fi/bsubehcbqmnfyva5uqw5u/skew-acm-tex-format-v2-2023-08-22.pdf?rlkey=ato742s7g07xey85mxs3o8anb&amp;dl=0	1655
2024-03-02	essay	Canada Needs to Start Preparing for Trump – and Getting Other Allies Involved – with Abraham Newman	https://henryfarrell.net/canada-needs-to-start-preparing-for-trump-and-getting-other-allies-involved-with-abraham-newman/	https://www.theglobeandmail.com/opinion/article-canada-needs-to-start-preparing-for-trump-and-getting-other-allies/		324
2024-02-28	academic-article	The Moral Economy of High-Tech Modernism – with Marion Fourcade	https://henryfarrell.net/the-moral-economy-of-high-tech-modernism-with-marion-fourcade/	https://direct.mit.edu/daed/article/152/1/225/115009/The-Moral-Economy-of-High-Tech-Modernism		3036
2024-02-14	essay	Can Big Tech Serve Democracy? – with Glen Weyl	https://henryfarrell.net/can-big-tech-serve-democracy-with-glen-weyl/	https://www.bostonreview.net/articles/can-big-tech-serve-democracy/		2678
2023-12-12	essay	AI’s Big Rift is Like a Religious Schism	https://henryfarrell.net/ais-big-rift-is-like-a-religious-schism/	https://www.economist.com/by-invitation/2023/12/12/ais-big-rift-is-like-a-religious-schism-says-henry-farrell		609
2023-12-06	public-writing,review	Review by Paul Krugman, “The American Way of Economic War”	https://henryfarrell.net/interview-with-paul-krugman-the-american-way-of-economic-war/	https://www.foreignaffairs.com/regions/united-states	https://www.foreignaffairs.com/reviews/american-way-economic-war-paul-krugman	1199
2023-11-24	essay	Binance and the End of Crypto’s Dream to Escape From Government – with Abraham Newman	https://henryfarrell.net/binance-and-the-end-of-cryptos-dream-to-escape-from-government-with-abraham-newman/	https://www.wsj.com/finance/currencies/the-end-of-cryptos-dream-to-escape-from-government-110aeca9		1207
2023-10-19	essay	The New Economic Security State: How De-Risking Will Remake Geopolitics – with Abraham Newman	https://henryfarrell.net/the-new-economic-security-state-how-de-risking-will-remake-geopolitics-with-abraham-newman/	https://www.foreignaffairs.com/united-states/economic-security-state-farrell-newman		894
2023-10-11	essay	What If These Economic Weapons Fall into Trump’s Hands? – with Abraham Newman	https://henryfarrell.net/what-if-these-economic-weapons-fall-into-trumps-hands-with-abraham-newman/	https://www.nytimes.com/2023/10/11/opinion/biden-trump-economic-weapons.html		1385
2023-09-20	essay	What Happens When Tech Bros Run National Security? – with Abraham Newman	https://henryfarrell.net/what-happens-when-tech-bros-run-national-security-with-abraham-newman/	https://time.com/6315670/big-tech-national-security/		2644
2023-09-12	essay	How a Single Hard-Charging CEO Helped the US Dollar Take Over the World – with Abraham Newman	https://henryfarrell.net/how-a-single-hard-charging-ceo-helped-the-us-dollar-take-over-the-world-with-abraham-newman/	https://www.businessinsider.com/how-us-dollar-became-dominant-citibank-walter-wriston-2023-9		3324
2023-09-09	essay	How the U.S. Stumbled Into Using Chips as a Weapon Against China – with Abraham Newman	https://henryfarrell.net/how-the-u-s-stumbled-into-using-chips-as-a-weapon-against-china-with-abraham-newman/	https://www.wsj.com/politics/policy/how-the-u-s-stumbled-into-using-chips-as-a-weapon-against-china-ec37e32		948
2023-09-02	essay	American Influence: Ireland Must Focus on Economic Security as Arena of Vulnerability	https://henryfarrell.net/american-influence-ireland-must-focus-on-economic-security-as-arena-of-vulnerability/	https://www.irishtimes.com/culture/books/2023/09/02/american-influence-ireland-must-focus-on-economic-security-as-arena-of-vulnerability/		2132
2023-06-21	essay	Behold the AI shoggoth – with Cosma Shalizi	https://henryfarrell.net/behold-the-ai-shoggoth-with-cosma-shalizi/	https://www.economist.com/by-invitation/2023/06/21/artificial-intelligence-is-a-familiar-looking-monster-say-henry-farrell-and-cosma-shalizi		1316
2023-05-09	academic-article	Analytical Democracy: A Microfoundational Approach – with Hugo Mercier and Melissa Schwartzberg	https://henryfarrell.net/analytical-democracy-a-microfoundational-approach/	https://www.cambridge.org/core/journals/american-political-science-review/article/analytical-democratic-theory-a-microfoundational-approach/739A9A928A99A47994E4585059B03398		1382
2023-04-21	essay	How Artificial Intelligence Can Aid Democracy – with Bruce Schneier and Nathan E. Sanders	https://henryfarrell.net/how-artificial-intelligence-can-aid-democracy-with-bruce-schneier-and-nathan-e-sanders/	https://slate.com/technology/2023/04/ai-public-option.html		1022
2023-04-14	essay	The New Libertarian Elitists – with Hugo Mercier and Melissa Schwartzberg	https://henryfarrell.net/the-new-libertarian-elitists-with-hugo-mercier-melissa-schwartzberg/	https://democracyjournal.org/magazine/68/the-new-libertarian-elitists/		3223
2023-02-28	academic-article	Reducing the Transactional Value of Identity & Race – with Margaret Levi	https://henryfarrell.net/reducing-the-transactional-value-of-identity-race/	https://doi.org/10.1162/daed_a_01974		10678
2022-11-15	essay	El Comercio como Arma: Europa entre Estados Unidos y China	https://henryfarrell.net/el-comercio-como-arma-europa-entre-estados-unidos-y-china/	https://elpais.com/opinion/2022-11-15/el-comercio-como-arma-europa-entre-estados-unidos-y-china.html		2037
2022-10-13	essay	Tornado Cash Is Not Free Speech. It’s a Golem – with Bruce Schneier	https://henryfarrell.net/tornado-cash-is-not-free-speech-its-a-golem-with-bruce-schneier/	https://www.lawfareblog.com/tornado-cash-not-free-speech-its-golem		3068
2022-08-31	essay	Spirals of Delusion: How AI Distorts Decision-Making and Makes Dictators More Dangerous – with Abraham Newman and Jeremy Wallace	https://henryfarrell.net/spirals-of-delusion-how-ai-distorts-decision-making-and-makes-dictators-more-dangerous-with-abraham-newman-and-jeremy-wallace/	https://www.foreignaffairs.com/world/spirals-delusion-artificial-intelligence-decision-making		867
2022-05-09	academic-article,essay	Weak Links in Finance and Supply Chains are Easily Weaponized – with Abraham Newman	https://henryfarrell.net/weak-links-in-finance-and-supply-chains-are-easily-weaponized-with-abraham-newman/	https://www.nature.com/articles/d41586-022-01254-5		725
2022-03-22	essay	The U.S. Is the Only Sanctions Superpower. It Must Use That Power Wisely. – with Abraham Newman	https://henryfarrell.net/the-u-s-is-the-only-sanctions-superpower-it-must-use-that-power-wisely/	https://www.nytimes.com/2022/03/16/opinion/us-russia-sanctions-power-economy.html		2015
2022-03-01	essay	The Modern History of Economic Sanctions	https://henryfarrell.net/the-modern-history-of-economic-sanctions/	https://www.lawfareblog.com/modern-history-economic-sanctions		3305
2021-06-18	essay	Joe Biden’s Foreign Foray is All About Shoring Up Democracy – In the US	https://henryfarrell.net/joe-bidens-foreign-foray-is-all-about-shoring-up-democracy-in-the-us/	https://www.theguardian.com/commentisfree/2021/jun/18/joe-biden-democracy-us-president-visit-europe-domestic-politics		2068
2021-05-24	interview	Interview with Sean Carroll on “Democracy as a Problem-Solving Mechanism”, Mindscape	https://henryfarrell.net/interview-with-sean-carroll-on-democracy-as-a-problem-solving-mechanism-mindscape/	http://bactra.org/	https://www.preposterousuniverse.com/podcast/2021/05/24/148-henry-farrell-on-democracy-as-a-problem-solving-mechanism/	968
2021-05-24	essay	Rechanneling Beliefs: How Information Flows Help or Hinder Democracy with Bruce Schneier	https://henryfarrell.net/rechanneling-beliefs-how-information-flows-help-or-hinder-democracy-with-bruce-schneier/	https://snfagora.jhu.edu/publication/rechanneling-beliefs/		2781
2021-05-20	essay	Grassroots’ Bot Campaigns are Coming. Governments Don’t Have a Plan to Stop Them with Bruce Schneier	https://henryfarrell.net/grassroots-bot-campaigns-are-coming-governments-dont-have-a-plan-to-stop-them-with-bruce-schneier/	https://www.washingtonpost.com/outlook/2021/05/20/ai-bots-grassroots-astroturf/		1835
2021-05-13	academic-article	Useful for What and Useful to Whom? IR and Its Public – with Jack Knight	https://henryfarrell.net/useful-for-what-and-useful-to-whom-ir-and-its-public/	https://doi.org/10.1093/isr/viab019		1114
2021-04-26	book-chapter	“Great Britain: Falling Through the Holes in the Network Concept,” in Local Production Systems in Europe: Rise or Demise? – with Colin Crouch – ed. Colin Crouch et al.	https://henryfarrell.net/great-britain-falling-through-the-holes-in-the-network-concept-in-local-production-systems-in-europe-rise-or-demise-with-colin-crouch-ed-colin-crouch-et-al/	https://academic.oup.com/book/52194/chapter-abstract/421080507?redirectedFrom=fulltext		1381
2021-04-04	essay	The New Age of Protectionism – with Abraham Newman	https://henryfarrell.net/the-new-age-of-protectionism-with-abraham-newman/	https://www.foreignaffairs.com/articles/europe/2021-04-05/new-age-protectionism		806
2021-03-02	book-chapter	Weaponized Interdependence and Networked Coercion: A Research Agenda – with Abraham Newman	https://henryfarrell.net/weaponized-interdependence-and-networked-coercion-a-research-agenda-with-abraham-newman/	https://www.amazon.com/Uses-Abuses-Weaponized-Interdependence/dp/0815738374?crid=39C7LZ1FIAY07&amp;keywords=weaponized+interdependence&amp;qid=1639972796&amp;sprefix=weaponized+inter,aps,82&amp;sr=8-1&amp;linkCode=sl1&amp;tag=henryfarrell-20&amp;linkId=8ef1ea6c5174599bfc34693739cee8f9&amp;language=en_US&amp;ref_=as_li_ss_tl	https://www.amazon.com/Uses-Abuses-Weaponized-Interdependence/dp/0815738374?crid=39C7LZ1FIAY07&amp;keywords=weaponized+interdependence&amp;qid=1639972796&amp;sprefix=weaponized+inter,aps,82&amp;sr=8-1&amp;linkCode=sl1&amp;tag=henryfarrell-20&amp;linkId=8ef1ea6c5174599bfc34693739cee8f9&amp;language=en_US&amp;ref_=as_li_ss_tl	943
2021-03-02	book-chapter	“Weaponized Interdependence and Networked Coercion: A Research Agenda,” in The Uses and Abuses of Weaponized Interdependence – with Abraham Newman – eds. Daniel Drezner, Henry Farrell and Abraham Newman	https://henryfarrell.net/weaponized-interdependence-and-networked-coercion-a-research-agenda-the-uses-and-abuses-of-weaponized-interdependence-with-abraham-newman-eds-daniel-drezner-henry-farrell-and-abraham-newman/			3785
2021-02-09	academic-article	The Janus Face of the Liberal International Information Order: When Global Institutions are Self-Undermining – with Abraham Newman	https://henryfarrell.net/the-janus-face-of-the-liberal-international-information-order-when-global-institutions-are-self-undermining/	https://doi.org/10.1017/S0020818320000302		1407
2021-01-07	essay	A Cynical Election Ploy Like Hawley and Cruz’s Looks Harmless. Until It Isn’t with Elizabeth Saunders	https://henryfarrell.net/a-cynical-election-ploy-like-hawley-and-cruzs-looks-harmless-until-it-isnt-with-elizabeth-saunders/	https://www.washingtonpost.com/outlook/a-cynical-ploy-like-hawley-and-cruzs-looks-harmless-until-it-isnt/2021/01/07/9ce6d10e-5091-11eb-b96e-0e54447b23a1_story.html		727
2020-11-23	essay	What Makes Trump’s Subversion Efforts So Alarming? His Collaborators – with Bruce Schneier	https://henryfarrell.net/what-makes-trumps-subversion-efforts-so-alarming-his-collaborators-with-bruce-schneier/	https://www.nytimes.com/2020/11/23/opinion/trump-republicans-election-2020.html		1480
2020-09-08	book-chapter	Public Governance and Global Politics after COVID-19, COVID-19 and World Order: The Future of Conflict, Competition, and Cooperation – with Hahrie Han – eds. Hal Brand and Francis J. Gavin	https://henryfarrell.net/public-governance-and-global-politics-after-covid-19-covid-19-and-world-order-the-future-of-conflict-competition-and-cooperation-with-hahrie-han-eds-hal-brand-and-francis-j-gavin/	https://muse.jhu.edu/chapter/2696567/pdf		1474
2020-07-04	essay	This Is What the Future of Globalization Will Look Like – with Abraham Newman	https://henryfarrell.net/this-is-what-the-future-of-globalization-will-look-like-with-abraham-newman/	https://foreignpolicy.com/2020/07/04/this-is-what-the-future-of-globalization-will-look-like/		778
2020-06-03	essay	The Folly of Decoupling From China – with Abraham Newman	https://henryfarrell.net/the-folly-of-decoupling-from-china-with-abraham-newman/	https://www.foreignaffairs.com/articles/china/2020-06-03/folly-decoupling-china		723
2020-05-01	interview	Interview with Sophie Roell on “The Best Books on the Politics of Information”	https://henryfarrell.net/interview-with-sophie-roell-on-the-best-books-on-the-politics-of-information/	https://www.economist.com/christmas-specials/2019/12/18/can-technology-plan-economies-and-destroy-democracy	https://fivebooks.com/best-books/politics-of-information-henry-farrell/	2368
2020-04-03	essay	A Most Lonely Union	https://henryfarrell.net/a-most-lonely-union/	https://foreignpolicy.com/2020/04/03/brexit-european-union-deglobalization/		985
2020-04-01	interview	“Panopticons and Chokepoints,” an interview with Richard Byrne	https://henryfarrell.net/panopticons-and-chokepoints-an-interview-with-richard-byrne/	https://www.wilsonquarterly.com/quarterly/who-writes-the-rules/panopticons-and-chokepoints		798
2020-04-01	essay	The Dangers of Moving All of Democracy Online with Marion Fourcade	https://henryfarrell.net/the-dangers-of-moving-all-of-democracy-online-with-marion-fourcade/	https://www.wired.com/story/opinion-the-dangers-of-moving-all-of-democracy-online/		312
2020-03-23	essay	Will Governments Restrict Foreign Access to Pandemic Supplies? – with Abraham Newman	https://henryfarrell.net/will-governments-restrict-foreign-access-to-pandemic-supplies-with-abraham-newman/	https://hbr.org/2020/03/will-governments-restrict-foreign-access-to-pandemic-supplies		2829
2020-03-16	essay	Will the Coronavirus End Globalization as We Know It? – with Abraham Newman	https://henryfarrell.net/will-the-coronavirus-end-globalization-as-we-know-it-with-abraham-newman/	https://www.foreignaffairs.com/articles/2020-03-16/will-coronavirus-end-globalization-we-know-it		793
2020-01-24	essay	The Twilight of America’s Financial Empire – with Abraham Newman	https://henryfarrell.net/the-twilight-of-americas-financial-empire-with-abraham-newman/	https://www.foreignaffairs.com/articles/2020-01-24/twilight-americas-financial-empire		761
2020-01-20	essay	In praise of negativity	https://henryfarrell.net/in-praise-of-negativity/	https://statmodeling.stat.columbia.edu/2020/07/22/is-it-better-to-be-more-positive/	https://amzn.to/2CZwZSr | https://amzn.to/39nP6gV | https://crookedtimber.org/2020/07/24/in-praise-of-negativity/	2078
2020-01-01	essay	Choke Points – with Abraham Newman	https://henryfarrell.net/choke-points-with-abraham-newman/	https://hbr.org/2020/01/choke-points		2082
2019-12-12	essay	Socialists Will Never Understand Elizabeth Warren (I’d have chosen a different title)	https://henryfarrell.net/socialists-will-never-understand-elizabeth-warren-id-have-chosen-a-different-title/	https://foreignpolicy.com/2019/12/12/elizabeth-socialist-understand-capitalism-pro-market-leftist/		731
2019-12-10	essay	Chained to Globalization – with Abraham Newman	https://henryfarrell.net/chained-to-globalization/	https://books.google.com/books?id=z8AiJOqO8rEC&amp;pg=PT361&amp;lpg=PT361&amp;dq=%22system+built+around+walls+to+a+system+increasingly+built+around+networks%22&amp;source=bl&amp;ots=f0RuS7nkXo&amp;sig=ACfU3U2fHdtX2czDbnO_mUJzOHTRNQA0Sw&amp;hl=en&amp;sa=X&amp;ved=2ahUKEwiyubSUndblAhUPy1kKHTiaCjkQ6AEwAXoECAYQAQ#v=onepage&amp;q&amp;f=false	https://www.foreignaffairs.com/articles/united-states/2019-12-10/chained-globalization	677
2019-10-23	interview	Interview with economist Tyler Cowen on Weaponized Interdependence, Big Tech, and Playing with Ideas	https://henryfarrell.net/interview-with-economist-tyler-cowen-on-weaponized-interdependence-big-tech-and-playing-with-ideas/	https://conversationswithtyler.com/episodes/henry-farrell/		887
2019-09-01	essay	Weaponized Globalization: Huawei and the Emerging Battle over 5G Networks – with Abraham Newman	https://henryfarrell.net/weaponized-globalization-huawei-and-the-emerging-battle-over-5g-networks-with-abraham-newman/	http://www.globalasia.org/v14no3/cover/weaponized-globalization-huawei-and-the-emerging-battle-over-5g-networks_henry-farrellabraham-newman		3134
2019-09-01	essay	US and China are Weaponising Global Trade Networks – with Abraham Newman	https://henryfarrell.net/us-and-china-are-weaponising-global-trade-networks-with-abraham-newman/	https://www.ft.com/content/a8ab8cd2-c99c-11e9-af46-b09e8bfe60c0		173
2019-08-02	essay	Don’t Ask How to Pay for Climate Change. Ask Who	https://henryfarrell.net/dont-ask-how-to-pay-for-climate-change-ask-who/	https://www.wired.com/story/dont-ask-how-to-pay-for-climate-change-ask-who/		2413
2019-07-31	essay	Introducing a New Paper on Weaponized Interdependence – with Abraham Newman	https://henryfarrell.net/introducing-a-new-paper-on-weaponized-interdependence-with-abraham-newman/	https://www.lawfareblog.com/introducing-new-paper-weaponized-interdependence		2796
2019-07-01	academic-article	Weaponized Interdependence: How Global Economic Networks Shape State Coercion – with Abraham Newman	https://henryfarrell.net/weaponized-interdependence-how-global-economic-networks-shape-state-coercion/	https://doi.org/10.1162/isec_a_00351		1881
2019-06-20	essay	Weaponized Interdependence – with Abraham Newman	https://henryfarrell.net/weaponized-interdependence/	https://www.dropbox.com/scl/fi/5wcqp320thc9sqj8in7zx/Weaponized-Interdependence_IS_Submission.pdf?rlkey=m97x5jke1rdwexauuadx7tbp5&amp;e=1&amp;dl=0		1641
2019-05-15	essay	“Democracy’s Dilemma” with responses from Riana Pfefferkorn, Joseph Nye, Anna Grzymala-Busse, Allison Berke, Jason Healey, Astra Taylor and danah boyd, and a reply to the responses by Henry Farrell and Bruce Schneier. with Bruce Schneier	https://henryfarrell.net/democracys-dilemma-with-responses-from-riana-pfefferkorn-joseph-nye-anna-grzymala-busse-allison-berke-jason-healey-astra-taylor-and-danah-boyd-and-a-reply-to-the-responses-by-henry-farrell-an/	https://bostonreview.net/forum-henry-farrell-bruce-schneier-democracys-dilemma		2036
2019-05-14	essay	Democracy’s Dilemma – with Bruce Schneier	https://henryfarrell.net/democracys-dilemma-with-bruce-schneier/	https://www.bostonreview.net/forum/forum-henry-farrell-bruce-schneier-democracys-dilemma/		2150
2019-04-24	essay	By Punishing Iran, Trump is Weakening America – with Abraham Newman	https://henryfarrell.net/by-punishing-iran-trump-is-weakening-america-with-abraham-newman/	https://foreignpolicy.com/2019/04/24/by-punishing-iran-trump-is-weakening-america/		1099
2019-04-15	essay	America’s Misuse of Its Financial Infrastructure – with Abraham Newman	https://henryfarrell.net/americas-misuse-of-its-financial-infrastructure-with-abraham-newman/	https://nationalinterest.org/feature/america%E2%80%99s-misuse-its-financial-infrastructure-52707		3494
2019-04-05	essay	Facebook is Finally Learning to Love Privacy Laws (and Abraham Newman)	https://henryfarrell.net/facebook-is-finally-learning-to-love-privacy-laws-and-abraham-newman/	https://www.ft.com/content/67b25894-5621-11e9-8b71-f5b0066105fe		147
2019-03-10	essay	How Political Science Can Be Most Useful – with Jack Knight	https://henryfarrell.net/how-political-science-can-be-most-useful-with-jack-knight/	https://www.chronicle.com/article/How-Political-Science-Can-Be/245852		854
2019-01-28	essay	Defending Democratic Mechanisms and Institutions against Disinformation Attacks – with Bruce Schneier	https://henryfarrell.net/defending-democratic-mechanisms-and-institutions-against-disinformationattacks-with-bruce-schneier/	https://www.schneier.com/essays/archives/2019/01/defending_democratic.html		3820
2018-12-11	book-chapter	Privatization as State Transformation	https://henryfarrell.net/privatization-as-state-transformation-nomos-60/	https://www.degruyter.com/document/doi/10.18574/nyu/9781479842933.003.0008/html		1668
2018-11-27	academic-article	Stability of Democracies: A Complex Systems Perspective – with Karoline Wiesner, Alvin Birdi, Tina Eliassi-Rad, David Garcia, Stephan Lewandowsky, Patricia Palacios, Don Ross, Didier Sornet and Karim Thebault	https://henryfarrell.net/stability-of-democracies-a-complex-systems-perspective/	https://iopscience.iop.org/article/10.1088/1361-6404/aaeb4d		1071
2018-11-20	essay	Is a No Deal” Brexit Still Avoidable? Why the Irish Border Remains a Stumbling Block for Negotiations	https://henryfarrell.net/is-a-no-deal-brexit-still-avoidable-why-the-irish-border-remains-a-stumbling-block-for-negotiations/	https://www.foreignaffairs.com/articles/united-kingdom/2018-11-20/no-deal-brexit-still-avoidable?cid=int-flb&#038;pgtype=hpg		612
2018-11-19	essay	The Most Damaging Election Disinformation Campaign Came From Donald Trump, Not Russia with Bruce Schneier	https://henryfarrell.net/the-most-damaging-election-disinformation-campaign-came-from-donald-trump-not-russia-with-bruce-schneier/	https://motherboard.vice.com/en_us/article/mbyg3x/the-most-damaging-election-disinformation-campaign-came-from-donald-trump-not-russia		1504
2018-11-15	essay	Information Attacks on Democracies – with Bruce Schneier	https://henryfarrell.net/information-attacks-on-democracies-with-bruce-schneier/	https://www.lawfareblog.com/information-attacks-democracies		2383
2018-11-07	essay	Three Moral Economies of Data – with Nils Gilman	https://henryfarrell.net/three-moral-economies-of-data-with-nils-gilman/	https://www.the-american-interest.com/2018/11/07/three-moral-economies-of-data/		3355
2018-11-05	essay	Hypocrisy is a Useful Tool in Foreign Affairs. Trump is Too Crude to Play the Game with Martha Finnemore	https://henryfarrell.net/hypocrisy-is-a-useful-tool-in-foreign-affairs-trump-is-too-crude-to-play-the-game-with-martha-finnemore/	https://www.washingtonpost.com/outlook/2018/11/05/hypocrisy-is-useful-tool-foreign-affairs-trump-is-too-crude-play-game/		1025
2018-11-01	essay	The Wrong Way to Punish Iran with Abraham Newman	https://henryfarrell.net/the-wrong-way-to-punish-iran-with-abraham-newman/	https://www.nytimes.com/2018/11/01/opinion/swift-iran-sanctions.html		1972
2018-08-31	academic-article	Linkage Politics and Complex Governance in Transatlantic Surveillance – with Abraham Newman	https://henryfarrell.net/linkage-politics-and-complex-governance-in-transatlantic-surveillance/	https://www.cambridge.org/core/journals/world-politics/article/linkage-politics-and-complex-governance-in-transatlantic-surveillance/6CBF7194339A846B585FF697F8827DD9		1648
2018-07-13	essay	The New Economy’s Old Business Model is Dead	https://henryfarrell.net/the-new-economys-old-business-model-is-dead/	https://foreignpolicy.com/2018/07/13/the-new-economys-old-business-model-is-dead-automation-jobs-ai-technology/		2137
2018-06-08	book-chapter	“The Shared Challenges of Institutional Theories: Rational Choice,” in Historical Institutionalism, and Sociological Institutionalism, Knowledge and Institutions – eds. Johannes Glückler, Roy Suddaby and Regina Lenz	https://henryfarrell.net/the-shared-challenges-of-institutional-theories-rational-choice-historical-institutionalism-and-sociological-institutionalism-knowledge-and-institutions-eds-johannes-gluckler-roy-suddaby-an/	https://link.springer.com/chapter/10.1007/978-3-319-75328-7_2		1291
2018-05-10	essay	“The “Intellectual Dark Web,” Explained: What Jordan Peterson Has in Common with the Alt-Right”	https://henryfarrell.net/the-intellectual-dark-web-explained-what-jordan-peterson-has-in-common-with-the-alt-right/	https://www.vox.com/the-big-idea/2018/5/10/17338290/intellectual-dark-web-rogan-peterson-harris-times-weiss		1550
2018-04-10	essay	Mark Zuckerberg Runs a Nation-State, and He’s The King with Margaret Levi and Tim O’Reilly	https://henryfarrell.net/mark-zuckerberg-runs-a-nation-state-and-hes-the-king-with-margaret-levi-and-tim-oreilly/	https://www.vox.com/the-big-idea/2018/4/9/17214752/zuckerberg-facebook-power-regulation-data-privacy-control-political-theory-data-breach-king		1998
2018-03-29	essay	Northern Ireland’s Brexit Problem	https://henryfarrell.net/northern-irelands-brexit-problem/	https://www.foreignaffairs.com/articles/ireland/2018-03-29/northern-irelands-brexit-problem		658
2018-02-04	essay	Our Hackable Political Future The New York Times with Rick Perlstein	https://henryfarrell.net/our-hackable-political-future-the-new-york-times-with-rick-perlstein/	https://www.nytimes.com/2018/02/04/opinion/hacking-politics-future.html		1842
2018-01-17	essay	Saving Democratic Institutions from Corrupting Markets	https://henryfarrell.net/saving-democratic-institutions-from-corrupting-markets/	https://www.cato-unbound.org/2018/01/17/henry-farrell/saving-democratic-institutions-corrupting-markets		3348
2018-01-17	essay	American Democracy is an Easy Target	https://henryfarrell.net/american-democracy-is-an-easy-target/	http://foreignpolicy.com/2018/01/17/american-democracy-was-asking-for-it/		161
2018-01-16	essay	Philip K. Dick and the Fake Humans	https://henryfarrell.net/philip-k-dick-and-the-fake-humans-boston-review/	https://www.bostonreview.net/articles/henry-farrell-philip-k-dick-and-fake-humans/		2637
2017-12-19	essay	How Facebook Stymies Social Science	https://henryfarrell.net/how-facebook-stymies-social-science/	https://www.chronicle.com/article/How-Facebook-Stymies-Social/242090		929
2017-10-16	essay	This Year’s Economics Nobel winner Invented a Tool That’s Both Brilliant and Undemocratic	https://henryfarrell.net/this-years-economics-nobel-winner-invented-a-tool-thats-both-brilliant-and-undemocratic/	https://www.vox.com/the-big-idea/2017/10/16/16481836/nudges-thaler-nobel-economics-prize-undemocratic-tool		1655
2017-09-25	essay	Revolutionary Possibility (on China Mieville’s October)	https://henryfarrell.net/revolutionary-possibility-on-china-mievilles-october/	https://www.jacobinmag.com/2017/09/china-mieville-october-russian-revolution		2204
2017-09-04	essay	Brexit and the Northern Irish Border	https://henryfarrell.net/brexit-and-the-northern-irish-border/	https://www.foreignaffairs.com/articles/western-europe/2017-09-04/brexit-and-northern-irish-border?cid=int-lea&#038;pgtype=hpg		605
2017-08-30	essay	When Politics Drives Scholarship – with Steve Teles	https://henryfarrell.net/when-politics-drives-scholarship-with-steve-teles/	http://bostonreview.net/class-inequality/henry-farrell-steven-m-teles-when-politics-drives-scholarship		1679
2017-07-14	essay	Even the Intellectual Left is Drawn to Conspiracy Theories about the Right. Resist Them with Steven Teles	https://henryfarrell.net/even-the-intellectual-left-is-drawn-to-conspiracy-theories-about-the-right-resist-them-with-steven-teles/	https://www.vox.com/the-big-idea/2017/7/14/15967788/democracy-shackles-james-buchanan-intellectual-history-maclean		2345
2017-06-13	academic-article	Consensus, Dissensus and Economic Ideas: Economic Crisis and the Rise and Fall of Keynesianism – with John Quiggin	https://henryfarrell.net/consensus-dissensus-and-economic-ideas-economic-crisis-and-the-rise-and-fall-of-keynesianism/	https://doi.org/10.1093/isq/sqx010	https://doi.org/10.1093/isq/sqx010	1643
2017-05-30	essay	Trump’s No Hypocrite: And That’s Bad News for the International Order – with Martha Finnemore	https://henryfarrell.net/trumps-no-hypocrite-and-thats-bad-news-for-the-international-order-with-martha-finnemore/	https://www.foreignaffairs.com/articles/2017-05-30/trump-s-no-hypocrite		640
2017-03-31	academic-article	The Role of Effects, Saliencies and Norms in U.S. Cyberwar Doctrine – with Charles Glaser	https://henryfarrell.net/the-role-of-effects-saliencies-and-norms-in-u-s-cyberwar-doctrine/	https://doi.org/10.1093/cybsec/tyw015		1752
2017-02-01	academic-article	Brexit, Voice and Loyalty: Rethinking Electoral Politics in an Age of Interdependence – with Abraham Newman	https://henryfarrell.net/brexit-voice-and-loyalty-rethinking-electoral-politics-in-an-age-of-interdependence/	https://doi.org/10.1080/09692290.2017.1281831		1192
2017-01-15	essay	Facebook and Falsehood	https://henryfarrell.net/facebook-and-falsehood/	https://www.chronicle.com/article/FacebookFalsehood/238867		614
2017-01-01	essay	Disunited Kingdom	https://henryfarrell.net/disunited-kingdom/	http://democracyjournal.org/magazine/43/disunited-kingdom/		2000
2016-12-15	academic-article	The New Interdependence Approach: Theoretical Development and Empirical Demonstration – with Abraham Newman	https://henryfarrell.net/the-new-interdependence-approach-theoretical-development-and-empirical-demonstration/	https://doi.org/10.1080/09692290.2016.1247009		1561
2016-10-13	essay	How the Twilight of the Elites Explains Trump’s Appeal	https://henryfarrell.net/how-the-twilight-of-the-elites-explains-trumps-appeal/	http://www.vox.com/the-big-idea/2016/10/13/13259860/twilight-elites-trump-meritocracy		1646
2016-07-25	essay	Globalized Green Lanternism	https://henryfarrell.net/globalized-green-lanternism/	http://globalsummitry.oxfordjournals.org/content/early/2016/07/25/global.guw005		840
2016-06-28	essay	The Irish Question: The Consequences of Brexit	https://henryfarrell.net/the-irish-question-the-consequences-of-brexit/	https://www.foreignaffairs.com/articles/ireland/2016-06-28/irish-question		680
2016-05-02	book-chapter	“Global Institutions without a Global State,” in the Oxford Handbook on Historical Institutionalism – with Martha Finnemore – eds. Orfeo Fioretos, Tulia Falletti and Adam Sheingate	https://henryfarrell.net/global-institutions-without-a-global-state-oxford-handbook-on-historical-institutionalism-with-martha-finnemore-eds-orfeo-fioretos-tulia-falletti-and-adam-sheingate/	https://academic.oup.com/book/8563/chapter-abstract/154454595?redirectedFrom=fulltext		1084
2016-04-22	essay	The Panama Papers and Thomas Piketty: How the Leak May Transform Politics	https://henryfarrell.net/the-panama-papers-and-thomas-piketty-how-the-leak-may-transform-politics/	https://www.foreignaffairs.com/articles/world/2016-04-22/panama-papers-and-thomas-piketty		670
2016-03-09	essay	Bitcoin is Losing the Midas Touch	https://henryfarrell.net/bitcoin-is-losing-the-midas-touch/	https://www.ft.com/content/12e155dc-e5e4-11e5-a09b-1f8b0d268c39		1574
2016-03-07	essay	Called Out: The Global Consequences of Apple’s Fight with the FBI	https://henryfarrell.net/called-out-the-global-consequences-of-apples-fight-with-the-fbi/	https://www.foreignaffairs.com/articles/united-states/2016-03-07/called-out		626
2016-02-29	essay	Here Be Dragons	https://henryfarrell.net/here-be-dragons/	https://www.lawfareblog.com/here-be-dragons		3847
2015-12-14	essay	The Transatlantic Data War: Europe Fights Back against the NSA – with Abraham Newman	https://henryfarrell.net/the-transatlantic-data-war-europe-fights-back-against-the-nsa-with-abraham-newman/	https://www.foreignaffairs.com/articles/united-states/2015-12-14/transatlantic-data-war		887
2015-10-09	academic-article	Structuring Power: Business and Authority Beyond the Nation-State – with Abraham Newman	https://henryfarrell.net/structuring-power-business-and-authority-beyond-the-nation-state/	https://doi.org/10.1515/bap-2015-0007		1653
2015-06-19	book-chapter	“Cognitive Democracy,” in Youth, New Media and Political Participation – with Cosma Shalizi – eds. Danielle Allen and Jennifer Light	https://henryfarrell.net/cognitive-democracy-youth-new-media-and-political-participation-with-cosma-shalizi-eds-danielle-allen-and-jennifer-light/	https://doi.org/10.7208/9780226262437-011	https://www.degruyter.com/document/doi/10.7208/9780226262437-011/html?lang=en&amp;srsltid=AfmBOoqeSOb_34H4cdZt3va2Pc6YG_KBHdG0zkJ_MZdjHBn9lHckrzao	2289
2015-04-01	essay	Promoting Norms for Cyberspace	https://henryfarrell.net/promoting-norms-for-cyberspace/	https://www.cfr.org/report/promoting-norms-cyberspace		2594
2015-02-14	essay	Dark Leviathan	https://henryfarrell.net/dark-leviathan/	https://aeon.co/essays/why-the-hidden-internet-can-t-be-a-libertarian-paradise		1727
2014-11-11	essay	Ireland’s Cold War	https://henryfarrell.net/irelands-cold-war/	http://www.bostonreview.net/world/henry-farrell-ireland-cold-war-catholicism		1822
2014-10-30	essay	Big Brother’s Liberal Friends	https://henryfarrell.net/big-brothers-liberal-friends/	http://nationalinterest.org/feature/big-brother%E2%80%99s-liberal-friends-11515		2569
2014-08-10	academic-article	The New Politics of Interdependence: Cross-National Layering in Trans-Atlantic Regulatory Disputes – with Abraham Newman	https://henryfarrell.net/the-new-politics-of-interdependence-cross-national-layering-in-trans-atlantic-regulatory-disputes/	http://cps.sagepub.com/content/48/4/497.full.pdf+html		1358
2014-06-27	academic-article	New Problems, New Publics? Dewey and New Media	https://henryfarrell.net/new-problems-new-publics-dewey-and-new-media/	https://onlinelibrary.wiley.com/doi/abs/10.1002/1944-2866.POI363		797
2014-05-19	essay	Forget Me Not: What the EU’s New Internet Privacy Ruling Means for the United States – with Abraham Newman	https://henryfarrell.net/forget-me-not-what-the-eus-new-internet-privacy-ruling-means-for-the-united-states-with-abraham-newman/	https://www.foreignaffairs.com/articles/united-states/2014-05-19/forget-me-not		803
2014-03-28	essay	Domestic Institutions beyond the Nation-State: Charting the New Interdependence Approach – with Abraham Newman	https://henryfarrell.net/domestic-institutions-beyond-the-nation-state-charting-the-new-interdependence-approach/	https://www.cambridge.org/core/journals/world-politics	https://www.cambridge.org/core/journals/world-politics/volume/BAB2AB87A5DC7FBBD5948944E81914B7 | https://www.cambridge.org/core/journals/world-politics/issue/62EF509EA1E73AF763109D92A3E91CDF | https://www.cambridge.org/core/journals/world-politics/article/abs/domestic-institutions-beyond-the-nationstate-charting-the-new-interdependence-approach/7DE3D0A7988F221BCEC4A9988D68F38D	2159
2014-02-12	essay	Hypocrisy Hype (debate) with Michael Cohen and Martha Finnemore	https://henryfarrell.net/hypocrisy-hype-debate-with-michael-cohen-and-martha-finnemore/	http://www.foreignaffairs.com/articles/140760/michael-a-cohen-henry-farrell-and-martha-finnemore/hypocrisy-hype		688
2013-11-01	essay	The End of Hypocrisy with Martha Finnemore	https://henryfarrell.net/the-end-of-hypocrisy-with-martha-finnemore/	http://www.foreignaffairs.com/articles/140155/henry-farrell-and-martha-finnemore/the-end-of-hypocrisy		710
2013-10-01	essay	The Tech Intellectuals	https://henryfarrell.net/the-tech-intellectuals/	http://www.democracyjournal.org/30/the-tech-intellectuals.php		2473
2013-07-09	essay	Senseless Spying: The National Security Agency’s Self-Defeating Espionage Against the EU – with Abraham Newman	https://henryfarrell.net/senseless-spying-the-national-security-agencys-self-defeating-espionage-against-the-eu-with-abraham-newman/	http://www.foreignaffairs.com/articles/139567/henry-farrell-and-abraham-newman/senseless-spying		800
2013-07-03	essay	Half Poulantzas, Half Kindleberger	https://henryfarrell.net/half-poulantzas-half-kindleberger/	https://jacobin.com/2013/07/half-poulantzas-half-kindleberger/		912
2013-04-25	essay	There is no alternative	https://henryfarrell.net/there-is-no-alternative/	https://aeon.co/essays/the-left-is-now-too-weak-for-democracy-to-survive		2311
2013-03-22	essay	Tom Coburn Doesn’t Like Political Science	https://henryfarrell.net/tom-coburn-doesnt-like-political-science/	http://chronicle.com/blogs/conversation/2013/03/22/tom-coburn-doesnt-like-political-science		630
2013-03-15	academic-article	Watching from Afar: Media Consumption Patterns Around the Arab Spring – with Sean Aday, Deen Freelon, Marc Lynch, John Sides and Michael Dewar	https://henryfarrell.net/watching-from-afar-media-consumption-patterns-around-the-arab-spring/			1569
2013-03-02	essay	Slaves of Defunct Economists: Why Politicians Pursue Austerity Policies That Never Work	https://henryfarrell.net/slaves-of-defunct-economists-why-politicians-pursue-austerity-policies-that-never-work/	https://washingtonmonthly.com/2013/03/02/slaves-of-defunct-economists/		1298
2012-12-04	essay	A More Imperfect Union: On the European Central Bank	https://henryfarrell.net/a-more-imperfect-union-on-the-european-central-bank/	https://www.thenation.com/article/archive/more-imperfect-union-european-central-bank/		1853
2012-07-10	essay	Blogs and Bullets II: New Media and Conflict after the Arab Spring with Sean Aday, Marc Lynch, John Sides and Deen Freelon	https://henryfarrell.net/blogs-and-bullets-ii-new-media-and-conflict-after-the-arab-spring-with-sean-aday-marc-lynch-john-sides-and-deen-freelon/	http://www.usip.org/publications/blogs-and-bullets-ii-new-media-and-conflict-after-the-arab-spring		3859
2012-05-18	book-chapter	“Social Institutions among Economists in the Wake of the Financial Crisis,” in Economy and Society in Europe: A Relationship in Crisis – eds. Luigi Burroni, Maarten Keune and Gugliemo Mardi	https://henryfarrell.net/social-institutions-among-economists-in-the-wake-of-the-financial-crisis-in-economy-and-society-in-europe-a-relationship-in-crisis-eds-luigi-burroni-maarten-keune-and-gugliemo-mardi/	https://china.elgaronline.com/edcollchap/edcoll/9781849803656/9781849803656.00018.xml		612
2012-03-08	academic-article	The Consequences of the Internet for Politics	https://henryfarrell.net/the-consequences-of-the-internet-for-politics/	http://arjournals.annualreviews.org/eprint/9cMTd7KbkxQxxfWHas7c/full/10.1146/annurev-polisci-030810-110815		1156
2012-01-13	essay	Google and the Dread Pirate Roberts Strategy	https://henryfarrell.net/google-and-the-dread-pirate-roberts-strategy-2/	https://prospect.org/article/google-dread-pirate-roberts-strategy/		5988
2012-01-05	essay	How Enduring Is American Economic Inequality?	https://henryfarrell.net/how-enduring-is-american-economic-inequality-2/	https://prospect.org/article/enduring-american-economic-inequality/		1568
2011-12-06	essay	Zoned (On the European Union)	https://henryfarrell.net/zoned-on-the-european-union/	https://www.thenation.com/article/archive/zoned-european-union/		599
2011-11-05	essay	Do the Right Thing with – Cosma Shalizi	https://henryfarrell.net/do-the-right-thing-with-cosma-shalizi/	https://slate.com/technology/2011/11/does-nudge-policy-work-a-critique-of-sunstein-and-thaler.html		2091
2011-10-04	essay	Can the European Union Be Saved? with John Quiggin	https://henryfarrell.net/can-the-european-union-be-saved-with-john-quiggin/	https://www.thedailybeast.com/can-europe-be-saved/		1791
2011-08-30	essay	Bubble Trouble	https://henryfarrell.net/bubble-trouble/	https://prospect.org/culture/bubble-trouble/		3140
2011-04-26	essay	How to Save the Euro – and the EU: Reading Keynes in Brussels with John Quiggin	https://henryfarrell.net/how-to-save-the-euro-and-the-eu-reading-keynes-in-brussels-with-john-quiggin/	https://crookedtimber.org/2011/04/26/hard-keynesianism-in-the-european-union/		2603
2011-04-01	essay	Into the Breach: China Miéville’s Other Reality	https://henryfarrell.net/into-the-breach-china-mievilles-other-reality/	https://www.bostonreview.net/articles/henry-farrell-china-mieville/		1927
2011-01-01	essay	The State of Statelessness	https://henryfarrell.net/the-state-of-statelessness/	https://www.the-american-interest.com/2011/01/01/the-state-of-statelessness/		2805
2010-11-10	essay	A More Perfect Union	https://henryfarrell.net/a-more-perfect-union/	https://democracyjournal.org/magazine/18/a-more-perfect-union/		2742
2010-10-10	essay	Building a Political Science Public Sphere with Blogs with John Sides	https://henryfarrell.net/building-a-political-science-public-sphere-with-blogs-with-john-sides/	https://www.degruyter.com/document/doi/10.2202/1540-8884.1396/html?lang=en&#038;srsltid=AfmBOopsYX8-sxP55yOb-smYfQcX8TkVQThK4Dii39IicmnlKjGkiVj4		431
2010-10-09	academic-article	Making Global Markets: Historical Institutionalism in International Political Economy, Introduction to Special Issue on Historical Institutionalism and International Market Regulation – with Abraham Newman	https://henryfarrell.net/making-global-markets-historical-institutionalism-in-international-political-economy-introduction-to-special-issue-on-historical-institutionalism-and-international-market-regulation/			1489
2010-08-16	essay	Blogs and Bullets: New Media in Contentious Politics with Sean Aday, Marc Lynch, John Sides, John Kelly and Ethan Zuckerman,	https://henryfarrell.net/blogs-and-bullets-new-media-in-contentious-politics-with-sean-aday-marc-lynch-john-sides-john-kelly-and-ethan-zuckerman/	http://www.usip.org/files/resources/pw65.pdf		1004
2010-05-01	essay	Reading Milton Friedman in Dublin	https://henryfarrell.net/reading-milton-friedman-in-dublin/	https://washingtonmonthly.com/2010/05/01/reading-milton-friedman-in-dublin/		2110
2010-03-09	academic-article	Self-Segregation or Deliberation? Blog Readership, Participation and Polarization in American Politics – with Eric Lawrence and John Sides	https://henryfarrell.net/self-segregation-or-deliberation-blog-readership-participation-and-polarization-in-american-politics/	https://www.cambridge.org/core/journals/perspectives-on-politics/article/selfsegregation-or-deliberation-blog-readership-participation-and-polarization-in-american-politics/00D2B6743AAF448CDD1DA4FBB913BB05		1409
2010-02-26	essay	European Parliament Takes a Stand – with Abraham Newman	https://henryfarrell.net/european-parliament-takes-a-stand-with-abraham-newman/	https://foreignpolicy.com/2010/02/26/europes-parliament-takes-a-stand/		1189
2009-11-25	book-chapter	“Constructing Mid-Range Theories of Trust: The Role of Institutions” in Whom Can We Trust? How Groups, Networks, and Institutions Make Trust Possible (the Capstone volume of the Russell Sage Foundation project on Trust) – eds. Karen Cook, Russell Hardin and Margaret Levi	https://henryfarrell.net/constructing-mid-range-theories-of-trust-the-role-ofinstitutions-whom-can-we-trust-how-groups-networks-and-institutions-make-trust-possible-the-capstone-volume-of-the-russell-sage-foundation-pro/			1524
2009-07-31	book-chapter	The Invisible Transformation of the Co-decision Procedure: Problems of Democratic Legitimacy, Institutional Challenges in Post-Constitutional Europe: Governing Change eds. Catherine Moury and Luis de Sousa – with Adrienne Hèritier	https://henryfarrell.net/the-invisible-transformation-of-the-co-decision-procedure-problems-of-democratic-legitimacy-institutional-challenges-in-post-constitutional-europe-governing-change-eds-catherine-moury-and-luis-de/	https://www.sieps.se/en/publications/2003/the-invisible-transformation-of-codecision-problems-of-democratic-legitimacy-20037/		963
2009-06-25	essay	Do The Netroots Matter?	https://henryfarrell.net/do-the-netroots-matter/	https://prospect.org/culture/netroots-matter/		1983
2009-02-07	academic-article	Ontology, Methodology and Causation in the American School of International Political Economy – with Martha Finnemore	https://henryfarrell.net/methodology-and-causation-in-the-american-school-of-international-political-economy/			1602
2008-12-11	essay	Can Partisanship Save Citizenship?	https://henryfarrell.net/can-partisanship-save-citizenship/	https://prospect.org/features/can-partisanship-save-citizenship/		2703
2008-12-05	book-chapter	“Privacy in the Digital Age: States, Private Actors and Hybrid Arrangements,” in Governing Global Electronic Networks: International Perspectives on Power and Policy – eds. William Drake and Ernest Wilson	https://henryfarrell.net/private-actors-and-hybrid-arrangements-in-governing-global-electronic-networks-international-perspectives-on-power-and-policy-privacy-in-the-digital-age-states-eds-william-drake-and-ernest-wils/			1598
2008-10-09	academic-article	Institutions and Majority Rule in Online Communities – with Melissa Schwartzberg	https://henryfarrell.net/institutions-and-majority-rule-in-online-communities/	https://www.cambridge.org/core/journals/ethics-and-international-affairs/article/abs/norms-minorities-and-collective-choice-online/A697DC25B6743E451772C340DAB13E0A		2103
2008-07-07	book-chapter	“Socialist Surrealism: China Miéville’s New Crobuzon Novels,” in New Boundaries in Political Science Fiction – eds. Donald Hassler and Clyde Wilcox	https://henryfarrell.net/socialist-surrealism-china-mievilles-new-crobuzon-novels-new-boundaries-in-political-science-fiction-eds-donald-hassler-and-clyde-wilcox-university-of-south-carolina-press-2008/			1343
2008-03-01	essay	Balancing National Security and Commerce: Information Politics in the New Transatlantic Agenda	https://henryfarrell.net/balancing-national-security-and-commerce-information-politics-in-the-new-transatlantic-agenda/	https://www.jstor.org/stable/resrep18950		3854
2007-12-10	essay	Underworlds (Review Essay on Roberto Saviano’s Gomorrah)	https://henryfarrell.net/underworlds-review-essay-on-roberto-savianos-gomorrah/	https://www.thenation.com/article/archive/underworlds/		1628
2007-09-27	academic-article	Introduction: Blogs, Politics and Power – with Daniel W. Drezner	https://henryfarrell.net/introduction-blogs-politics-and-power/			872
2007-09-09	academic-article	The Power and Politics of Blogs	https://henryfarrell.net/the-power-and-politics-of-blogs/			785
2007-03-15	academic-article	“Conclusions,” in West European Politics – with Adrienne Hèritier	https://henryfarrell.net/conclusions/	https://www.tandfonline.com/toc/fwep20/30/2		912
2007-03-15	academic-article	Codecision and Institutional Change	https://henryfarrell.net/codecision-and-institutional-change/	https://www.tandfonline.com/doi/full/10.1080/01402380701239723		1167
2007-03-15	academic-article	Introduction: Contested Competences in the European Union	https://henryfarrell.net/introduction-contested-competences-in-the-european-union/	https://www.tandfonline.com/doi/full/10.1080/01402380701238741		1219
2007-03-09	academic-article	“Legislate or Delegate? Bargaining over Implementation and Legislative Authority in the European Union”	https://henryfarrell.net/legislate-or-delegate-bargaining-over-implementation-and-legislative-authority-in-the-european-union/	https://www.researchgate.net/publication/5015306_Legislate_or_Delegate_Bargaining_over_Implementation_and_Legislative_Authority_in_the_European_Union		1863
2006-09-14	essay	Bloggers and Parties: Can the Netroots Reshape American Democracy?	https://henryfarrell.net/bloggers-and-parties-can-the-netroots-reshape-american-democracy/	https://www.bostonreview.net/articles/henry-farrell-bloggers-and-parties-internet-politics/		4464
2006-08-17	academic-article	A Rationalist-Institutionalist Explanation of Endogenous Regional Integration	https://henryfarrell.net/a-rationalist-institutionalist-explanation-of-endogenous-regional-integration/	https://www.tandfonline.com/doi/abs/10.1080/13501760500044017		1217
2006-07-02	essay	Privacy in Europe Suffers in Terror War	https://henryfarrell.net/privacy-in-europe-suffers-in-terror-war/	https://www.ft.com/content/52fc56ba-09f5-11db-ac3b-0000779e2340		167
2006-06-01	academic-article	Regulating Information Flows: States, Private Actors and E-Commerce	https://henryfarrell.net/regulating-information-flows-states-private-actors-and-e-commerce/	https://www.annualreviews.org/content/journals/10.1146/annurev.polisci.9.060804.162744		1001
2006-03-06	essay	Remaking Fantasy: China Miéville’s New Crobuzon Novels	https://henryfarrell.net/remaking-fantasy-china-mievilles-new-crobuzon-novels/	https://www.nplusonemag.com/online-only/online-only/fantasy-remade-china-mi-villes-new-crobuzon-novels/		3384
2005-10-07	essay	The Blogosphere as a Carnival of Ideas	https://henryfarrell.net/the-blogosphere-as-a-carnival-of-ideas/	https://www.chronicle.com/article/the-blogosphere-as-a-carnival-of-ideas/		597
2005-09-01	book-chapter	“The Political Economy of the Internet and E-Commerce,” in Political Economy and the Changing Global Order (third edition) – eds. Richard Stubbs and Geoffrey R.D. Underhill	https://henryfarrell.net/the-political-economy-of-the-internet-and-e-commerce-in-political-economy-and-the-changing-global-order-third-edition-eds-richard-stubbs-and-geoffrey-r-d-underhill/			1761
2005-07-22	book-chapter	“Transnational Actors and the Transatlantic Relationship in E-Commerce” in The Negotiation of the Safe Harbor Arrangement, Creating a Transatlantic Marketplace – ed. Michelle Egan	https://henryfarrell.net/transnational-actors-and-the-transatlantic-relationship-in-e-commerce-the-negotiation-of-the-safe-harbor-arrangement-creating-a-transatlantic-marketplace-ed-michelle-egan/			1962
2005-06-09	academic-article	Trust and Political Economy: Comparing the Effects of Institutions on Inter-Firm Cooperation	https://henryfarrell.net/trust-and-political-economy-comparing-the-effects-of-institutions-on-inter-firm-cooperation/	https://journals.sagepub.com/doi/10.1177/0010414004273506		1073
2004-12-09	academic-article	Interorganizational Cooperation and Intraorganizational Power: Early Agreements under Codecision and Their Impact on the Parliament and the Council – with Adrienne Hèritier	https://henryfarrell.net/interorganizational-cooperation-and-intraorganizational-power-early-agreements-under-codecision-and-their-impact-on-the-parliament-and-the-council/	https://journals.sagepub.com/doi/abs/10.1177/0010414004269833		1515
2004-11-01	essay	Web of Influence – with Daniel W. Drezner	https://henryfarrell.net/web-of-influence-with-daniel-w-drezner/	https://foreignpolicy.com/2009/10/26/web-of-influence/		4840
2004-05-20	book-chapter	“Trust, Distrust, and Power” in Distrust – ed. Russell Hardin	https://henryfarrell.net/trust-distrust-and-power-in-distrust-ed-russell-hardin/			1486
2004-02-26	book-chapter	“Collective Goods in the Local Economy: The Packaging Machinery Cluster in Bologna,” Local Production Systems in Europe: Reconstruction and Innovation – with Ann-Louise Holten – ed. Colin Crouch, Patrick Le Galès, Carlo Trigilia and Helmut Voelzkow	https://henryfarrell.net/collective-goods-in-the-local-economy-the-packaging-machinery-cluster-in-bologna-local-production-systems-in-europe-reconstruction-and-innovation-with-ann-louise-holten-ed-colin-crouch-patric/	https://doi.org/10.1093/0199259402.003.0003		2055
2004-02-09	academic-article	Breaking the Path of Institutional Development: Alternatives to the New Determinism in Political Economy	https://henryfarrell.net/breaking-the-path-of-institutional-development-alternatives-to-the-new-determinism-in-political-economy/	https://journals.sagepub.com/doi/10.1177/1043463104039874		1481
2003-12-09	academic-article	Trust, Institutions and Institutional Evolution: Industrial Districts and the Social Capital Hypothesis – with Jack Knight	https://henryfarrell.net/trust-institutions-and-institutional-evolution-industrial-districts-and-the-social-capital-hypothesis/	https://journals.sagepub.com/doi/abs/10.1177/0032329203256954		839
2003-09-17	academic-article	Formal and Informal Institutions under Codecision: Continuous Constitution-Building in Europe – with Adrienne Hèritier	https://henryfarrell.net/formal-and-informal-institutions-under-codecision-continuous-constitution-building-in-europe/	https://onlinelibrary.wiley.com/doi/10.1111/1468-0491.00229		1403
2003-07-01	essay	The Invisible Transformation of the Co-decision Procedure: Problems of Democratic Legitimacy. – with Adrienne Hèritier	https://henryfarrell.net/the-invisible-transformation-of-the-co-decision-procedure-problems-of-democratic-legitimacy-with-adrienne-heritier/	https://www.sieps.se/en/publications/2003/the-invisible-transformation-of-codecision-problems-of-democratic-legitimacy-20037/		617
2003-04-15	academic-article	Constructing the International Foundations of E-Commerce: The EU-US Safe Harbor Arrangement	https://henryfarrell.net/constructing-the-international-foundations-of-e-commerce-the-eu-us-safe-harbor-arrangement/	https://www.cambridge.org/core/journals/international-organization/article/abs/constructing-the-international-foundations-of-ecommercethe-euus-safe-harbor-arrangement/1D142378F1DA602FC822B1A1A36AE02F		1507
2002-05-28	book-chapter	“Negotiating Privacy across Arenas – The EU-US ‘Safe Harbor’ Discussions,” in Common Goods: Reinventing European and International Governance – ed. Adrienne Hèritier	https://henryfarrell.net/negotiating-privacy-across-arenas-the-eu-us-safe-harbor-discussions-in-common-goods-reinventing-european-and-international-governance-ed-adrienne-heritier/			2120
2002-05-01	academic-article	Hybrid Institutions and the Law: Interface Solutions or Outlaw Arrangements?	https://henryfarrell.net/hybrid-institutions-and-the-law-interface-solutions-or-outlaw-arrangements/	https://www.degruyter.com/document/doi/10.1515/zfrs-2002-0103/html		1377
1999-01-09	academic-article	Piecing Together the Democratic Peace: The CSCE, Norms and the ‘Construction’ of Security in Post-Cold War Europe – With Gregory Flynn	https://henryfarrell.net/piecing-together-the-democratic-peace-the-csce-norms-and-the-construction-of-security-in-post-cold-war-europe/	https://www.cambridge.org/core/journals/international-organization/article/abs/piecing-together-the-democratic-peace-the-csce-norms-and-the-construction-of-security-in-postcold-war-europe/DB2E2515071761AE275F615049B0F61D		786
