openalex_id	year	date	type	title	venue	doi	oa_status	cited_by_count	has_abstract	best_oa_pdf_url	best_oa_landing_url	authors
W7125813455	2026	2026-01-01	report	The US dollar system as a source of international disorder		https://doi.org/10.5871/global-disorder/9780856727146	gold	0	no	https://doi.org/10.5871/global-disorder/9780856727146	https://doi.org/10.5871/global-disorder/9780856727146	Daniel Davies; Henry Farrell
W4408399347	2025	2025-03-13	article	Large AI models are cultural and social technologies	Science	https://doi.org/10.1126/science.adt9819	closed	61	yes			Henry Farrell; Alison Gopnik; Cosma Rohilla Shalizi; James Evans
W4408532955	2025	2025-03-17	article	Driven to Self-Reliance: Technological Interdependence and the Chinese Innovation Ecosystem	International Studies Quarterly	https://doi.org/10.1093/isq/sqaf017	hybrid	13	yes	https://academic.oup.com/isq/article-pdf/69/2/sqaf017/62427679/sqaf017.pdf	https://doi.org/10.1093/isq/sqaf017	Yeling Tan; Mark Dallas; Henry Farrell; Abraham L. Newman
W4411364750	2025	2025-06-17	article	AI as Governance	Annual Review of Political Science	https://doi.org/10.1146/annurev-polisci-040723-013245	hybrid	13	yes	https://arthurspirling.org/documents/MorucciSpirling_JustDoOLS.pdf	https://doi.org/10.1146/annurev-polisci-040723-013245	Henry Farrell
W7115064348	2025	2025-01-01	article	The Moral Economy of High-Tech Modernism	Journal of Economic Sociology	https://doi.org/10.17323/1726-3247-2025-5-38-52	diamond	0	yes	https://doi.org/10.17323/1726-3247-2025-5-38-52	https://doi.org/10.17323/1726-3247-2025-5-38-52	Henry Farrell; Marion Fourcade
W4392806351	2024	2024-03-14	article	Bias, Skew, and Search Engines Are Sufficient to Explain Online Toxicity	Communications of the ACM	https://doi.org/10.1145/3624715	bronze	0	yes	https://dl.acm.org/doi/pdf/10.1145/3624715	https://doi.org/10.1145/3624715	Cosma Rohilla Shalizi; Henry Farrell
W4322576273	2023	2023-01-01	article	The Moral Economy of High-Tech Modernism	Daedalus	https://doi.org/10.1162/daed_a_01982	hybrid	28	yes	https://direct.mit.edu/daed/article-pdf/152/1/225/2072591/daed_a_01982.pdf	https://doi.org/10.1162/daed_a_01982	Henry Farrell; Marion Fourcade
W4322576249	2023	2023-01-01	article	Reducing the Transactional Value of Identity & Race	Daedalus	https://doi.org/10.1162/daed_a_01974	hybrid	0	yes		http://dx.doi.org/10.1162/daed_a_01974	Henry Farrell; Margaret Levi
W4229369015	2022	2022-05-09	article	Weak links in finance and supply chains are easily weaponized	Nature	https://doi.org/10.1038/d41586-022-01254-5	closed	44	no			Henry Farrell; Abraham L. Newman
W4289130743	2022	2022-08-01	article	Analytical Democratic Theory: A Microfoundational Approach	American Political Science Review	https://doi.org/10.1017/s0003055422000715	hybrid	28	yes	https://www.cambridge.org/core/services/aop-cambridge-core/content/view/739A9A928A99A47994E4585059B03398/S0003055422000715a.pdf/div-class-title-analytical-democratic-theory-a-microfoundational-approach-div.pdf	https://doi.org/10.1017/s0003055422000715	Henry Farrell; Hugo Mercier; Melissa Schwartzberg
W4213007810	2022	2022-01-01	book-chapter	Zmilitaryzowana współzależność. Jak sieci gospodarcze kształtują przymus państwowy		https://doi.org/10.31338/uw.9788323550075.pp.693-708	closed	0	yes			Henry Farrell; Abraham L. Newman; Gracjan Cimek
W3129169684	2021	2021-01-01	article	The Janus Face of the Liberal International Information Order: When Global Institutions Are Self-Undermining	International Organization	https://doi.org/10.1017/s0020818320000302	bronze	83	yes	https://www.cambridge.org/core/services/aop-cambridge-core/content/view/D26879F5748D8F912FF739D3A9C1CBD7/S0020818320000302a.pdf/div-class-title-the-janus-face-of-the-liberal-international-information-order-when-global-institutions-are-self-undermining-div.pdf	https://doi.org/10.1017/s0020818320000302	Henry Farrell; Abraham L. Newman
W4285541302	2021	2021-01-01	book-chapter	7. The Democratic Consequences of the New Public Sphere		https://doi.org/10.7208/chicago/9780226748603.003.0008	closed	24	no			Henry Farrell; Melissa Schwartzberg
W3160797802	2021	2021-05-13	article	Pragmatism in IR: The Prospects for Substantive Theorizing	International Studies Review	https://doi.org/10.1093/isr/viab019	closed	8	yes			Simon Frankel Pratt; Sebastian Schmidt; Deborah Avant; Molly Cochran; Patrick Thaddeus Jackson; Henry Farrell; Jack Knight; Günther Hellmann
W4415581754	2021	2021-01-01	other	Weaponized Interdependence and Networked Coercion		https://doi.org/10.5040/9780815750352.ch-017	closed	2	no			Henry Farrell; Abraham L. Newman
W4415581495	2021	2021-01-01	other	Weaponized Interdependence		https://doi.org/10.5040/9780815750352.ch-002	closed	0	no			HENRY FARRELL ABRAHAM L. NEWMAN
W2981496525	2020	2020-07-10	article	What science can do for democracy: a complexity science approach	Humanities and Social Sciences Communications	https://doi.org/10.1057/s41599-020-0518-0	gold	20	yes	https://www.nature.com/articles/s41599-020-0518-0.pdf	https://doi.org/10.1057/s41599-020-0518-0	Tina Eliassi‐Rad; Henry Farrell; David García; Stephan Lewandowsky; Patricia Palacios; Don Ross; Didier Sornette; Karim P. Y. Thébault; Karoline Wiesner
W3112985967	2020	2020-01-01	article	Public governance and global politics after COVID-19			closed	3	no			Henry Farrell; Hahrie Han
W2965425066	2019	2019-01-01	article	Weaponized Interdependence: How Global Economic Networks Shape State Coercion	International Security	https://doi.org/10.1162/isec_a_00351	hybrid	1610	yes		https://doi.org/10.1162/isec_a_00351	Henry Farrell; Abraham L. Newman
W2933024084	2019	2019-04-02	other	Of Privacy and Power: The Transatlantic Struggle over Freedom and Security		https://doi.org/10.1515/9780691189956	closed	145	yes			Henry Farrell; Abraham L. Newman
W2974151213	2019	2019-09-19	book-chapter	7. Privatization as State Transformation	New York University Press eBooks	https://doi.org/10.18574/nyu/9781479842933.003.0008	closed	9	no			Henry Farrell
W3098420754	2019	2019-03-01	article	Democracy’s Dilemma			closed	1	no			Henry Farrell; Bruce Schneier
W4231876870	2019	2019-05-11	paratext	Frontmatter	Princeton University Press eBooks	https://doi.org/10.1515/9780691189956-fm	bronze	0	no	https://www.degruyter.com/downloadpdf/book/9780691189956/10.1515/9780691189956-fm.pdf	https://doi.org/10.1515/9780691189956-fm	Henry Farrell; Abraham L. Newman
W4254569592	2019	2019-05-11	book-chapter	2. Domestic Security and Privacy in the Transatlantic Space	Princeton University Press eBooks	https://doi.org/10.1515/9780691189956-006	closed	0	no			Henry Farrell; Abraham L. Newman
W3212666023	2019	2019-04-02	book	Of Privacy and Power	Princeton University Press eBooks	https://doi.org/10.1515/9780691189956	closed	0	no			Henry Farrell; Abraham L. Newman
W4251545421	2019	2019-05-11	book-chapter	4. Cross- National Layering and the Regulation of Terrorist Financial Tracking	Princeton University Press eBooks	https://doi.org/10.1515/9780691189956-008	closed	0	no			Henry Farrell; Abraham L. Newman
W4244873559	2019	2019-05-11	book-chapter	5. Insulation and the Transformation of Commercial Privacy Disputes	Princeton University Press eBooks	https://doi.org/10.1515/9780691189956-009	closed	0	no			Henry Farrell; Abraham L. Newman
W4205742844	2019	2019-05-11	book-chapter	1. Politics in an Age of Interdependence	Princeton University Press eBooks	https://doi.org/10.1515/9780691189956-005	closed	0	no			Henry Farrell; Abraham L. Newman
W4234934461	2019	2019-05-11	paratext	Preface	Princeton University Press eBooks	https://doi.org/10.1515/9780691189956-003	closed	0	no			Henry Farrell; Abraham L. Newman
W4242073026	2019	2019-05-11	book-chapter	Conclusion: Information, Power, and World Politics	Princeton University Press eBooks	https://doi.org/10.1515/9780691189956-010	closed	0	no			Henry Farrell; Abraham L. Newman
W4247837239	2019	2019-05-11	book-chapter	Introduction: Freedom and Security in the New Interdependence	Princeton University Press eBooks	https://doi.org/10.1515/9780691189956-004	closed	0	no			Henry Farrell; Abraham L. Newman
W4247014765	2019	2019-05-11	book-chapter	3. Competing Atlantic Alliances and the Fight over Airline Passenger Data Sharing	Princeton University Press eBooks	https://doi.org/10.1515/9780691189956-007	closed	0	no			Henry Farrell; Abraham L. Newman
W2806232282	2018	2018-01-01	book-chapter	The Shared Challenges of Institutional Theories: Rational Choice, Historical Institutionalism, and Sociological Institutionalism	Knowledge and space	https://doi.org/10.1007/978-3-319-75328-7_2	hybrid	68	yes		https://doi.org/10.1007/978-3-319-75328-7_2	Henry Farrell
W2904167932	2018	2018-01-01	preprint	Common-Knowledge Attacks on Democracy	SSRN Electronic Journal	https://doi.org/10.2139/ssrn.3273111	green	61	no		https://doi.org/10.2139/ssrn.3273111	Henry Farrell; Bruce Schneier
W2889216000	2018	2018-08-31	article	Linkage Politics and Complex Governance in Transatlantic Surveillance	World Politics	https://doi.org/10.1017/s0043887118000114	closed	56	yes			Henry Farrell; Abraham L. Newman
W2804786468	2018	2018-05-01	article	What future for a democratic Europe following Brexit?	The Tocqueville Review/La revue Tocqueville	https://doi.org/10.3138/ttr.39.1.37	closed	2	yes			Jean Arthuis; Henry Farrell
W2901867219	2018	2018-11-20	article	Is a “No Deal” Brexit Still Avoidable?	Foreign Affairs		closed	0	no			Henry Farrell
W2794475594	2018	2018-03-29	article	Northern Ireland's Brexit Problem	Foreign Affairs		closed	0	no			Henry Farrell
W2751492950	2017	2017-06-01	article	Consensus, Dissensus, and Economic Ideas: Economic Crisis and the Rise and Fall of Keynesianism	International Studies Quarterly	https://doi.org/10.1093/isq/sqx010	bronze	131	yes	https://academic.oup.com/isq/article-pdf/61/2/269/19729887/sqx010.pdf	https://doi.org/10.1093/isq/sqx010	Henry Farrell; John Quiggin
W2584184109	2017	2017-02-01	editorial	BREXIT, voice and loyalty: rethinking electoral politics in an age of interdependence	Review of International Political Economy	https://doi.org/10.1080/09692290.2017.1281831	closed	42	yes			Henry Farrell; Abraham L. Newman
W4241271334	2017	2017-03-09	book-chapter	Global Institutions without a Global State	Oxford University Press eBooks	https://doi.org/10.1093/acprof:oso/9780198744023.003.0007	closed	26	yes			Henry Farrell; Martha Finnemore
W2760304013	2017	2017-09-21	book-review	American Amnesia: How the War on Government Led Us to Forget What Made America Prosper. By Jacob S. Hacker and Paul Pierson. New York: Simon & Schuster, 2016.	The Journal of Politics	https://doi.org/10.1086/693733	closed	17	no			Nicholas Carnes; Henry Farrell; Thomas E. Mann
W3121407482	2017	2017-03-18	article	The role of effects, saliencies and norms in US Cyberwar doctrine	Journal of Cybersecurity	https://doi.org/10.1093/cybsec/tyw015	gold	12	yes	https://academic.oup.com/cybersecurity/article-pdf/3/1/7/11155832/tyw015.pdf	https://doi.org/10.1093/cybsec/tyw015	Henry Farrell; Charles L. Glaser
W2753729386	2017	2017-09-04	article	Brexit and the Northern Irish Border	Foreign Affairs		closed	0	no			Henry Farrell
W2618932352	2017	2017-05-30	article	Trump’s No Hypocrite	Foreign Affairs		closed	0	no			Henry Farrell; Martha Finnemore
W2906780934	2017	2017-07-05	book-chapter	Pay in Blood		https://doi.org/10.4324/9781315130798-31	closed	0	yes			Henry Farrell
W2561429927	2016	2016-09-02	article	The new interdependence approach: theoretical development and empirical demonstration	Review of International Political Economy	https://doi.org/10.1080/09692290.2016.1247009	closed	203	yes			Henry Farrell; Abraham L. Newman
W2520634895	2016	2016-01-01	preprint	The Role of Effects, Saliencies and Norms in U.S. Cyberwar Doctrine	SSRN Electronic Journal	https://doi.org/10.2139/ssrn.2836066	green	22	no		https://doi.org/10.2139/ssrn.2836066	Henry Farrell; Charles Glaser
W2481484285	2016	2016-05-02	book	Global Institutions without a Global State	Oxford University Press eBooks	https://doi.org/10.1093/oxfordhb/9780199662814.013.34	closed	5	yes			Henry Farrell; Martha Finnemore
W2554444956	2016	2016-04-22	article	The Panama Papers and Thomas Piketty	Foreign Affairs		closed	0	no			Henry Farrell
W2522362390	2016	2016-06-24	article	Consensus, Dissensus and Keynesianism during the Economic Crisis	28th Annual Meeting		closed	0	no			Henry Farrell
W2922779539	2016	2016-01-01	article	La guerra trasatlántica de la información	Foreign affairs en español		closed	0	yes			Henry Farrell; Abraham Newman
W4408306992	2016	2016-01-05	book-chapter	Postscript	The New Press eBooks	https://doi.org/10.2307/jj.26193224.44	closed	0	no			Henry Farrell
W2560789490	2016	2016-01-01	article	La guerra trasatlántica de la información: Europa defiende la privacidad	Foreign affairs: Latinoamérica		closed	0	yes			Henry Farrell; Abraham Newman
W2427837642	2016	2016-06-01	book-review	Undoing the Demos: Neoliberalism’s Stealth Revolution. Wendy Brown. Cambridge, MA: The Massachusetts Institute of Technology Press 2015. 296p. $29.95 - The Politics of Advanced Capitalism. Edited by Pablo Beramendi, Silja Häusermann, Herbert Kitschelt and Hanspieter Kriesi. New York: Cambridge University Press 2015. 472p. $94.99 cloth, $39.99 paper.	Perspectives on Politics	https://doi.org/10.1017/s1537592716000785	closed	0	yes			Henry Farrell
W2461706425	2016	2016-04-16	conference-paper	Keynesian Consensus and Dissensus during the Economic Crisis and after	the 23rd International Conference of Europeanists		closed	0	no			Henry Farrell
W2547902367	2016	2016-06-28	article	The Irish Question	Foreign Affairs		closed	0	no			Henry Farrell
W2525276069	2016	2016-06-24	article	Cross-National Policy Sequencing and Regulatory Interdependence	28th Annual Meeting		closed	0	no			Henry Farrell
W2481632968	2016	2016-06-01	article	Globalized Green Lanternism	Global Summitry	https://doi.org/10.1093/global/guw005	bronze	0	yes	https://academic.oup.com/globalsummitry/article-pdf/2/1/13/6946288/guw005.pdf	https://doi.org/10.1093/global/guw005	Henry Farrell
W7162539903	2016	2016-12-31	book-chapter	Postscript	The New Press eBooks	https://doi.org/10.1515/9781620970768-042	closed	0	no			Henry Farrell
W2279009008	2015	2015-07-01	article	Structuring power: business and authority beyond the nation state	Business and Politics	https://doi.org/10.1515/bap-2015-0007	closed	57	yes			Henry Farrell; Abraham L. Newman
W2512474073	2015	2015-12-14	article	The Transatlantic Data War	Foreign Affairs		closed	3	yes			Henry Farrell; Abraham L. Newman
W2245591238	2015	2015-11-11	other	Bernie Sanders Says Denmark Is Socialist. Forbes Magazine Says It’s the Most Business-Friendly Country. Who’s Right?: Interview	MPG.PuRe (Max Planck Society)		green	0	yes	http://hdl.handle.net/11858/00-001M-0000-0029-1D18-D	http://hdl.handle.net/11858/00-001M-0000-0029-1D18-D	Henry Farrell; Cathie Jo Martin; Kathleen Thelen
W2102779052	2014	2014-03-28	article	Domestic Institutions beyond the Nation-State: Charting the New Interdependence Approach	World Politics	https://doi.org/10.1017/s0043887114000057	closed	215	yes			Henry Farrell; Abraham L. Newman
W2105621639	2014	2014-08-10	article	The New Politics of Interdependence	Comparative Political Studies	https://doi.org/10.1177/0010414014542330	closed	65	yes			Henry Farrell; Abraham L. Newman
W2315192368	2014	2014-09-01	article	The Woodgrain of the Chessboard: A Response to Roy Germano	Perspectives on Politics	https://doi.org/10.1017/s1537592714001686	closed	18	yes			Henry Farrell
W1869829109	2014	2014-06-01	article	New Problems, New Publics? Dewey and New Media	Policy & Internet	https://doi.org/10.1002/1944-2866.poi363	closed	5	yes			Henry Farrell
W2285130405	2014	2014-01-01	article	El fin de la hipocresía: la política exterior estadounidense en la era de las filtraciones	Foreign affairs: Latinoamérica		closed	0	yes			Henry Farrell; Martha Finnemore
W800325425	2014	2014-06-24	other	Bailing Out Banks Is Not a Lucrative Business: Interview	MPG.PuRe (Max Planck Society)		green	0	yes	http://hdl.handle.net/11858/00-001M-0000-0019-F809-F	http://hdl.handle.net/11858/00-001M-0000-0019-F809-F	Henry Farrell; Cornelia Woll
W2577216486	2014	2014-05-19	article	Forget Me Not	Foreign Affairs		closed	0	no			Henry Farrell; Abraham L. Newman
W2095605739	2013	2013-03-15	article	Watching From Afar	American Behavioral Scientist	https://doi.org/10.1177/0002764213479373	closed	58	yes			Sean Aday; Henry Farrell; Deen Freelon; Marc Lynch; John Sides; Michael Dewar
W2542950811	2013	2013-11-01	article	The End of Hypocrisy	Foreign Affairs		closed	1	no			Henry Farrell; Martha Finnemore
W2160208583	2012	2012-05-11	article	The Consequences of the Internet for Politics	Annual Review of Political Science	https://doi.org/10.1146/annurev-polisci-030810-110815	closed	377	yes			Henry Farrell
W2246174221	2012	2012-03-30	book-chapter	Social Institutions Among Economists in the Wake of the Financial Crisis	Edward Elgar Publishing eBooks	https://doi.org/10.4337/9781849805810.00018	closed	0	yes			Henry Farrell
W4401419069	2012	2012-04-01	article	L’effet cocooning d’internet	Books	https://doi.org/10.3917/books.031.0034	closed	0	no			Henry Farrell
W3123896621	2012	2012-01-01	preprint	Social Institutions Among Economists in the Wake of the Financial Crisis	RePEc: Research Papers in Economics		closed	0	yes			Henry Farrell
W1494332909	2011	2011-01-01	preprint	Concensus, Dissensus and Economic Ideas: The Rise and Fall of Keynesianism During the Economic Crisis	RePEc: Research Papers in Economics	https://doi.org/10.22004/ag.econ.151527	green	33	yes	https://ageconsearch.umn.edu/record/151527/files/RSMG%20Working%20Paper%20P11_2.pdf	http://ageconsearch.umn.edu/record/151527	Henry Farrell; John Quiggin; Farrell, Henry; Quiggin, John
W2566272573	2011	2011-06-01	article	How to save the Euro - and the EU	Queensland's institutional digital repository (The University of Queensland)		closed	8	no			Henry Farrell; John Quiggin
W1964887797	2011	2011-11-01	article	Coercion by an other name	The New Scientist	https://doi.org/10.1016/s0262-4079(11)62717-6	closed	0	no			Henry Farrell
W392256006	2011	2011-06-01	article	ユーロとEUを救うには--「ハードな」ケインズ主義を導入せよ (先進国経済を追い込む財政赤字と債務の悪夢)	Medical Entomology and Zoology		closed	0	no			Henry Farrell; John Quiggin
W2121993559	2010	2010-03-01	article	Self-Segregation or Deliberation? Blog Readership, Participation, and Polarization in American Politics	Perspectives on Politics	https://doi.org/10.1017/s1537592709992714	bronze	356	yes	https://www.cambridge.org/core/services/aop-cambridge-core/content/view/00D2B6743AAF448CDD1DA4FBB913BB05/S1537592709992714a.pdf/div-class-title-self-segregation-or-deliberation-blog-readership-participation-and-polarization-in-american-politics-div.pdf	https://doi.org/10.1017/s1537592709992714	Eric Lawrence; John Sides; Henry Farrell
W2017386402	2010	2010-10-01	article	Making global markets: Historical institutionalism in international political economy	Review of International Political Economy	https://doi.org/10.1080/09692291003723672	closed	218	yes			Henry Farrell; Abraham L. Newman
W2322876027	2010	2010-10-14	article	Building a Political Science Public Sphere with Blogs	The Forum	https://doi.org/10.2202/1540-8884.1396	closed	10	yes			Henry Farrell; John Sides
W1601227184	2010	2010-01-01	preprint	The Kos Bump: The Political Economy of Campaign Fundraising in the Internet Age	SSRN Electronic Journal		green	7	yes		https://papers.ssrn.com/sol3/Delivery.cfm/SSRN_ID1669744_code722383.pdf?abstractid=1643672&mirid=1	John Sides; Henry Farrell
W4236207730	2009	2009-08-24	book	The Political Economy of Trust	Cambridge University Press eBooks	https://doi.org/10.1017/cbo9780511596933	closed	84	yes			Henry Farrell
W2148551349	2009	2009-02-16	article	Ontology, methodology, and causation in the American school of international political economy	Review of International Political Economy	https://doi.org/10.1080/09692290802524075	closed	46	yes			Henry Farrell; Martha Finnemore
W1505426418	2009	2009-08-24	article	The Political Economy of Trust: Institutions, Interests, and Inter-Firm Cooperation in Italy and Germany		https://doi.org/10.1017/cbo9780511596933	closed	26	yes			Henry Farrell
W89228347	2009	2009-06-09	book-chapter	The invisible transformation of codecision: Problems of democratic legitimacy	Cadmus - EUI Research Repository (European University Institute)	https://doi.org/10.4324/9780203879108-15	closed	25	no			Adrienne Héritier; Henry Farrell
W1763407645	2009	2009-08-24	book-chapter	Informal Institutions without Trust: Relations among Mafiosi in Sicily	Cambridge University Press eBooks	https://doi.org/10.1017/cbo9780511596933.006	closed	1	yes			Henry Farrell
W4243160312	2009	2009-08-24	paratext	Bibliography	Cambridge University Press eBooks	https://doi.org/10.1017/cbo9780511596933.008	closed	0	no			Henry Farrell
W2476803855	2009	2009-08-24	book-chapter	Accounting for Change in Informal Institutions	Cambridge University Press eBooks	https://doi.org/10.1017/cbo9780511596933.005	closed	0	yes			Henry Farrell
W2498690588	2009	2009-08-24	book-chapter	Varieties of Capitalism and Industrial Districts	Cambridge University Press eBooks	https://doi.org/10.1017/cbo9780511596933.003	closed	0	yes			Henry Farrell
W4236949537	2009	2009-08-24	book-chapter	Introduction	Cambridge University Press eBooks	https://doi.org/10.1017/cbo9780511596933.001	closed	0	yes			Henry Farrell
W2289271712	2009	2009-08-24	book-chapter	Conclusions	Cambridge University Press eBooks	https://doi.org/10.1017/cbo9780511596933.007	closed	0	yes			Henry Farrell
W4237796953	2009	2009-08-24	other	Titles in the series		https://doi.org/10.1017/cbo9780511596933.009	closed	0	no			Henry Farrell
W2258774109	2009	2009-08-24	book-chapter	Trust and Institutions in Industrial Districts	Cambridge University Press eBooks	https://doi.org/10.1017/cbo9780511596933.004	closed	0	yes			Henry Farrell
W2205955984	2009	2009-08-24	book-chapter	A Theory of Institutions and Trust	Cambridge University Press eBooks	https://doi.org/10.1017/cbo9780511596933.002	closed	0	yes			Henry Farrell
W3122873905	2008	2008-01-01	preprint	Self-Segregation or Deliberation? Blog Readership, Participation and Polarization in American Politics	SSRN Electronic Journal	https://doi.org/10.2139/ssrn.1151490	green	24	no		https://doi.org/10.2139/ssrn.1151490	Henry Farrell; Eric Lawrence; John Sides
W2044176326	2008	2008-01-01	article	Norms, Minorities, and Collective Choice Online	Ethics & International Affairs	https://doi.org/10.1111/j.1747-7093.2008.00171.x	closed	6	no			Henry Farrell; Melissa Schwartzberg
W2500830006	2008	2008-12-05	book-chapter	Privacy in the Digital Age: States, Private Actors, and Hybrid Arrangements	The MIT Press eBooks	https://doi.org/10.7551/mitpress/9780262042512.003.0296	closed	1	yes			Henry Farrell
W101347101	2008	2008-01-01	article	Institutions and Majority Rule in Online Communities			closed	1	no			Henry Farrell; Melissa Schwartzberg
W4254955370	2008	2008-12-05	book-chapter	Privacy in the Digital Age: States, Private Actors, and Hybrid Arrangements	The MIT Press eBooks	https://doi.org/10.7551/mitpress/7628.003.0014	closed	1	no			Henry Farrell
W2310261624	2008	2008-04-03	article	Self-Segregation or Deliberation? Blog Readers and Political Polarization			closed	0	no			Henry Farrell; Eric Lawrence; John Sides
W2136407110	2007	2007-09-11	article	The power and politics of blogs	Public Choice	https://doi.org/10.1007/s11127-007-9198-1	green	575	no		http://opac.elte.hu/F?func=direct&doc_number=000912355	Henry Farrell; Daniel W. Drezner
W2154143845	2007	2007-03-01	article	Codecision and institutional change	West European Politics	https://doi.org/10.1080/01402380701239723	closed	125	yes			Henry Farrell; Adrienne Héritier
W2154803336	2007	2007-03-01	article	Introduction: Contested competences in the European Union	West European Politics	https://doi.org/10.1080/01402380701238741	closed	119	yes			Henry Farrell; Adrienne Héritier
W2131855731	2007	2007-09-26	article	Introduction: Blogs, politics and power: a special issue of Public Choice	Public Choice	https://doi.org/10.1007/s11127-007-9206-5	closed	108	no			Daniel W. Drezner; Henry Farrell
W2151710335	2007	2007-03-01	article	Conclusion: Evaluating the forces of interstitial institutional change	West European Politics	https://doi.org/10.1080/01402380701239962	closed	36	yes			Henry Farrell; Adrienne Héritier
W2097141731	2007	2007-03-01	article	Legislate or delegate? Bargaining over implementation and legislative authority in the EU	West European Politics	https://doi.org/10.1080/01402380701239814	closed	24	yes			Carl-Fredrik Bergstrøm; Henry Farrell; Adrienne Héritier
W1598408301	2007	2007-01-01	article	Contested Competences in Europe: Incomplete Contracts and Interstitial Institutional Change	Cadmus - EUI Research Repository (European University Institute)		closed	12	no			Anne Rasmussen; Pieter Bouwen; Henry Farrell; Adrienne Héritier; Joseph Jupille; Leonor Moral Soriano; Carl-Fredrik Bergstrøm; Catherine Moury; James A. Caporaso
W4247050516	2006	2006-01-01	preprint	Regulating Information Flows: States, Private Actors and E-Commerce	SSRN Electronic Journal	https://doi.org/10.2139/ssrn.885376	green	50	no		https://doi.org/10.2139/ssrn.885376	Henry Farrell
W3125746274	2006	2006-02-17	article	REGULATING INFORMATION FLOWS: States, Private Actors, and E-Commerce	Annual Review of Political Science	https://doi.org/10.1146/annurev.polisci.9.060804.162744	hybrid	24	yes	https://www.annualreviews.org/doi/pdf/10.1146/annurev.polisci.9.060804.162744	https://doi.org/10.1146/annurev.polisci.9.060804.162744	Henry Farrell
W2319078220	2006	2006-12-01	article	Does Trust Make Organizations Work Better?	The American Journal of Psychology	https://doi.org/10.2307/20445374	closed	0	yes			Henry Farrell
W2072807168	2006	2006-10-01	book-review	The Political Economy of European Integration: Theory and Analysis – Edited by Erik Jones and Amy Verdun	Governance	https://doi.org/10.1111/j.1468-0491.2006.00333_3.x	closed	0	no			Henry Farrell
W1970005263	2006	2006-01-01	article	Politics Online: Blogs, Chatrooms and Discussion Groups in American Democracy by Richard Davis	Political Science Quarterly	https://doi.org/10.1002/j.1538-165x.2006.tb01533.x	closed	0	yes			Henry Farrell
W3122414447	2006	2006-12-15	preprint	Legislate or Delegate? Bargaining over Implementation and Legislative Authority in the European Union	RePEc: Research Papers in Economics		green	0	yes	http://hdl.handle.net/1814/6416	http://hdl.handle.net/1814/6416	Carl-Fredrik Bergstrøm; Henry Farrell; Adrienne Héritier
W3125139929	2006	2006-12-15	preprint	Codecision and Institutional Change	RePEc: Research Papers in Economics		green	0	yes		https://hdl.handle.net/1814/6415	Henry Farrell; Adrienne Héritier
W2156148804	2005	2005-01-01	preprint	Regulating Information Flows: States, Private Actors and E-Commerce	SSRN Electronic Journal	https://doi.org/10.2139/ssrn.799269	green	49	no		https://doi.org/10.2139/ssrn.799269	Henry Farrell
W3123932713	2005	2005-01-01	preprint	Trust and Political Economy: Institutions and the Sources of Interfirm Cooperation	SSRN Electronic Journal		green	43	yes		http://papers.ssrn.com/abstract=1506784	Henry Farrell
W2130583368	2005	2005-04-01	article	A rationalist-institutionalist explanation of endogenous regional integration1	Journal of European Public Policy	https://doi.org/10.1080/13501760500044017	closed	42	yes			Henry Farrell; Adrienne Héritier
W2104010615	2005	2005-04-15	article	Trust and Political Economy	Comparative Political Studies	https://doi.org/10.1177/0010414004273506	closed	30	yes			Henry Farrell
W2113754449	2004	2004-02-01	article	Breaking the Path of Institutional Development? Alternatives to the New Determinism	Rationality and Society	https://doi.org/10.1177/1043463104039874	closed	379	yes			Colin Crouch; Henry Farrell
W2056779843	2004	2004-11-10	article	Interorganizational Negotiation and Intraorganizational Power in Shared Decision Making	Comparative Political Studies	https://doi.org/10.1177/0010414004269833	closed	217	yes			Henry Farrell; Adrienne Héritier
W2798145903	2004	2004-11-01	article	Web of Influence	Foreign Policy	https://doi.org/10.2307/4152942	closed	82	no			Daniel W. Drezner; Henry Farrell
W2479575228	2004	2004-02-26	book-chapter	Collective Goods in the Local Economy: The Packaging Machinery Cluster in Bologna		https://doi.org/10.1093/0199259402.003.0003	closed	31	yes			Henry Farrell; Ann‐Louise Holten
W103140137	2004	2004-03-01	report	Inter-organizational Negotiation and Intra-organizational Power in Shared Decision-making: Early agreements under codecision and their impact on the European Parliament and the Council of Ministers. IHS Political Science Series: 2004, No. 95	Archive of European Integration (AEI) (University of Pittsburgh)		green	6	yes	http://aei.pitt.edu/1470/1/pw_95.pdf	http://aei.pitt.edu/1470/1/pw_95.pdf	Henry Farrell; Adrienne Héritier
W174139049	2004	2004-01-01	article	La fuerza de los 'blogs'	FP: Foreign Policy Edición Española		closed	0	no			Daniel W. Drezner; Henry Farrell
W3022491623	2003	2003-09-17	article	Formal and Informal Institutions Under Codecision: Continuous Constitution‐Building in Europe	Governance	https://doi.org/10.1111/1468-0491.00229	closed	312	yes			Henry Farrell; Adrienne Héritier
W2099914099	2003	2003-12-01	article	Trust, Institutions, and Institutional Change: Industrial Districts and the Social Capital Hypothesis	Politics & Society	https://doi.org/10.1177/0032329203256954	closed	221	yes			Henry Farrell; Jack Knight
W2169109141	2003	2003-01-01	article	Constructing the International Foundations of E-Commerce—The EU-U.S. Safe Harbor Arrangement	International Organization	https://doi.org/10.1017/s0020818303572022	closed	115	yes			Henry Farrell
W36989653	2003	2003-01-01	article	The street finds its own use for things			closed	9	no			Henry Farrell
W2185834953	2003	2003-01-01	article	The Invisible Transformation of Codecision			closed	4	no			Henry Farrell; Adrienne Héritier
W2105160079	2002	2002-01-01	preprint	Formal and Informal Institutions Under Codecision: Continuous Constitution Building in Europe	SSRN Electronic Journal	https://doi.org/10.2139/ssrn.306966	green	76	no		https://doi.org/10.2139/ssrn.306966	Henry Farrell; Adrienne Héritier
W1769124994	2002	2002-01-01	book-chapter	Negotiating privacy across arenas: The EU-U.S. "Safe-Harbor" discussions	Max Planck Digital Library		closed	16	no			Henry Farrell; Adrienne Héritier
W3124929035	2002	2002-01-01	article	Breaking the path of institutional development? Alternatives to the new determinism			green	15	yes		http://hdl.handle.net/11858/00-001M-0000-0012-4F9E-2	Colin Crouch; Henry Farrell
W3124983168	2002	2002-01-01	preprint	Formal and Informal Institutions Under Codecision: Continuous Constitution Building in Europe	SSRN Electronic Journal	https://doi.org/10.2139/ssrn.310204	green	13	no		https://doi.org/10.2139/ssrn.310204	Henry Farrell; Adrienne Héritier
W1834747479	2002	2002-01-01	preprint	Interorganizational Cooperation and Intraorganizational Power: Early Agreements Under Codecision and Their Impact on the Parliament and the Council	SSRN Electronic Journal	https://doi.org/10.2139/ssrn.327183	green	10	no		https://doi.org/10.2139/ssrn.327183	Henry Farrell; Adrienne Héritier
W2404396732	2002	2002-05-01	article	Hybrid Institutions and the Law: Outlaw Arrangements or Interface Solutions?	Zeitschrift für Rechtssoziologie	https://doi.org/10.1515/zfrs-2002-0103	closed	9	yes			Henry Farrell
W2470429374	2001	2001-04-26	book-chapter	Great Britain: Falling through the Holes in the Network Concept		https://doi.org/10.1093/oso/9780199242511.003.0006	closed	40	yes			Colin Crouch; Henry Farrell
W2171634342	1999	1999-01-01	article	Piecing Together the Democratic Peace: The CSCE, Norms, and the “Construction” of Security in Post–Cold War Europe	International Organization	https://doi.org/10.1162/002081899550977	closed	135	yes			Gregory Flynn; Henry Farrell
