date	category	title	venue	source_url	retrieval	chars	fetched_file
2019-12-10	essay	Chained to Globalization – with Abraham Newman	books.google.com	https://books.google.com/books?id=z8AiJOqO8rEC&amp;pg=PT361&amp;lpg=PT361&amp;dq=%22system+built+around+walls+to+a+system+increasingly+built+around+networks%22&amp;source=bl&amp;ots=f0RuS7nkXo&amp;sig=ACfU3U2fHdtX2czDbnO_mUJzOHTRNQA0Sw&amp;hl=en&amp;sa=X&amp;ved=2ahUKEwiyubSUndblAhUPy1kKHTiaCjkQ6AEwAXoECAYQAQ#v=onepage&amp;q&amp;f=false	live-short	1469	by/2019--hfn-chained-to-globalization-with-abraham-newman.md
2024-06-11	academic-article	Henry Farrell Talks to Kim Stanley Robinson	Vector (BSFA)	https://vector-bsfa.com/2024/06/11/henry-farrell-talks-to-kim-stanley-robinson/	live	23566	by/2024--hfn-henry-farrell-talks-to-kim-stanley-robinson.md
2021-05-24	interview	Interview with Sean Carroll on “Democracy as a Problem-Solving Mechanism”, Mindscape	bactra.org	http://bactra.org/	live-short	324	
2018-11-27	academic-article	Stability of Democracies: A Complex Systems Perspective – with Karoline Wiesner, Alvin Birdi, Tina Eliassi-Rad, David Garcia, Stephan Lewandowsky, Patricia Palacios, Don Ross, Didier Sornet and Karim Thebault	iopscience.iop.org	https://iopscience.iop.org/article/10.1088/1361-6404/aaeb4d	live-short	312	by/2018--wb-stability-of-democracies-a-complex-systems-perspective.md
2014-08-10	academic-article	The New Politics of Interdependence: Cross-National Layering in Trans-Atlantic Regulatory Disputes – with Abraham Newman	cps.sagepub.com	http://cps.sagepub.com/content/48/4/497.full.pdf+html	failed	0	
2012-03-08	academic-article	The Consequences of the Internet for Politics	arjournals.annualreviews.org	http://arjournals.annualreviews.org/eprint/9cMTd7KbkxQxxfWHas7c/full/10.1146/annurev-polisci-030810-110815	failed	0	
2007-03-09	academic-article	“Legislate or Delegate? Bargaining over Implementation and Legislative Authority in the European Union”	researchgate.net	https://www.researchgate.net/publication/5015306_Legislate_or_Delegate_Bargaining_over_Implementation_and_Legislative_Authority_in_the_European_Union	failed	0	
2020-09-08	book-chapter	Public Governance and Global Politics after COVID-19, COVID-19 and World Order: The Future of Conflict, Competition, and Cooperation – with Hahrie Han – eds. Hal Brand and Francis J. Gavin	muse.jhu.edu	https://muse.jhu.edu/chapter/2696567/pdf	live-short	209	
2012-05-18	book-chapter	“Social Institutions among Economists in the Wake of the Financial Crisis,” in Economy and Society in Europe: A Relationship in Crisis – eds. Luigi Burroni, Maarten Keune and Gugliemo Mardi	china.elgaronline.com	https://china.elgaronline.com/edcollchap/edcoll/9781849803656/9781849803656.00018.xml	live	3674	by/2012--hfn-social-institutions-among-economists-in-the-wake-of-the.md
2009-07-31	book-chapter	The Invisible Transformation of the Co-decision Procedure: Problems of Democratic Legitimacy, Institutional Challenges in Post-Constitutional Europe: Governing Change eds. Catherine Moury and Luis de Sousa – with Adrienne Hèritier	sieps.se	https://www.sieps.se/en/publications/2003/the-invisible-transformation-of-codecision-problems-of-democratic-legitimacy-20037/	failed	0	
2022-03-22	essay	The U.S. Is the Only Sanctions Superpower. It Must Use That Power Wisely. – with Abraham Newman	The New York Times	https://www.nytimes.com/2022/03/16/opinion/us-russia-sanctions-power-economy.html	live-or-wayback-2026-08-13	0	by/2022--nyt-the-us-is-the-only-sanctions-superpower.md
2003-07-01	essay	The Invisible Transformation of the Co-decision Procedure: Problems of Democratic Legitimacy. – with Adrienne Hèritier	sieps.se	https://www.sieps.se/en/publications/2003/the-invisible-transformation-of-codecision-problems-of-democratic-legitimacy-20037/	failed	0	
2004-11-01	essay	Web of Influence – with Daniel W. Drezner	Foreign Policy	https://foreignpolicy.com/2009/10/26/web-of-influence/	live	33252	by/2004--hfn-web-of-influence-with-daniel-w-drezner.md
2005-10-07	essay	The Blogosphere as a Carnival of Ideas	The Chronicle of Higher Education	https://www.chronicle.com/article/the-blogosphere-as-a-carnival-of-ideas/	live	15825	by/2005--hfn-the-blogosphere-as-a-carnival-of-ideas.md
2006-07-02	essay	Privacy in Europe Suffers in Terror War	Financial Times	https://www.ft.com/content/52fc56ba-09f5-11db-ac3b-0000779e2340	failed	0	
2006-03-06	essay	Remaking Fantasy: China Miéville’s New Crobuzon Novels	nplusonemag.com	https://www.nplusonemag.com/online-only/online-only/fantasy-remade-china-mi-villes-new-crobuzon-novels/	live	12118	by/2006--hfn-remaking-fantasy-china-mievilles-new-crobuzon-novels.md
2006-09-14	essay	Bloggers and Parties: Can the Netroots Reshape American Democracy?	Boston Review	https://www.bostonreview.net/articles/henry-farrell-bloggers-and-parties-internet-politics/	live	30712	by/2006--hfn-bloggers-and-parties-can-the-netroots-reshape-american.md
2007-12-10	essay	Underworlds (Review Essay on Roberto Saviano’s Gomorrah)	The Nation	https://www.thenation.com/article/archive/underworlds/	live	4156	by/2007--hfn-underworlds-review-essay-on-roberto-savianos-gomorrah.md
2008-12-11	essay	Can Partisanship Save Citizenship?	The American Prospect	https://prospect.org/features/can-partisanship-save-citizenship/	live	16288	by/2008--hfn-can-partisanship-save-citizenship.md
2009-06-25	essay	Do The Netroots Matter?	The American Prospect	https://prospect.org/culture/netroots-matter/	live	13581	by/2009--hfn-do-the-netroots-matter.md
2010-05-01	essay	Reading Milton Friedman in Dublin	Washington Monthly	https://washingtonmonthly.com/2010/05/01/reading-milton-friedman-in-dublin/	live	12240	by/2010--hfn-reading-milton-friedman-in-dublin.md
2010-11-10	essay	A More Perfect Union	Democracy: A Journal of Ideas	https://democracyjournal.org/magazine/18/a-more-perfect-union/	live	33525	by/2010--hfn-a-more-perfect-union.md
2010-08-16	essay	Blogs and Bullets: New Media in Contentious Politics with Sean Aday, Marc Lynch, John Sides, John Kelly and Ethan Zuckerman,	United States Institute of Peace	http://www.usip.org/files/resources/pw65.pdf	live-or-wayback-2026-08-13	0	by/2010--usip-blogs-and-bullets-new-media-in-contentious-politics.md
2010-02-26	essay	European Parliament Takes a Stand – with Abraham Newman	Foreign Policy	https://foreignpolicy.com/2010/02/26/europes-parliament-takes-a-stand/	live	9954	by/2010--hfn-european-parliament-takes-a-stand-with-abraham-newman.md
2011-04-01	essay	Into the Breach: China Miéville’s Other Reality	Boston Review	https://www.bostonreview.net/articles/henry-farrell-china-mieville/	live	12725	by/2011--hfn-into-the-breach-china-mievilles-other-reality.md
2011-01-01	essay	The State of Statelessness	The American Interest	https://www.the-american-interest.com/2011/01/01/the-state-of-statelessness/	live	23217	by/2011--hfn-the-state-of-statelessness.md
2011-10-04	essay	Can the European Union Be Saved? with John Quiggin	thedailybeast.com	https://www.thedailybeast.com/can-europe-be-saved/	live	4621	by/2011--hfn-can-the-european-union-be-saved-with-john-quiggin.md
2011-11-05	essay	Do the Right Thing with – Cosma Shalizi	Slate	https://slate.com/technology/2011/11/does-nudge-policy-work-a-critique-of-sunstein-and-thaler.html	live	5628	by/2011--hfn-do-the-right-thing-with-cosma-shalizi.md
2011-12-06	essay	Zoned (On the European Union)	The Nation	https://www.thenation.com/article/archive/zoned-european-union/	live	3698	by/2011--hfn-zoned-on-the-european-union.md
2011-04-26	essay	How to Save the Euro – and the EU: Reading Keynes in Brussels with John Quiggin	Crooked Timber	https://crookedtimber.org/2011/04/26/hard-keynesianism-in-the-european-union/	live	19440	by/2011--ct-hard-keynesianism-in-the-european-union.md
2011-08-30	essay	Bubble Trouble	The American Prospect	https://prospect.org/culture/bubble-trouble/	live	9655	by/2011--hfn-bubble-trouble.md
2012-12-04	essay	A More Imperfect Union: On the European Central Bank	The Nation	https://www.thenation.com/article/archive/more-imperfect-union-european-central-bank/	live	4721	by/2012--hfn-a-more-imperfect-union-on-the-european-central-bank.md
2012-01-05	essay	How Enduring Is American Economic Inequality?	The American Prospect	https://prospect.org/article/enduring-american-economic-inequality/	live-short	1758	by/2012--hfn-how-enduring-is-american-economic-inequality.md
2012-07-10	essay	Blogs and Bullets II: New Media and Conflict after the Arab Spring with Sean Aday, Marc Lynch, John Sides and Deen Freelon	United States Institute of Peace	http://www.usip.org/publications/blogs-and-bullets-ii-new-media-and-conflict-after-the-arab-spring	live-or-wayback-2026-08-13	0	by/2012--usip-blogs-and-bullets-ii-new-media-and-conflict-after-the-arab-spring.md
2012-01-13	essay	Google and the Dread Pirate Roberts Strategy	The American Prospect	https://prospect.org/article/google-dread-pirate-roberts-strategy/	live	6115	by/2012--hfn-google-and-the-dread-pirate-roberts-strategy.md
2013-10-01	essay	The Tech Intellectuals	Democracy: A Journal of Ideas	http://www.democracyjournal.org/30/the-tech-intellectuals.php	live	29705	by/2013--hfn-the-tech-intellectuals.md
2013-03-02	essay	Slaves of Defunct Economists: Why Politicians Pursue Austerity Policies That Never Work	Washington Monthly	https://washingtonmonthly.com/2013/03/02/slaves-of-defunct-economists/	live	9661	by/2013--hfn-slaves-of-defunct-economists-why-politicians-pursue-aus.md
2013-07-03	essay	Half Poulantzas, Half Kindleberger	jacobin.com	https://jacobin.com/2013/07/half-poulantzas-half-kindleberger/	live-short	2206	by/2013--hfn-half-poulantzas-half-kindleberger.md
2013-07-09	essay	Senseless Spying: The National Security Agency’s Self-Defeating Espionage Against the EU – with Abraham Newman	Foreign Affairs	http://www.foreignaffairs.com/articles/139567/henry-farrell-and-abraham-newman/senseless-spying	live	10902	by/2013--hfn-senseless-spying-the-national-security-agencys-self-def.md
2013-03-22	essay	Tom Coburn Doesn’t Like Political Science	The Chronicle of Higher Education	http://chronicle.com/blogs/conversation/2013/03/22/tom-coburn-doesnt-like-political-science	live	7362	by/2013--hfn-tom-coburn-doesnt-like-political-science.md
2013-11-01	essay	The End of Hypocrisy with Martha Finnemore	Foreign Affairs	http://www.foreignaffairs.com/articles/140155/henry-farrell-and-martha-finnemore/the-end-of-hypocrisy	live	17201	by/2013--hfn-the-end-of-hypocrisy-with-martha-finnemore.md
2014-11-11	essay	Ireland’s Cold War	Boston Review	http://www.bostonreview.net/world/henry-farrell-ireland-cold-war-catholicism	live	7414	by/2014--hfn-irelands-cold-war.md
2014-02-12	essay	Hypocrisy Hype (debate) with Michael Cohen and Martha Finnemore	Foreign Affairs	http://www.foreignaffairs.com/articles/140760/michael-a-cohen-henry-farrell-and-martha-finnemore/hypocrisy-hype	live-or-wayback-2026-08-13	0	about/2014--foreignaffairs-hypocrisy-hype-cohen-letter.md
2014-05-19	essay	Forget Me Not: What the EU’s New Internet Privacy Ruling Means for the United States – with Abraham Newman	Foreign Affairs	https://www.foreignaffairs.com/articles/united-states/2014-05-19/forget-me-not	live	9113	by/2014--hfn-forget-me-not-what-the-eus-new-internet-privacy-ruling.md
2014-10-30	essay	Big Brother’s Liberal Friends	The National Interest	http://nationalinterest.org/feature/big-brother%E2%80%99s-liberal-friends-11515	failed	0	
2015-04-01	essay	Promoting Norms for Cyberspace	cfr.org	https://www.cfr.org/report/promoting-norms-cyberspace	live	11861	by/2015--hfn-promoting-norms-for-cyberspace.md
2015-12-14	essay	The Transatlantic Data War: Europe Fights Back against the NSA – with Abraham Newman	Foreign Affairs	https://www.foreignaffairs.com/articles/united-states/2015-12-14/transatlantic-data-war	live	25048	by/2015--hfn-the-transatlantic-data-war-europe-fights-back-against-t.md
2016-03-07	essay	Called Out: The Global Consequences of Apple’s Fight with the FBI	Foreign Affairs	https://www.foreignaffairs.com/articles/united-states/2016-03-07/called-out	live	9409	by/2016--hfn-called-out-the-global-consequences-of-apples-fight-with.md
2016-03-09	essay	Bitcoin is Losing the Midas Touch	Financial Times	https://www.ft.com/content/12e155dc-e5e4-11e5-a09b-1f8b0d268c39	live-or-wayback-2026-08-13	0	by/2016--wb-bitcoin-is-losing-the-midas-touch.md
2016-10-13	essay	How the Twilight of the Elites Explains Trump’s Appeal	Vox	http://www.vox.com/the-big-idea/2016/10/13/13259860/twilight-elites-trump-meritocracy	live	15387	by/2016--hfn-how-the-twilight-of-the-elites-explains-trumps-appeal.md
2016-04-22	essay	The Panama Papers and Thomas Piketty: How the Leak May Transform Politics	Foreign Affairs	https://www.foreignaffairs.com/articles/world/2016-04-22/panama-papers-and-thomas-piketty	live	10335	by/2016--hfn-the-panama-papers-and-thomas-piketty-how-the-leak-may-t.md
2016-07-25	essay	Globalized Green Lanternism	globalsummitry.oxfordjournals.org	http://globalsummitry.oxfordjournals.org/content/early/2016/07/25/global.guw005	failed	0	
2016-06-28	essay	The Irish Question: The Consequences of Brexit	Foreign Affairs	https://www.foreignaffairs.com/articles/ireland/2016-06-28/irish-question	live	12943	by/2016--hfn-the-irish-question-the-consequences-of-brexit.md
2016-02-29	essay	Here Be Dragons	Lawfare	https://www.lawfareblog.com/here-be-dragons	live-or-wayback-2026-08-13	0	by/2016--lawfare-here-be-dragons.md
2017-01-01	essay	Disunited Kingdom	Democracy: A Journal of Ideas	http://democracyjournal.org/magazine/43/disunited-kingdom/	live	31538	by/2017--hfn-disunited-kingdom.md
2017-09-04	essay	Brexit and the Northern Irish Border	Foreign Affairs	https://www.foreignaffairs.com/articles/western-europe/2017-09-04/brexit-and-northern-irish-border?cid=int-lea&#038;pgtype=hpg	live	12802	by/2017--hfn-brexit-and-the-northern-irish-border.md
2017-07-14	essay	Even the Intellectual Left is Drawn to Conspiracy Theories about the Right. Resist Them with Steven Teles	Vox	https://www.vox.com/the-big-idea/2017/7/14/15967788/democracy-shackles-james-buchanan-intellectual-history-maclean	live	20565	by/2017--hfn-even-the-intellectual-left-is-drawn-to-conspiracy-theor.md
2017-01-15	essay	Facebook and Falsehood	The Chronicle of Higher Education	https://www.chronicle.com/article/FacebookFalsehood/238867	live	8490	by/2017--hfn-facebook-and-falsehood.md
2017-10-16	essay	This Year’s Economics Nobel winner Invented a Tool That’s Both Brilliant and Undemocratic	Vox	https://www.vox.com/the-big-idea/2017/10/16/16481836/nudges-thaler-nobel-economics-prize-undemocratic-tool	live	19581	by/2017--hfn-this-years-economics-nobel-winner-invented-a-tool-thats.md
2017-12-19	essay	How Facebook Stymies Social Science	The Chronicle of Higher Education	https://www.chronicle.com/article/How-Facebook-Stymies-Social/242090	live	15957	by/2017--hfn-how-facebook-stymies-social-science.md
2017-09-25	essay	Revolutionary Possibility (on China Mieville’s October)	jacobinmag.com	https://www.jacobinmag.com/2017/09/china-mieville-october-russian-revolution	live-short	1349	by/2017--hfn-revolutionary-possibility-on-china-mievilles-october.md
2017-08-30	essay	When Politics Drives Scholarship – with Steve Teles	Boston Review	http://bostonreview.net/class-inequality/henry-farrell-steven-m-teles-when-politics-drives-scholarship	live	28839	by/2017--hfn-when-politics-drives-scholarship-with-steve-teles.md
2017-05-30	essay	Trump’s No Hypocrite: And That’s Bad News for the International Order – with Martha Finnemore	Foreign Affairs	https://www.foreignaffairs.com/articles/2017-05-30/trump-s-no-hypocrite	live	12604	by/2017--hfn-trumps-no-hypocrite-and-thats-bad-news-for-the-internat.md
2018-11-01	essay	The Wrong Way to Punish Iran with Abraham Newman	The New York Times	https://www.nytimes.com/2018/11/01/opinion/swift-iran-sanctions.html	live-or-wayback-2026-08-13	0	by/2018--nyt-the-wrong-way-to-punish-iran.md
2018-02-04	essay	Our Hackable Political Future The New York Times with Rick Perlstein	The New York Times	https://www.nytimes.com/2018/02/04/opinion/hacking-politics-future.html	live-or-wayback-2026-08-13	0	by/2018--wb-our-hackable-political-future-the-new-york-times-with-r.md
2018-11-05	essay	Hypocrisy is a Useful Tool in Foreign Affairs. Trump is Too Crude to Play the Game with Martha Finnemore	The Washington Post	https://www.washingtonpost.com/outlook/2018/11/05/hypocrisy-is-useful-tool-foreign-affairs-trump-is-too-crude-play-game/	live-or-wayback-2026-08-13	0	by/2018--wapo-hypocrisy-is-a-useful-tool-in-foreign-affairs.md
2018-11-07	essay	Three Moral Economies of Data – with Nils Gilman	The American Interest	https://www.the-american-interest.com/2018/11/07/three-moral-economies-of-data/	live	24336	by/2018--hfn-three-moral-economies-of-data-with-nils-gilman.md
2018-05-10	essay	“The “Intellectual Dark Web,” Explained: What Jordan Peterson Has in Common with the Alt-Right”	Vox	https://www.vox.com/the-big-idea/2018/5/10/17338290/intellectual-dark-web-rogan-peterson-harris-times-weiss	live	12870	by/2018--hfn-the-intellectual-dark-web-explained-what-jordan-peterso.md
2018-04-10	essay	Mark Zuckerberg Runs a Nation-State, and He’s The King with Margaret Levi and Tim O’Reilly	Vox	https://www.vox.com/the-big-idea/2018/4/9/17214752/zuckerberg-facebook-power-regulation-data-privacy-control-political-theory-data-breach-king	live	18412	by/2018--hfn-mark-zuckerberg-runs-a-nation-state-and-hes-the-king-wi.md
2018-07-13	essay	The New Economy’s Old Business Model is Dead	Foreign Policy	https://foreignpolicy.com/2018/07/13/the-new-economys-old-business-model-is-dead-automation-jobs-ai-technology/	live	17766	by/2018--hfn-the-new-economys-old-business-model-is-dead.md
2018-11-15	essay	Information Attacks on Democracies – with Bruce Schneier	Lawfare	https://www.lawfareblog.com/information-attacks-democracies	live-or-wayback-2026-08-13	0	by/2018--lawfare-information-attacks-on-democracies.md
2018-01-17	essay	American Democracy is an Easy Target	Foreign Policy	http://foreignpolicy.com/2018/01/17/american-democracy-was-asking-for-it/	live	20923	by/2018--hfn-american-democracy-is-an-easy-target.md
2018-01-17	essay	Saving Democratic Institutions from Corrupting Markets	cato-unbound.org	https://www.cato-unbound.org/2018/01/17/henry-farrell/saving-democratic-institutions-corrupting-markets	live	11447	by/2018--hfn-saving-democratic-institutions-from-corrupting-markets.md
2018-11-19	essay	The Most Damaging Election Disinformation Campaign Came From Donald Trump, Not Russia with Bruce Schneier	Motherboard (VICE)	https://motherboard.vice.com/en_us/article/mbyg3x/the-most-damaging-election-disinformation-campaign-came-from-donald-trump-not-russia	live-or-wayback-2026-08-13	0	by/2018--motherboard-the-most-damaging-election-disinformation-campaig.md
2018-11-20	essay	Is a No Deal” Brexit Still Avoidable? Why the Irish Border Remains a Stumbling Block for Negotiations	Foreign Affairs	https://www.foreignaffairs.com/articles/united-kingdom/2018-11-20/no-deal-brexit-still-avoidable?cid=int-flb&#038;pgtype=hpg	live	14532	by/2018--hfn-is-a-no-deal-brexit-still-avoidable-why-the-irish-borde.md
2018-03-29	essay	Northern Ireland’s Brexit Problem	Foreign Affairs	https://www.foreignaffairs.com/articles/ireland/2018-03-29/northern-irelands-brexit-problem	live	13826	by/2018--hfn-northern-irelands-brexit-problem.md
2019-09-01	essay	US and China are Weaponising Global Trade Networks – with Abraham Newman	Financial Times	https://www.ft.com/content/a8ab8cd2-c99c-11e9-af46-b09e8bfe60c0	wayback	630	by/2019--ft-us-and-china-are-weaponising-global-trade-networks.md
2019-09-01	essay	Weaponized Globalization: Huawei and the Emerging Battle over 5G Networks – with Abraham Newman	globalasia.org	http://www.globalasia.org/v14no3/cover/weaponized-globalization-huawei-and-the-emerging-battle-over-5g-networks_henry-farrellabraham-newman	live	29652	by/2019--hfn-weaponized-globalization-huawei-and-the-emerging-battle.md
2019-08-02	essay	Don’t Ask How to Pay for Climate Change. Ask Who	WIRED	https://www.wired.com/story/dont-ask-how-to-pay-for-climate-change-ask-who/	live	5159	by/2019--hfn-dont-ask-how-to-pay-for-climate-change-ask-who.md
2019-04-05	essay	Facebook is Finally Learning to Love Privacy Laws (and Abraham Newman)	Financial Times	https://www.ft.com/content/67b25894-5621-11e9-8b71-f5b0066105fe	live-short	2206	by/2019--hfn-facebook-is-finally-learning-to-love-privacy-laws-and-a.md
2019-03-10	essay	How Political Science Can Be Most Useful – with Jack Knight	The Chronicle of Higher Education	https://www.chronicle.com/article/How-Political-Science-Can-Be/245852	live-or-wayback-2026-08-13	0	by/2019--chronicle-how-political-science-can-be-most-useful.md
2019-12-12	essay	Socialists Will Never Understand Elizabeth Warren (I’d have chosen a different title)	Foreign Policy	https://foreignpolicy.com/2019/12/12/elizabeth-socialist-understand-capitalism-pro-market-leftist/	live	15054	by/2019--hfn-socialists-will-never-understand-elizabeth-warren-id-ha.md
2019-05-15	essay	“Democracy’s Dilemma” with responses from Riana Pfefferkorn, Joseph Nye, Anna Grzymala-Busse, Allison Berke, Jason Healey, Astra Taylor and danah boyd, and a reply to the responses by Henry Farrell and Bruce Schneier. with Bruce Schneier	Boston Review	https://bostonreview.net/forum-henry-farrell-bruce-schneier-democracys-dilemma	live	30529	by/2019--hfn-democracys-dilemma-with-responses-from-riana-pfefferkor.md
2019-04-15	essay	America’s Misuse of Its Financial Infrastructure – with Abraham Newman	The National Interest	https://nationalinterest.org/feature/america%E2%80%99s-misuse-its-financial-infrastructure-52707	live-or-wayback-2026-08-13	0	by/2019--nationalinterest-americas-misuse-of-its-financial-infrastructure.md
2019-04-24	essay	By Punishing Iran, Trump is Weakening America – with Abraham Newman	Foreign Policy	https://foreignpolicy.com/2019/04/24/by-punishing-iran-trump-is-weakening-america/	live	13167	by/2019--hfn-by-punishing-iran-trump-is-weakening-america-with-abrah.md
2019-01-28	essay	Defending Democratic Mechanisms and Institutions against Disinformation Attacks – with Bruce Schneier	schneier.com	https://www.schneier.com/essays/archives/2019/01/defending_democratic.html	live	13979	by/2019--hfn-defending-democratic-mechanisms-and-institutions-agains.md
2019-07-31	essay	Introducing a New Paper on Weaponized Interdependence – with Abraham Newman	Lawfare	https://www.lawfareblog.com/introducing-new-paper-weaponized-interdependence	live	14592	by/2019--lawfare-introducing-a-new-paper-on-weaponized-interdependence.md
2020-04-01	essay	The Dangers of Moving All of Democracy Online with Marion Fourcade	WIRED	https://www.wired.com/story/opinion-the-dangers-of-moving-all-of-democracy-online/	live	8035	by/2020--hfn-the-dangers-of-moving-all-of-democracy-online-with-mari.md
2020-01-01	essay	Choke Points – with Abraham Newman	Harvard Business Review	https://hbr.org/2020/01/choke-points	live-short	720	
2020-06-03	essay	The Folly of Decoupling From China – with Abraham Newman	Foreign Affairs	https://www.foreignaffairs.com/articles/china/2020-06-03/folly-decoupling-china	live	14583	by/2020--hfn-the-folly-of-decoupling-from-china-with-abraham-newman.md
2020-04-03	essay	A Most Lonely Union	Foreign Policy	https://foreignpolicy.com/2020/04/03/brexit-european-union-deglobalization/	live	22389	by/2020--hfn-a-most-lonely-union.md
2020-07-04	essay	This Is What the Future of Globalization Will Look Like – with Abraham Newman	Foreign Policy	https://foreignpolicy.com/2020/07/04/this-is-what-the-future-of-globalization-will-look-like/	live	26221	by/2020--hfn-this-is-what-the-future-of-globalization-will-look-like.md
2020-03-16	essay	Will the Coronavirus End Globalization as We Know It? – with Abraham Newman	Foreign Affairs	https://www.foreignaffairs.com/articles/2020-03-16/will-coronavirus-end-globalization-we-know-it	live	13999	by/2020--hfn-will-the-coronavirus-end-globalization-as-we-know-it-wi.md
2020-11-23	essay	What Makes Trump’s Subversion Efforts So Alarming? His Collaborators – with Bruce Schneier	The New York Times	https://www.nytimes.com/2020/11/23/opinion/trump-republicans-election-2020.html	live-or-wayback-2026-08-13	0	by/2020--nyt-what-makes-trumps-subversion-efforts-so-alarming.md
2020-03-23	essay	Will Governments Restrict Foreign Access to Pandemic Supplies? – with Abraham Newman	Harvard Business Review	https://hbr.org/2020/03/will-governments-restrict-foreign-access-to-pandemic-supplies	live-short	1612	by/2020--hfn-will-governments-restrict-foreign-access-to-pandemic-su.md
2020-01-24	essay	The Twilight of America’s Financial Empire – with Abraham Newman	Foreign Affairs	https://www.foreignaffairs.com/articles/2020-01-24/twilight-americas-financial-empire	live	15145	by/2020--hfn-the-twilight-of-americas-financial-empire-with-abraham.md
2021-04-04	essay	The New Age of Protectionism – with Abraham Newman	Foreign Affairs	https://www.foreignaffairs.com/articles/europe/2021-04-05/new-age-protectionism	live	16518	by/2021--hfn-the-new-age-of-protectionism-with-abraham-newman.md
2021-01-07	essay	A Cynical Election Ploy Like Hawley and Cruz’s Looks Harmless. Until It Isn’t with Elizabeth Saunders	The Washington Post	https://www.washingtonpost.com/outlook/a-cynical-ploy-like-hawley-and-cruzs-looks-harmless-until-it-isnt/2021/01/07/9ce6d10e-5091-11eb-b96e-0e54447b23a1_story.html	live-or-wayback-2026-08-13	0	by/2021--wapo-a-cynical-ploy-like-hawley-and-cruzs-looks-harmless.md
2021-06-18	essay	Joe Biden’s Foreign Foray is All About Shoring Up Democracy – In the US	The Guardian	https://www.theguardian.com/commentisfree/2021/jun/18/joe-biden-democracy-us-president-visit-europe-domestic-politics	live	6590	by/2021--hfn-joe-bidens-foreign-foray-is-all-about-shoring-up-democr.md
2021-05-20	essay	Grassroots’ Bot Campaigns are Coming. Governments Don’t Have a Plan to Stop Them with Bruce Schneier	The Washington Post	https://www.washingtonpost.com/outlook/2021/05/20/ai-bots-grassroots-astroturf/	live-or-wayback-2026-08-13	0	by/2021--wapo-grassroots-bot-campaigns-are-coming.md
2021-05-24	essay	Rechanneling Beliefs: How Information Flows Help or Hinder Democracy with Bruce Schneier	snfagora.jhu.edu	https://snfagora.jhu.edu/publication/rechanneling-beliefs/	live-or-wayback-2026-08-13	0	by/2021--wb-rechanneling-beliefs-how-information-flows-help-or-hind.md
2022-03-01	essay	The Modern History of Economic Sanctions	Lawfare	https://www.lawfareblog.com/modern-history-economic-sanctions	live-or-wayback-2026-08-13	20080	by/2022--lawfare-the-modern-history-of-economic-sanctions.md
2022-10-13	essay	Tornado Cash Is Not Free Speech. It’s a Golem – with Bruce Schneier	Lawfare	https://www.lawfareblog.com/tornado-cash-not-free-speech-its-golem	live-or-wayback-2026-08-13	0	by/2022--lawfare-tornado-cash-is-not-free-speech-its-a-golem.md
2022-11-15	essay	El Comercio como Arma: Europa entre Estados Unidos y China	El País	https://elpais.com/opinion/2022-11-15/el-comercio-como-arma-europa-entre-estados-unidos-y-china.html	live	7015	by/2022--hfn-el-comercio-como-arma-europa-entre-estados-unidos-y-chi.md
2022-08-31	essay	Spirals of Delusion: How AI Distorts Decision-Making and Makes Dictators More Dangerous – with Abraham Newman and Jeremy Wallace	Foreign Affairs	https://www.foreignaffairs.com/world/spirals-delusion-artificial-intelligence-decision-making	live	32238	by/2022--hfn-spirals-of-delusion-how-ai-distorts-decision-making-and.md
2023-09-02	essay	American Influence: Ireland Must Focus on Economic Security as Arena of Vulnerability	The Irish Times	https://www.irishtimes.com/culture/books/2023/09/02/american-influence-ireland-must-focus-on-economic-security-as-arena-of-vulnerability/	live	11062	by/2023--hfn-american-influence-ireland-must-focus-on-economic-secur.md
2023-09-09	essay	How the U.S. Stumbled Into Using Chips as a Weapon Against China – with Abraham Newman	The Wall Street Journal	https://www.wsj.com/politics/policy/how-the-u-s-stumbled-into-using-chips-as-a-weapon-against-china-ec37e32	live-or-wayback-2026-08-13	0	by/2023--wsj-how-the-us-stumbled-into-using-chips-as-a-weapon-against-china.md
2023-10-11	essay	What If These Economic Weapons Fall into Trump’s Hands? – with Abraham Newman	The New York Times	https://www.nytimes.com/2023/10/11/opinion/biden-trump-economic-weapons.html	live-or-wayback-2026-08-13	0	by/2023--nyt-what-if-these-economic-weapons-fall-into-trumps-hands.md
2023-12-12	essay	AI’s Big Rift is Like a Religious Schism	The Economist	https://www.economist.com/by-invitation/2023/12/12/ais-big-rift-is-like-a-religious-schism-says-henry-farrell	live-or-wayback-2026-08-13	0	by/2023--wb-ais-big-rift-is-like-a-religious-schism.md
2023-09-12	essay	How a Single Hard-Charging CEO Helped the US Dollar Take Over the World – with Abraham Newman	Business Insider	https://www.businessinsider.com/how-us-dollar-became-dominant-citibank-walter-wriston-2023-9	live-short	1400	by/2023--hfn-how-a-single-hard-charging-ceo-helped-the-us-dollar-tak.md
2023-10-19	essay	The New Economic Security State: How De-Risking Will Remake Geopolitics – with Abraham Newman	Foreign Affairs	https://www.foreignaffairs.com/united-states/economic-security-state-farrell-newman	live	36197	by/2023--hfn-the-new-economic-security-state-how-de-risking-will-rem.md
2023-09-20	essay	What Happens When Tech Bros Run National Security? – with Abraham Newman	TIME	https://time.com/6315670/big-tech-national-security/	live	9267	by/2023--hfn-what-happens-when-tech-bros-run-national-security-with.md
2023-04-21	essay	How Artificial Intelligence Can Aid Democracy – with Bruce Schneier and Nathan E. Sanders	Slate	https://slate.com/technology/2023/04/ai-public-option.html	live	10891	by/2023--hfn-how-artificial-intelligence-can-aid-democracy-with-bruc.md
2023-11-24	essay	Binance and the End of Crypto’s Dream to Escape From Government – with Abraham Newman	The Wall Street Journal	https://www.wsj.com/finance/currencies/the-end-of-cryptos-dream-to-escape-from-government-110aeca9	live-or-wayback-2026-08-13	0	by/2023--wsj-binance-and-the-end-of-cryptos-dream-to-escape-from-government.md
2024-08-01	essay	No Exit Opportunities: Business Models and Political Thought in Silicon Valley	American Affairs	https://americanaffairsjournal.org/2024/08/no-exit-opportunities-business-models-and-political-thought-in-silicon-valley/	live	37041	by/2024--hfn-no-exit-opportunities-business-models-and-political-tho.md
2024-03-02	essay	Canada Needs to Start Preparing for Trump – and Getting Other Allies Involved – with Abraham Newman	The Globe and Mail	https://www.theglobeandmail.com/opinion/article-canada-needs-to-start-preparing-for-trump-and-getting-other-allies/	live	5117	by/2024--hfn-canada-needs-to-start-preparing-for-trump-and-getting-o.md
2024-09-04	essay	Large Language Models Will Upend Human Rituals – with Marion Fourcade	The Economist	https://www.economist.com/by-invitation/2024/09/04/large-language-models-will-upend-human-rituals	failed	0	
2024-09-19	essay	America Should Think Twice Before Replacing Sanctions with Tariffs – with Abraham Newman	Financial Times	https://www.ft.com/content/8d84f669-5c8a-4bf6-8e24-5474076f214a	failed	0	
2024-05-22	essay	Consulting Firms Have Stumbled Into a Geopolitical Minefield – with Abraham Newman	Foreign Policy	https://foreignpolicy.com/2024/05/22/consulting-firms-business-data-regulation-china-mckinsey/	live	16693	by/2024--hfn-consulting-firms-have-stumbled-into-a-geopolitical-mine.md
2020-05-01	interview	Interview with Sophie Roell on “The Best Books on the Politics of Information”	The Economist	https://www.economist.com/christmas-specials/2019/12/18/can-technology-plan-economies-and-destroy-democracy	live-short	1371	by/2020--hfn-interview-with-sophie-roell-on-the-best-books-on-the-po.md
2019-10-23	interview	Interview with economist Tyler Cowen on Weaponized Interdependence, Big Tech, and Playing with Ideas	Conversations with Tyler	https://conversationswithtyler.com/episodes/henry-farrell/	live	74605	by/2019--hfn-interview-with-economist-tyler-cowen-on-weaponized-inte.md
2020-04-01	interview	“Panopticons and Chokepoints,” an interview with Richard Byrne	wilsonquarterly.com	https://www.wilsonquarterly.com/quarterly/who-writes-the-rules/panopticons-and-chokepoints	live	21969	by/2020--wilsonquarterly-panopticons-and-chokepoints.md
2023-12-06	public-writing	Review by Paul Krugman, “The American Way of Economic War”	Foreign Affairs	https://www.foreignaffairs.com/regions/united-states	live	6128	by/2023--hfn-review-by-paul-krugman-the-american-way-of-economic-war.md
2025-02-21	essay	Silicon Valley’s Reading List Reveals Its Political Ambitions	paulgraham.com	https://paulgraham.com/cities.html	failed	0	
2025-02-17	essay	This Is How Trump Will Smash the Machine of U.S. Economic Power	The New York Times	https://www.nytimes.com/2025/02/17/opinion/trump-economic-security-crypto.html	live-or-wayback-2026-08-13	0	by/2025--nyt-this-is-how-trump-will-smash-the-machine-of-us-economic-power.md
2025-02-27	interview	The Silicon Valley canon and malformed publics: Podcast with Max Read and John Ganz	Read Max (Substack)	https://maxread.substack.com/p/the-silicon-valley-canon-and-malformed	live	4058	by/2025--hfn-the-silicon-valley-canon-and-malformed-publics-podcast.md
2025-04-02	essay	The Reactionary Right is Not a Monolith	presidency.ucsb.edu	https://www.presidency.ucsb.edu/documents/remarks-the-vice-president-the-american-dynamism-summit	live	24979	by/2025--hfn-the-reactionary-right-is-not-a-monolith.md
2025-01-22	essay	Count the Costs of Cutting Technological Ties with China	acf.sais.jhu.edu	https://acf.sais.jhu.edu/assets/files/SAIS_GCRatH_Farrell.pdf	live-or-wayback-2026-08-13	0	by/2025--sais-count-the-costs-of-cutting-technological-ties-with-china.md
2025-04-03	essay	The Brewing Transatlantic Tech War	Foreign Affairs	https://www.foreignaffairs.com/united-states/brewing-transatlantic-tech-war	live	22406	by/2025--hfn-the-brewing-transatlantic-tech-war.md
2025-05-01	essay	The Abundance Debate We’re Not Having	Combinations Magazine	https://www.combinationsmag.com/the-abundance-debate-were-not-having/	live	16400	by/2025--hfn-the-abundance-debate-were-not-having.md
2025-07-17	essay	The Enshittification of American Power	WIRED	https://www.wired.com/story/tiktok-platforms-cory-doctorow/	live	24657	by/2025--hfn-the-enshittification-of-american-power.md
2025-08-22	essay	The Weaponized World Economy: Cover story for Foreign Affairs	Foreign Affairs	https://www.foreignaffairs.com/united-states/weaponized-world-economy-farrell-newman	live	38177	by/2025--hfn-the-weaponized-world-economy-cover-story-for-foreign-af.md
2025-10-15	essay	How Civil Society Can Beat Trumpism: NYT	The New York Times	https://www.nytimes.com/2025/10/08/opinion/trump-universities-compact-civil-society.html	live-or-wayback-2026-08-13	0	by/2025--nyt-how-civil-society-can-beat-trumpism.md
2026-02-06	interview	The Most Important Foreign Policy Speech in Years	The New York Times	https://www.nytimes.com/2026/01/27/opinion/ezra-klein-podcast-henry-farrell.html	wayback	3403	by/2026--hfn-the-most-important-foreign-policy-speech-in-years.md
2026-08-10	essay	Does Silicon Valley Dream of Philip K. Dick?	Financial Times	https://www.ft.com/content/bdcf7729-3b03-49ec-82fb-b5773fdaa990	failed	0	
2023-06-21	essay	Behold the AI shoggoth – with Cosma Shalizi	The Economist	https://www.economist.com/by-invitation/2023/06/21/artificial-intelligence-is-a-familiar-looking-monster-say-henry-farrell-and-cosma-shalizi	live-short	1819	by/2023--hfn-behold-the-ai-shoggoth-with-cosma-shalizi.md
2015-02-14	essay	Dark Leviathan	Aeon	https://aeon.co/essays/why-the-hidden-internet-can-t-be-a-libertarian-paradise	live	20393	by/2015--hfn-dark-leviathan.md
2018-01-16	essay	Philip K. Dick and the Fake Humans	Boston Review	https://www.bostonreview.net/articles/henry-farrell-philip-k-dick-and-fake-humans/	live	12871	by/2018--hfn-philip-k-dick-and-the-fake-humans.md
2020-01-20	essay	In praise of negativity	Statistical Modeling, Causal Inference, and Social Science	https://statmodeling.stat.columbia.edu/2020/07/22/is-it-better-to-be-more-positive/	failed	0	
2024-02-14	essay	Can Big Tech Serve Democracy? – with Glen Weyl	Boston Review	https://www.bostonreview.net/articles/can-big-tech-serve-democracy/	live	26967	by/2024--hfn-can-big-tech-serve-democracy-with-glen-weyl.md
2013-04-25	essay	There is no alternative	Aeon	https://aeon.co/essays/the-left-is-now-too-weak-for-democracy-to-survive	live	21869	by/2013--hfn-there-is-no-alternative.md
2019-05-14	essay	Democracy’s Dilemma – with Bruce Schneier	Boston Review	https://www.bostonreview.net/forum/forum-henry-farrell-bruce-schneier-democracys-dilemma/	live	30529	by/2019--hfn-democracys-dilemma-with-bruce-schneier.md
2023-04-14	essay	The New Libertarian Elitists – with Hugo Mercier and Melissa Schwartzberg	Democracy: A Journal of Ideas	https://democracyjournal.org/magazine/68/the-new-libertarian-elitists/	live	33812	by/2023--hfn-the-new-libertarian-elitists-with-hugo-mercier-and-meli.md
