openalex_id	year	date	type	title	raw_authors	venue	doi	oa_status	cited_by	landing_url
W4406127278	2025	2025-01-06	article	ElectionRumors2022: A Dataset of Election Rumors on Twitter During the 2022 U.S. Midterms	Joseph Schafer; Kayla Duskin; Stephen Prochaska; Morgan Wack; Anna Beers; Lia Bozarth; Taylor Agajanian; Michael Caulfield; Emma Spiro; Kate Starbird	Journal of Quantitative Description Digital Media	https://doi.org/10.51685/jqd.2025.002	diamond	4	https://doi.org/10.51685/jqd.2025.002
W4388464026	2023	2023-11-07	article	The new Twitter is changing rapidly — study it before it’s too late	Mike Caulfield	Nature	https://doi.org/10.1038/d41586-023-03483-8	closed	5	https://doi.org/10.1038/d41586-023-03483-8
W4391672607	2023	2023-01-01	book	Verified	Mike Caulfield; Sam Wineburg		https://doi.org/10.7208/chicago/9780226829845.001.0001	closed	53	https://doi.org/10.7208/chicago/9780226829845.001.0001
W4413497418	2023	2023-11-16	other	No, you’re not that good at detecting fake videos – 2 misinformation experts explain why and how you can develop the power to resist these deceptions	Sam Wineburg; Michael Caulfield		https://doi.org/10.64628/aai.qffuntngx	closed	0	https://doi.org/10.64628/aai.qffuntngx
W7125480692	2023	2023-01-01	article	The 'new elites' of X: Identifying the most influential accounts engaged in Hamas/Israel discourse	mike caulfield; Bayar, Mert Can; Aske, Ashlyn B.		https://doi.org/10.13140/rg.2.2.12392.74242	gold	0	https://doi.org/10.13140/rg.2.2.12392.74242
W3149133132	2021	2021-03-31	article	Improving college students’ fact-checking strategies through lateral reading instruction in a general education civics course	Jessica E. Brodsky; Patricia J. Brooks; Donna Scimeca; Ralitsa Todorova; Peter Galati; Michael Batson; Robert Grosso; Michael Matthews; Victor Miller; Michael Caulfield	Cognitive Research Principles and Implications	https://doi.org/10.1186/s41235-021-00291-4	gold	92	https://doi.org/10.1186/s41235-021-00291-4
W3195758245	2021	2021-01-01	article	Associations Between Online Instruction in Lateral Reading Strategies and Fact-Checking COVID-19 News Among College Students	Jessica E. Brodsky; Patricia J. Brooks; Donna Scimeca; Peter Galati; Ralitsa Todorova; Michael Caulfield	AERA Open	https://doi.org/10.1177/23328584211038937	gold	42	https://doi.org/10.1177/23328584211038937
W2938423354	2020	2020-01-01	article	Verifying Twitter Identity	Mike Caulfield			closed	0	https://ecampusontario.pressbooks.pub/webliteracycaulfield/chapter/verifying-twitter-identity/
W3089617369	2020	2020-01-01	article	Web Literacy for College Students	Nscc; Mike Caulfield			closed	0	https://pressbooks.nscc.ca/webliteracy/
W3101401890	2020	2020-01-01	article	Four Fact-Checking Strategies	Nscc; Mike Caulfield			closed	0	https://pressbooks.nscc.ca/webliteracy/chapter/four-strategies/
W3103303010	2020	2020-01-01	article	Time-Saving Tips for Fact-Checkers	Nscc; Mike Caulfield			closed	0	https://pressbooks.nscc.ca/webliteracy/chapter/stupid-journal-tricks/
W3106583080	2020	2020-01-01	article	Activity: Trace Viral Photos	Nscc; Mike Caulfield			closed	0	https://pressbooks.nscc.ca/webliteracy/chapter/activity-trace-viral-photos-upstream/
W3110107981	2020	2020-01-01	article	Has it Already Been Fact-Checked?	Nscc; Mike Caulfield			closed	0	https://pressbooks.nscc.ca/webliteracy/chapter/how-to-use-previous-work/
W3110556365	2020	2020-01-01	article	Find the Source	Nscc; Mike Caulfield			closed	0	https://pressbooks.nscc.ca/webliteracy/chapter/go-upstream-to-find-the-source/
W3113931273	2020	2020-01-01	article	When Emotional Content Goes Viral	Nscc; Mike Caulfield			closed	0	https://pressbooks.nscc.ca/webliteracy/chapter/building-a-habit-by-checking-your-emotions/
W3133603173	2020	2020-01-01	article	NEW Web Literacy for College Students 2nd Ed	Nscc; Mike Caulfield			closed	0	https://pressbooks.nscc.ca/webliteracy2nded/
W3144712531	2020	2020-01-01	article	Private: Image Descriptions	Nscc; Mike Caulfield			closed	0	https://pressbooks.nscc.ca/webliteracy2nded/back-matter/references/
W3153688863	2020	2020-01-01	article	Private: Web Literacy for Student Fact Checkers	Nscc; Mike Caulfield			closed	0	https://pressbooks.nscc.ca/webliteracy2nded/front-matter/web-strategies-for-student-fact-checkers/
W3207974006	2019	2019-01-01	article	Research as discovery and fact checking	Mike Caulfield; Kristin Conlin			closed	0	https://ubalt.pressbooks.pub/strategicil/chapter/how-to-think-about-research/
W3211443497	2019	2019-01-01	article	SIFT: Evaluating Information Online	Mike Caulfield; Allison Jennings-Roche			closed	0	https://ubalt.pressbooks.pub/strategicil/chapter/sift-evaluating-information-online/
W2925947084	2017	2017-01-01	article	Go Upstream to Find the Source	Mike Caulfield			closed	0	https://ecampusontario.pressbooks.pub/webliteracycaulfield/chapter/go-upstream-to-find-the-source/
W2927316714	2017	2017-01-01	article	National Newspapers of Record	Mike Caulfield			closed	0	https://ecampusontario.pressbooks.pub/webliteracycaulfield/chapter/national-newspapers-of-record/
W2927450906	2017	2017-01-01	article	Activity: Expert or Crank?	Mike Caulfield			closed	0	https://ecampusontario.pressbooks.pub/webliteracycaulfield/chapter/activity-expert-or-crank/
W2927467162	2017	2017-10-03	article	Web Literacy for Student Fact Checkers	Michael A. Caulfield	Digital Commons (Liberty University)		green	42	https://digitalcommons.liberty.edu/textbooks/5
W2928922891	2017	2017-01-01	article	“How to Use Previous Work” Image Descriptions	Mike Caulfield			closed	0	https://ecampusontario.pressbooks.pub/webliteracycaulfield/chapter/chapter-four-image-descriptions/
W2930048272	2017	2017-01-01	article	Finding Old Newspaper Articles	Mike Caulfield			closed	0	https://ecampusontario.pressbooks.pub/webliteracycaulfield/chapter/finding-old-newspaper-articles/
W2930301835	2017	2017-01-01	article	Activity: Evaluate a Site	Mike Caulfield			closed	0	https://ecampusontario.pressbooks.pub/webliteracycaulfield/chapter/activity-evaluate-a-site/
W2932108266	2017	2017-01-01	article	Finding a Journal’s Impact Factor	Mike Caulfield			closed	0	https://ecampusontario.pressbooks.pub/webliteracycaulfield/chapter/finding-a-journals-impact-factor/
W2932770357	2017	2017-01-01	article	Finding Out Who Owns a Domain	Mike Caulfield			closed	0	https://ecampusontario.pressbooks.pub/webliteracycaulfield/chapter/finding-out-who-owns-a-server/
W2933706146	2017	2017-01-01	article	Finding High Quality Secondary Sources	Mike Caulfield			closed	0	https://ecampusontario.pressbooks.pub/webliteracycaulfield/chapter/finding-high-quality-secondary-sources/
W2934683277	2017	2017-01-01	article	How to Use Previous Work	Mike Caulfield			closed	0	https://ubalt.pressbooks.pub/strategicil/chapter/how-to-use-previous-work/
W2935796131	2017	2017-01-01	article	Finding Out When a Page Was Published Using Google	Mike Caulfield			closed	0	https://ecampusontario.pressbooks.pub/webliteracycaulfield/chapter/finding-out-when-a-page-was-published/
W2936029423	2017	2017-01-01	article	Activity: Verify a Twitter Account	Mike Caulfield			closed	0	https://ecampusontario.pressbooks.pub/webliteracycaulfield/chapter/activity-verify-a-twitter-account/
W2936052629	2017	2017-01-01	article	How to Think about Research	Mike Caulfield			closed	0	https://ecampusontario.pressbooks.pub/webliteracycaulfield/chapter/how-to-think-about-research/
W2936200428	2017	2017-01-01	article	Why This Book	Mike Caulfield			closed	0	https://ecampusontario.pressbooks.pub/webliteracycaulfield/chapter/chapter-1/
W2937428119	2017	2017-01-01	article	Using Google Scholar to Check Author Expertise	Mike Caulfield			closed	0	https://ecampusontario.pressbooks.pub/webliteracycaulfield/chapter/using-google-scholar-to-check-author-expertise/
W2937592304	2017	2017-01-01	article	Using Buzzsumo to Find Highly Viral Stories	Mike Caulfield			closed	0	https://www.publiconsulting.com/wordpress/webliteracy/chapter/using-buzzsumo-to-find-highly-viral-stories/
W2937787356	2017	2017-01-01	article	Avoiding Confirmation Bias in Searches	Mike Caulfield			closed	0	https://ecampusontario.pressbooks.pub/webliteracycaulfield/chapter/avoiding-confirmation-bias-in-searches/
W2937834499	2017	2017-01-01	article	Using the Wayback Machine to Check for Page Changes	Mike Caulfield			closed	0	https://ecampusontario.pressbooks.pub/webliteracycaulfield/chapter/using-the-wayback-machine-to-check-for-page-changes/
W2937942748	2017	2017-01-01	article	Evaluating a Website or Publication’s Authority	Mike Caulfield			closed	2	https://ecampusontario.pressbooks.pub/webliteracycaulfield/chapter/evaluating-a-website-or-publications-reliability/
W2938099166	2017	2017-01-01	article	Fact-checking Sites	Mike Caulfield			closed	0	https://ecampusontario.pressbooks.pub/webliteracycaulfield/chapter/fact-checking-sites/
W2938398433	2017	2017-01-01	article	Tracking the Source of Viral Photos	Mike Caulfield			closed	0	https://ecampusontario.pressbooks.pub/webliteracycaulfield/chapter/tracking-the-source-of-viral-photo/
W2938480506	2017	2017-01-01	article	“Fact-Checking Sites” Image Descriptions	Mike Caulfield			closed	0	https://ecampusontario.pressbooks.pub/webliteracycaulfield/chapter/chapter-five-descriptions/
W2938491881	2017	2017-01-01	article	What Makes a Trustworthy News Source	Mike Caulfield			closed	0	https://ecampusontario.pressbooks.pub/webliteracycaulfield/chapter/what-makes-a-trustworthy-news-source/
W2938710987	2017	2017-01-01	article	Basic Techniques: Domain Searches, WHOIS	Mike Caulfield			closed	0	https://ecampusontario.pressbooks.pub/webliteracycaulfield/chapter/basic-techniques-domain-searches-source-checks-whois/
W2939993546	2017	2017-01-01	article	Activity: Spot Sponsored Content	Mike Caulfield			closed	0	https://ecampusontario.pressbooks.pub/webliteracycaulfield/chapter/activity-spot-sponsored-content/
W2940074320	2017	2017-01-01	article	What “Reading Laterally” Means	Mike Caulfield			closed	1	https://ecampusontario.pressbooks.pub/webliteracycaulfield/chapter/what-reading-laterally-means/
W2940153081	2017	2017-01-01	article	How DigiPo Defines a “Fact”	Mike Caulfield			closed	0	https://ecampusontario.pressbooks.pub/webliteracycaulfield/back-matter/how-digipo-defines-a-fact/
W2940288967	2017	2017-01-01	article	Stupid Journal Tricks	Mike Caulfield			closed	0	https://ecampusontario.pressbooks.pub/webliteracycaulfield/chapter/stupid-journal-tricks/
W2940366244	2017	2017-01-01	article	Building a Fact-Checking Habit by Checking Your Emotions	Mike Caulfield			closed	1	https://ecampusontario.pressbooks.pub/webliteracycaulfield/chapter/building-a-habit-by-checking-your-emotions/
W2940418096	2017	2017-01-01	article	Activity: Trace Viral Photos Upstream	Mike Caulfield			closed	0	https://ecampusontario.pressbooks.pub/webliteracycaulfield/chapter/activity-trace-viral-photos-upstream/
W2940428452	2017	2017-01-01	article	Using Google Books to Track Down Quotes	Mike Caulfield			closed	0	https://ecampusontario.pressbooks.pub/webliteracycaulfield/chapter/using-google-books-to-track-down-quotes/
W2940912228	2017	2017-01-01	article	Activity: Find Top Authorities for a Subject	Mike Caulfield			closed	0	https://ecampusontario.pressbooks.pub/webliteracycaulfield/chapter/activity-find-top-authorities-for-a-subject/
W2941157802	2017	2017-01-01	article	“Go Upstream to Find the Source” Image Descriptions	Mike Caulfield			closed	0	https://ecampusontario.pressbooks.pub/webliteracycaulfield/chapter/go-upstream-to-find-the-source-image-descriptions/
W2941224705	2017	2017-01-01	article	Tracking the Source of Viral Content	Mike Caulfield			closed	0	https://ecampusontario.pressbooks.pub/webliteracycaulfield/chapter/tracking-the-source-of-viral-content/
W2941334017	2017	2017-01-01	article	Filtering by Time and Place to Find the Original	Mike Caulfield			closed	0	https://ecampusontario.pressbooks.pub/webliteracycaulfield/chapter/filtering-by-time-and-place-to-find-the-original/
W2941357928	2017	2017-01-01	article	Using Google Reverse Image Search	Mike Caulfield			closed	0	https://webliteracy.pressbooks.com/chapter/using-google-reverse-image-search/peta/
W2941797065	2017	2017-01-01	article	Identifying Sponsored Content	Mike Caulfield			closed	0	https://ecampusontario.pressbooks.pub/webliteracycaulfield/chapter/identifying-sponsored-content/
W2941971154	2017	2017-01-01	article	Searching TV Transcripts with the Internet Archive	Mike Caulfield			closed	0	https://ecampusontario.pressbooks.pub/webliteracycaulfield/chapter/searching-tv-transcripts-with-the-internet-archive/
W2942352057	2017	2017-01-01	article	Treating Google’s “Snippets” with Suspicion	Mike Caulfield			closed	0	https://ecampusontario.pressbooks.pub/webliteracycaulfield/chapter/treat-google-cards-with-suspicion/
W2942478859	2017	2017-01-01	article	Choosing Your Experts First	Mike Caulfield			closed	0	https://ecampusontario.pressbooks.pub/webliteracycaulfield/chapter/choosing-your-experts-first/
W2943703043	2017	2017-01-01	article	Using the Facebook Live Map to Find Breaking Coverage	Mike Caulfield			closed	0	https://ecampusontario.pressbooks.pub/webliteracycaulfield/chapter/using-the-facebook-live-map-to-find-breaking-coverage/
W7162058487			other	Masterclass Workshop: From Search to AI Mode	CAULFIELD, Mike	Singapore Management University Institutional Knowledge (InK) (Singapore Management University)		closed	0	https://ink.library.smu.edu.sg/gmil2025/program/agenda/2
